<?xml version="1.0" encoding="utf-8"?>
<COLLADA xmlns="http://www.collada.org/2005/11/COLLADASchema" version="1.4.1" xmlns:xsi="http://www.w3.org/2001/XMLSchema-instance">
  <asset>
    <contributor>
      <author>Dell</author>
      <authoring_tool>OpenCOLLADA for 3ds Max;  Version: 1.6;  Revision: 68</authoring_tool>
      <source_data>file:///C:/Users/Dell/Documents/3dsMax/scenes/Iona%20Shelving%20Unit/Iona%20Shelving%20Unit.max</source_data>
    </contributor>
    <created>2019-01-08T14:00:23</created>
    <modified>2019-01-08T14:00:23</modified>
    <unit name="centimeter" meter="0.01"/>
    <up_axis>Z_UP</up_axis>
  </asset>
  <library_effects>
    <effect id="GREY">
      <profile_COMMON>
        <technique sid="common">
          <blinn>
            <emission>
              <color>0 0 0 1</color>
            </emission>
            <ambient>
              <color>0.09019608 0.09411766 0.1294118 1</color>
            </ambient>
            <diffuse>
              <color>0.09019608 0.09411766 0.1294118 1</color>
            </diffuse>
            <specular>
              <color>0.621 0.621 0.621 1</color>
            </specular>
            <shininess>
              <float>10</float>
            </shininess>
            <reflective>
              <color>0 0 0 1</color>
            </reflective>
            <transparent opaque="A_ONE">
              <color>1 1 1 1</color>
            </transparent>
            <transparency>
              <float>1</float>
            </transparency>
          </blinn>
        </technique>
      </profile_COMMON>
      <extra>
        <technique profile="OpenCOLLADA3dsMax">
          <extended_shader>
            <opacity_type sid="opacity_type" type="int">0</opacity_type>
            <falloff_type sid="falloff_type" type="int">0</falloff_type>
            <falloff sid="falloff" type="float">0</falloff>
            <index_of_refraction sid="index_of_refraction" type="float">1.5</index_of_refraction>
            <wire_size sid="wire_size" type="float">1</wire_size>
            <wire_units sid="wire_units" type="int">0</wire_units>
            <apply_reflection_dimming sid="apply_reflection_dimming" type="bool">0</apply_reflection_dimming>
            <dim_level sid="dim_level" type="float">0</dim_level>
            <reflection_level sid="reflection_level" type="float">3</reflection_level>
          </extended_shader>
          <shader>
            <ambient_diffuse_texture_lock sid="ambient_diffuse_texture_lock" type="bool">1</ambient_diffuse_texture_lock>
            <ambient_diffuse_lock sid="ambient_diffuse_lock" type="bool">1</ambient_diffuse_lock>
            <diffuse_specular_lock sid="diffuse_specular_lock" type="bool">0</diffuse_specular_lock>
            <use_self_illum_color sid="use_self_illum_color" type="bool">0</use_self_illum_color>
            <self_illumination sid="self_illumination" type="float">0</self_illumination>
            <specular_level sid="specular_level" type="float">0.69</specular_level>
            <soften sid="soften" type="float">0.1</soften>
          </shader>
        </technique>
      </extra>
    </effect>
    <effect id="PINE">
      <profile_COMMON>
        <newparam sid="Iona_Shelving_Unit_Pine_diffuse_jpg-surface">
          <surface type="2D">
            <init_from>Iona_Shelving_Unit_Pine_diffuse_jpg</init_from>
          </surface>
        </newparam>
        <newparam sid="Iona_Shelving_Unit_Pine_diffuse_jpg-sampler">
          <sampler2D>
            <source>Iona_Shelving_Unit_Pine_diffuse_jpg-surface</source>
          </sampler2D>
        </newparam>
        <newparam sid="Iona_Shelving_Unit_Pine_bump_jpg-surface">
          <surface type="2D">
            <init_from>Iona_Shelving_Unit_Pine_bump_jpg</init_from>
          </surface>
        </newparam>
        <newparam sid="Iona_Shelving_Unit_Pine_bump_jpg-sampler">
          <sampler2D>
            <source>Iona_Shelving_Unit_Pine_bump_jpg-surface</source>
          </sampler2D>
        </newparam>
        <technique sid="common">
          <blinn>
            <emission>
              <color>0 0 0 1</color>
            </emission>
            <ambient>
              <color>0.588 0.588 0.588 1</color>
            </ambient>
            <diffuse>
              <texture texture="Iona_Shelving_Unit_Pine_diffuse_jpg-sampler" texcoord="CHANNEL1"/>
            </diffuse>
            <specular>
              <color>0.171 0.171 0.171 1</color>
            </specular>
            <shininess>
              <float>10</float>
            </shininess>
            <reflective>
              <color>0 0 0 1</color>
            </reflective>
            <transparent opaque="A_ONE">
              <color>1 1 1 1</color>
            </transparent>
            <transparency>
              <float>1</float>
            </transparency>
          </blinn>
          <extra>
            <technique profile="OpenCOLLADA3dsMax">
              <bump bumptype="HEIGHTFIELD">
                <texture texture="Iona_Shelving_Unit_Pine_bump_jpg-sampler" texcoord="CHANNEL1"/>
              </bump>
            </technique>
          </extra>
        </technique>
      </profile_COMMON>
      <extra>
        <technique profile="OpenCOLLADA3dsMax">
          <extended_shader>
            <opacity_type sid="opacity_type" type="int">0</opacity_type>
            <falloff_type sid="falloff_type" type="int">0</falloff_type>
            <falloff sid="falloff" type="float">0</falloff>
            <index_of_refraction sid="index_of_refraction" type="float">1.5</index_of_refraction>
            <wire_size sid="wire_size" type="float">1</wire_size>
            <wire_units sid="wire_units" type="int">0</wire_units>
            <apply_reflection_dimming sid="apply_reflection_dimming" type="bool">0</apply_reflection_dimming>
            <dim_level sid="dim_level" type="float">0</dim_level>
            <reflection_level sid="reflection_level" type="float">3</reflection_level>
          </extended_shader>
          <shader>
            <ambient_diffuse_texture_lock sid="ambient_diffuse_texture_lock" type="bool">1</ambient_diffuse_texture_lock>
            <ambient_diffuse_lock sid="ambient_diffuse_lock" type="bool">1</ambient_diffuse_lock>
            <diffuse_specular_lock sid="diffuse_specular_lock" type="bool">0</diffuse_specular_lock>
            <use_self_illum_color sid="use_self_illum_color" type="bool">0</use_self_illum_color>
            <self_illumination sid="self_illumination" type="float">0</self_illumination>
            <specular_level sid="specular_level" type="float">0.1899999</specular_level>
            <soften sid="soften" type="float">0.1</soften>
          </shader>
        </technique>
      </extra>
    </effect>
    <effect id="PLASTIC">
      <profile_COMMON>
        <technique sid="common">
          <blinn>
            <emission>
              <color>0 0 0 1</color>
            </emission>
            <ambient>
              <color>0.007843138 0.007843138 0.007843138 1</color>
            </ambient>
            <diffuse>
              <color>0.007843138 0.007843138 0.007843138 1</color>
            </diffuse>
            <specular>
              <color>0.405 0.405 0.405 1</color>
            </specular>
            <shininess>
              <float>10</float>
            </shininess>
            <reflective>
              <color>0 0 0 1</color>
            </reflective>
            <transparent opaque="A_ONE">
              <color>1 1 1 1</color>
            </transparent>
            <transparency>
              <float>1</float>
            </transparency>
          </blinn>
        </technique>
      </profile_COMMON>
      <extra>
        <technique profile="OpenCOLLADA3dsMax">
          <extended_shader>
            <opacity_type sid="opacity_type" type="int">0</opacity_type>
            <falloff_type sid="falloff_type" type="int">0</falloff_type>
            <falloff sid="falloff" type="float">0</falloff>
            <index_of_refraction sid="index_of_refraction" type="float">1.5</index_of_refraction>
            <wire_size sid="wire_size" type="float">1</wire_size>
            <wire_units sid="wire_units" type="int">0</wire_units>
            <apply_reflection_dimming sid="apply_reflection_dimming" type="bool">0</apply_reflection_dimming>
            <dim_level sid="dim_level" type="float">0</dim_level>
            <reflection_level sid="reflection_level" type="float">3</reflection_level>
          </extended_shader>
          <shader>
            <ambient_diffuse_texture_lock sid="ambient_diffuse_texture_lock" type="bool">1</ambient_diffuse_texture_lock>
            <ambient_diffuse_lock sid="ambient_diffuse_lock" type="bool">1</ambient_diffuse_lock>
            <diffuse_specular_lock sid="diffuse_specular_lock" type="bool">0</diffuse_specular_lock>
            <use_self_illum_color sid="use_self_illum_color" type="bool">0</use_self_illum_color>
            <self_illumination sid="self_illumination" type="float">0</self_illumination>
            <specular_level sid="specular_level" type="float">0.45</specular_level>
            <soften sid="soften" type="float">0.1</soften>
          </shader>
        </technique>
      </extra>
    </effect>
    <effect id="FLOOR">
      <profile_COMMON>
        <technique sid="common">
          <blinn>
            <emission>
              <color>0 0 0 1</color>
            </emission>
            <ambient>
              <color>0.588 0.588 0.588 1</color>
            </ambient>
            <diffuse>
              <color>0.588 0.588 0.588 1</color>
            </diffuse>
            <specular>
              <color>0 0 0 1</color>
            </specular>
            <shininess>
              <float>10</float>
            </shininess>
            <reflective>
              <color>0 0 0 1</color>
            </reflective>
            <transparent opaque="A_ONE">
              <color>1 1 1 1</color>
            </transparent>
            <transparency>
              <float>1</float>
            </transparency>
          </blinn>
        </technique>
      </profile_COMMON>
      <extra>
        <technique profile="OpenCOLLADA3dsMax">
          <extended_shader>
            <opacity_type sid="opacity_type" type="int">0</opacity_type>
            <falloff_type sid="falloff_type" type="int">0</falloff_type>
            <falloff sid="falloff" type="float">0</falloff>
            <index_of_refraction sid="index_of_refraction" type="float">1.5</index_of_refraction>
            <wire_size sid="wire_size" type="float">1</wire_size>
            <wire_units sid="wire_units" type="int">0</wire_units>
            <apply_reflection_dimming sid="apply_reflection_dimming" type="bool">0</apply_reflection_dimming>
            <dim_level sid="dim_level" type="float">0</dim_level>
            <reflection_level sid="reflection_level" type="float">3</reflection_level>
          </extended_shader>
          <shader>
            <ambient_diffuse_texture_lock sid="ambient_diffuse_texture_lock" type="bool">1</ambient_diffuse_texture_lock>
            <ambient_diffuse_lock sid="ambient_diffuse_lock" type="bool">1</ambient_diffuse_lock>
            <diffuse_specular_lock sid="diffuse_specular_lock" type="bool">0</diffuse_specular_lock>
            <use_self_illum_color sid="use_self_illum_color" type="bool">0</use_self_illum_color>
            <self_illumination sid="self_illumination" type="float">0</self_illumination>
            <specular_level sid="specular_level" type="float">0</specular_level>
            <soften sid="soften" type="float">0.1</soften>
          </shader>
        </technique>
      </extra>
    </effect>
  </library_effects>
  <library_materials>
    <material id="GREY-material" name="GREY">
      <instance_effect url="#GREY"/>
    </material>
    <material id="PINE-material" name="PINE">
      <instance_effect url="#PINE"/>
    </material>
    <material id="PLASTIC-material" name="PLASTIC">
      <instance_effect url="#PLASTIC"/>
    </material>
    <material id="FLOOR-material" name="FLOOR">
      <instance_effect url="#FLOOR"/>
    </material>
  </library_materials>
  <library_geometries>
    <geometry id="geom-Iona_Shelving_Unit" name="Iona_Shelving_Unit">
      <mesh>
        <source id="geom-Iona_Shelving_Unit-positions">
          <float_array id="geom-Iona_Shelving_Unit-positions-array" count="4692">38 -21.51003 1.472521 37.54 22 1.472517 38 21.6977 183.8393 38 17.56274 179.0972 37.54 17.72041 1.012517 37.54 -2.364088 183.7287 38 -16.8898 1.47252 38 2.356746 179.0896 34.23 -21.56217 1.012521 34.23 22 1.472517 34.23 21.54008 184.1781 34.23 17.26042 178.2905 34.23 17.72041 1.012517 34.23 -2.364088 183.7287 34.23 -16.42742 1.469875 34.23 3.127574 178.7505 37.54 9.963998 178.7505 38 9.853255 183.5155 33.77 9.95331 179.2103 34.23 9.842567 183.9754 37.54 -21.56217 1.012521 37.54 -21.97297 1.469881 37.54 21.54 1.012517 38 21.54 1.472517 37.54 21.54008 184.1781 37.54 22.00002 183.726 37.54 17.26042 178.2905 37.54 16.80042 178.7505 37.54 17.26041 1.472517 38 17.72041 1.472517 37.54 -1.854951 184.1781 38 -2.004054 183.8469 37.54 -16.42742 1.469875 37.54 -16.93668 1.01252 37.54 3.127574 178.7505 37.54 2.618312 178.2931 33.77 -21.51003 1.472521 34.23 -21.97297 1.469881 33.77 21.54 1.472517 34.23 21.54 1.012517 33.77 21.6977 183.8393 34.23 22.00002 183.726 33.77 17.56274 179.0972 34.23 16.80042 178.7505 33.77 17.72041 1.472517 34.23 17.26041 1.472517 33.77 -2.004054 183.8469 34.23 -1.854951 184.1781 33.77 -16.8898 1.47252 34.23 -16.93668 1.01252 33.77 2.356746 179.0896 34.23 2.618312 178.2931 38 9.95331 179.2103 37.54 9.842567 183.9754 34.23 9.963998 178.7505 33.77 9.853255 183.5155 -34.85756 19.69044 0.1999983 -35.11461 20.01397 -1.74968e-6 -35.27887 20.29848 -1.77455e-6 -35.53053 20.50965 -1.79301e-6 -35.83924 20.62201 -1.80283e-6 -36.16776 20.62201 -1.80283e-6 -36.47647 20.50965 -1.79301e-6 -36.72813 20.29848 -1.77455e-6 -36.89239 20.01397 -1.74968e-6 -36.94944 19.69044 -1.72139e-6 -36.89239 19.36691 -1.69311e-6 -36.72813 19.0824 -1.66824e-6 -36.47647 18.87123 -1.64978e-6 -36.16776 18.75887 -1.63995e-6 -35.83924 18.75887 -1.63995e-6 -35.53053 18.87123 -1.64978e-6 -35.27887 19.0824 -1.66824e-6 -34.92667 19.2985 0.1999984 -34.85756 19.69044 1.608085 -34.92667 20.08237 1.608085 -35.12566 20.42703 1.608085 -35.43053 20.68285 1.608085 -35.80451 20.81897 1.608085 -36.20249 20.81897 1.608085 -36.57647 20.68285 1.608085 -36.88134 20.42703 1.608085 -37.08033 20.08237 1.608085 -37.14944 19.69044 1.608085 -37.08033 19.29851 1.608085 -36.88134 18.95384 1.608085 -36.57647 18.69803 1.608085 -36.20249 18.56191 1.608085 -35.80451 18.56191 1.608085 -35.43053 18.69803 1.608085 -35.12566 18.95384 1.608085 -34.92667 19.2985 1.608085 -36.0035 19.69044 -1.72139e-6 -35.05756 19.69044 -1.72139e-6 -34.92667 20.08237 0.1999983 -35.12566 20.42703 0.1999983 -35.43053 20.68285 0.1999982 -35.80451 20.81897 0.1999982 -36.20249 20.81897 0.1999982 -36.57647 20.68285 0.1999982 -36.88134 20.42703 0.1999983 -37.08033 20.08237 0.1999983 -37.14944 19.69044 0.1999983 -37.08033 19.29851 0.1999984 -36.88134 18.95384 0.1999984 -36.57647 18.69803 0.1999984 -36.20249 18.56191 0.1999984 -35.80451 18.56191 0.1999984 -35.43053 18.69803 0.1999984 -35.12566 18.95384 0.1999984 -35.11461 19.36691 -1.69311e-6 34.85756 19.69044 0.1999983 35.11461 20.01397 -1.74968e-6 35.27887 20.29848 -1.77455e-6 35.53053 20.50965 -1.79301e-6 35.83924 20.62201 -1.80283e-6 36.16776 20.62201 -1.80283e-6 36.47647 20.50965 -1.79301e-6 36.72813 20.29848 -1.77455e-6 36.89239 20.01397 -1.74968e-6 36.94944 19.69044 -1.72139e-6 36.89239 19.36691 -1.69311e-6 36.72813 19.0824 -1.66824e-6 36.47647 18.87123 -1.64978e-6 36.16776 18.75887 -1.63995e-6 35.83924 18.75887 -1.63995e-6 35.53053 18.87123 -1.64978e-6 35.27887 19.0824 -1.66824e-6 34.92667 19.2985 0.1999984 34.85756 19.69044 1.608085 34.92667 20.08237 1.608085 35.12566 20.42703 1.608085 35.43053 20.68285 1.608085 35.80451 20.81897 1.608085 36.20249 20.81897 1.608085 36.57647 20.68285 1.608085 36.88134 20.42703 1.608085 37.08033 20.08237 1.608085 37.14944 19.69044 1.608085 37.08033 19.29851 1.608085 36.88134 18.95384 1.608085 36.57647 18.69803 1.608085 36.20249 18.56191 1.608085 35.80451 18.56191 1.608085 35.43053 18.69803 1.608085 35.12566 18.95384 1.608085 34.92667 19.2985 1.608085 36.0035 19.69044 -1.72139e-6 35.05756 19.69044 -1.72139e-6 34.92667 20.08237 0.1999983 35.12566 20.42703 0.1999983 35.43053 20.68285 0.1999982 35.80451 20.81897 0.1999982 36.20249 20.81897 0.1999982 36.57647 20.68285 0.1999982 36.88134 20.42703 0.1999983 37.08033 20.08237 0.1999983 37.14944 19.69044 0.1999983 37.08033 19.29851 0.1999984 36.88134 18.95384 0.1999984 36.57647 18.69803 0.1999984 36.20249 18.56191 0.1999984 35.80451 18.56191 0.1999984 35.43053 18.69803 0.1999984 35.12566 18.95384 0.1999984 35.11461 19.36691 -1.69311e-6 34.85756 -19.37829 0.2000017 35.11461 -19.05476 1.66582e-6 35.27887 -18.77025 1.64095e-6 35.53053 -18.55908 1.62249e-6 35.83924 -18.44672 1.61266e-6 36.16776 -18.44672 1.61266e-6 36.47647 -18.55908 1.62249e-6 36.72813 -18.77025 1.64095e-6 36.89239 -19.05476 1.66582e-6 36.94944 -19.37829 1.6941e-6 36.89239 -19.70182 1.72239e-6 36.72813 -19.98633 1.74726e-6 36.47647 -20.1975 1.76572e-6 36.16776 -20.30986 1.77554e-6 35.83924 -20.30986 1.77554e-6 35.53053 -20.1975 1.76572e-6 35.27887 -19.98633 1.74726e-6 34.92667 -19.77023 0.2000018 34.85756 -19.37829 1.608088 34.92667 -18.98636 1.608088 35.12566 -18.6417 1.608088 35.43053 -18.38588 1.608088 35.80451 -18.24976 1.608088 36.20249 -18.24976 1.608088 36.57647 -18.38588 1.608088 36.88134 -18.6417 1.608088 37.08033 -18.98636 1.608088 37.14944 -19.37829 1.608088 37.08033 -19.77022 1.608088 36.88134 -20.11489 1.608088 36.57647 -20.3707 1.608088 36.20249 -20.50682 1.608088 35.80451 -20.50682 1.608088 35.43053 -20.3707 1.608088 35.12566 -20.11489 1.608088 34.92667 -19.77023 1.608088 36.0035 -19.37829 1.6941e-6 35.05756 -19.37829 1.6941e-6 34.92667 -18.98636 0.2000017 35.12566 -18.6417 0.2000017 35.43053 -18.38588 0.2000017 35.80451 -18.24976 0.2000016 36.20249 -18.24976 0.2000016 36.57647 -18.38588 0.2000017 36.88134 -18.6417 0.2000017 37.08033 -18.98636 0.2000017 37.14944 -19.37829 0.2000017 37.08033 -19.77022 0.2000018 36.88134 -20.11489 0.2000018 36.57647 -20.3707 0.2000018 36.20249 -20.50682 0.2000018 35.80451 -20.50682 0.2000018 35.43053 -20.3707 0.2000018 35.12566 -20.11489 0.2000018 35.11461 -19.70182 1.72239e-6 -34.85756 -19.37829 0.2000017 -35.11461 -19.05476 1.66582e-6 -35.27887 -18.77025 1.64095e-6 -35.53053 -18.55908 1.62249e-6 -35.83924 -18.44672 1.61266e-6 -36.16776 -18.44672 1.61266e-6 -36.47647 -18.55908 1.62249e-6 -36.72813 -18.77025 1.64095e-6 -36.89239 -19.05476 1.66582e-6 -36.94944 -19.37829 1.6941e-6 -36.89239 -19.70182 1.72239e-6 -36.72813 -19.98633 1.74726e-6 -36.47647 -20.1975 1.76572e-6 -36.16776 -20.30986 1.77554e-6 -35.83924 -20.30986 1.77554e-6 -35.53053 -20.1975 1.76572e-6 -35.27887 -19.98633 1.74726e-6 -34.92667 -19.77023 0.2000018 -34.85756 -19.37829 1.608088 -34.92667 -18.98636 1.608088 -35.12566 -18.6417 1.608088 -35.43053 -18.38588 1.608088 -35.80451 -18.24976 1.608088 -36.20249 -18.24976 1.608088 -36.57647 -18.38588 1.608088 -36.88134 -18.6417 1.608088 -37.08033 -18.98636 1.608088 -37.14944 -19.37829 1.608088 -37.08033 -19.77022 1.608088 -36.88134 -20.11489 1.608088 -36.57647 -20.3707 1.608088 -36.20249 -20.50682 1.608088 -35.80451 -20.50682 1.608088 -35.43053 -20.3707 1.608088 -35.12566 -20.11489 1.608088 -34.92667 -19.77023 1.608088 -36.0035 -19.37829 1.6941e-6 -35.05756 -19.37829 1.6941e-6 -34.92667 -18.98636 0.2000017 -35.12566 -18.6417 0.2000017 -35.43053 -18.38588 0.2000017 -35.80451 -18.24976 0.2000016 -36.20249 -18.24976 0.2000016 -36.57647 -18.38588 0.2000017 -36.88134 -18.6417 0.2000017 -37.08033 -18.98636 0.2000017 -37.14944 -19.37829 0.2000017 -37.08033 -19.77022 0.2000018 -36.88134 -20.11489 0.2000018 -36.57647 -20.3707 0.2000018 -36.20249 -20.50682 0.2000018 -35.80451 -20.50682 0.2000018 -35.43053 -20.3707 0.2000018 -35.12566 -20.11489 0.2000018 -35.11461 -19.70182 1.72239e-6 -38 -21.51003 1.472521 -37.54 22 1.472517 -38 21.6977 183.8393 -38 17.56274 179.0972 -37.54 17.72041 1.012517 -37.54 -2.364088 183.7287 -38 -16.8898 1.47252 -38 2.356746 179.0896 -34.23 -21.56217 1.012521 -34.23 22 1.472517 -34.23 21.54002 184.186 -34.23 17.26042 178.2905 -34.23 17.72041 1.012517 -34.23 -2.364088 183.7287 -34.23 -16.42742 1.469875 -34.23 3.127574 178.7505 -37.54 12.39614 178.7505 -38 7.388812 179.1877 -37.54 5.790084 184.0739 -38 13.77276 183.7426 -34.23 7.531857 178.7505 -33.77 12.51842 179.1939 -34.23 13.89505 184.186 -33.77 5.933131 183.6367 -37.54 -21.56217 1.012521 -37.54 -21.97297 1.469881 -37.54 21.54 1.012517 -38 21.54 1.472517 -37.54 21.54002 184.186 -37.54 22.00002 183.726 -37.54 17.26042 178.2905 -37.54 16.80042 178.7505 -37.54 17.26041 1.472517 -38 17.72041 1.472517 -37.54 -1.854926 184.1797 -38 -2.004054 183.8469 -37.54 -16.42742 1.469875 -37.54 -16.93668 1.01252 -37.54 3.127574 178.7505 -37.54 2.618312 178.2931 -33.77 -21.51003 1.472521 -34.23 -21.97297 1.469881 -33.77 21.54 1.472517 -34.23 21.54 1.012517 -33.77 21.6977 183.8393 -34.23 22.00002 183.726 -33.77 17.56274 179.0972 -34.23 16.80042 178.7505 -33.77 17.72041 1.472517 -34.23 17.26041 1.472517 -33.77 -2.004054 183.8469 -34.23 -1.854926 184.1797 -33.77 -16.8898 1.47252 -34.23 -16.93668 1.01252 -33.77 2.356746 179.0896 -34.23 2.618312 178.2931 -38 12.51842 179.1939 -37.54 7.531857 178.7505 -38 5.933129 183.6367 -37.54 13.89505 184.186 -33.77 7.388812 179.1877 -34.23 12.39614 178.7505 -33.77 13.77277 183.7426 -34.23 5.790086 184.0739 33.81179 17.11041 16.14355 33.66179 -22.17965 16.27929 33.81179 17.11041 13.94312 33.81179 17.11041 55.12299 33.66179 -17.98116 55.25872 33.81179 17.11041 52.92256 33.81179 17.11041 93.34712 33.66179 -13.86401 93.48288 33.81179 17.11041 91.14671 33.81179 17.11042 131.0821 33.66179 -9.799556 131.2178 33.81179 17.11042 128.8817 33.81179 17.11042 169.5472 33.66179 -5.656457 169.683 33.81179 17.11042 167.3468 33.66179 -22.32965 13.94312 33.66179 -18.13116 52.92255 33.66179 -14.01401 91.1467 33.66178 -9.949555 128.8817 33.66179 -5.806457 167.3468 -33.64384 17.11041 16.29355 -33.79384 -22.17965 16.12929 -33.64384 17.26041 13.94312 -33.64384 17.11041 55.27299 -33.79384 -17.98116 55.10872 -33.64384 17.26041 52.92256 -33.64384 17.11041 93.49712 -33.79384 -13.86401 93.33288 -33.64384 17.26041 91.14671 -33.64384 17.11042 131.2321 -33.79384 -9.799556 131.0679 -33.64384 17.26042 128.8817 -33.64384 17.11042 169.6972 -33.79384 -5.656457 169.533 -33.64384 17.26042 167.3468 -33.79384 -22.17965 13.94312 -33.79384 -17.98116 52.92255 -33.79384 -13.86401 91.1467 -33.79384 -9.799556 128.8817 -33.79384 -5.656457 167.3468 28.81306 -22.17965 16.27929 -28.7951 -22.32965 16.12924 -28.79511 -22.17965 13.79312 28.81305 -22.32965 13.94312 -28.79511 17.26041 13.94312 28.81305 17.11041 13.79312 -28.79511 17.11041 16.29355 28.81305 17.26041 16.14361 28.81306 -17.98116 55.25872 -28.7951 -18.13116 55.10866 -28.79511 -17.98116 52.77255 28.81305 -18.13116 52.92255 -28.79511 17.26041 52.92256 28.81305 17.11041 52.77256 -28.79511 17.11041 55.27299 28.81305 17.26041 55.12305 28.81306 -13.86401 93.48288 -28.7951 -14.01401 93.33281 -28.79511 -13.86401 90.9967 28.81305 -14.01401 91.1467 -28.79511 17.26041 91.14671 28.81305 17.11041 90.9967 -28.79511 17.11041 93.49712 28.81305 17.26041 93.34719 28.81306 -9.799556 131.2178 -28.7951 -9.949555 131.0678 -28.79511 -9.799556 128.7317 28.81305 -9.949555 128.8817 -28.79511 17.26042 128.8817 28.81305 17.11042 128.7317 -28.79511 17.11042 131.2321 28.81305 17.26042 131.0822 28.81306 -5.656457 169.683 -28.7951 -5.806457 169.5329 -28.79511 -5.656457 167.1968 28.81305 -5.806457 167.3468 -28.79511 17.26042 167.3468 28.81305 17.11042 167.1968 -28.79511 17.11042 169.6972 28.81305 17.26042 169.5473 33.66179 17.26041 16.14361 33.66179 17.11041 16.29355 33.66179 -22.32965 16.12924 33.81179 -22.17965 16.12929 33.66179 17.11041 13.79312 33.66179 17.26041 13.94312 33.66179 17.26041 55.12305 33.66179 17.11041 55.27299 33.66179 -18.13116 55.10866 33.81179 -17.98116 55.10872 33.66179 17.11041 52.77256 33.66179 17.26041 52.92256 33.66179 17.26041 93.34719 33.66179 17.11041 93.49712 33.66179 -14.01401 93.33281 33.81179 -13.86401 93.33288 33.66179 17.11041 90.9967 33.66179 17.26041 91.14671 33.66179 17.26042 131.0822 33.66179 17.11042 131.2321 33.66179 -9.949555 131.0678 33.81179 -9.799556 131.0679 33.66179 17.11042 128.7317 33.66179 17.26042 128.8817 33.66179 17.26042 169.5473 33.66179 17.11042 169.6972 33.66179 -5.806457 169.5329 33.81179 -5.656457 169.533 33.66179 17.11042 167.1968 33.66179 17.26042 167.3468 33.66179 -22.17965 13.79312 33.81179 -22.17965 13.94312 33.66179 -17.98116 52.77255 33.81179 -17.98116 52.92255 33.66179 -13.86401 90.9967 33.81179 -13.86401 91.1467 33.66178 -9.799556 128.7317 33.81178 -9.799556 128.8817 33.66179 -5.656457 167.1968 33.81179 -5.656457 167.3468 -33.64384 17.26041 16.14361 -33.79384 17.11041 16.14355 -33.64384 -22.32965 16.12924 -33.64384 -22.17965 16.27929 -33.64384 17.11041 13.79312 -33.79384 17.11041 13.94312 -33.64384 17.26041 55.12305 -33.79384 17.11041 55.12299 -33.64384 -18.13116 55.10866 -33.64384 -17.98116 55.25872 -33.64384 17.11041 52.77256 -33.79384 17.11041 52.92256 -33.64384 17.26041 93.34719 -33.79384 17.11041 93.34712 -33.64384 -14.01401 93.33281 -33.64384 -13.86401 93.48288 -33.64384 17.11041 90.9967 -33.79384 17.11041 91.14671 -33.64384 17.26042 131.0822 -33.79384 17.11042 131.0821 -33.64384 -9.949555 131.0678 -33.64384 -9.799556 131.2178 -33.64384 17.11042 128.7317 -33.79384 17.11042 128.8817 -33.64384 17.26042 169.5473 -33.79384 17.11042 169.5472 -33.64384 -5.806457 169.5329 -33.64384 -5.656457 169.683 -33.64384 17.11042 167.1968 -33.79384 17.11042 167.3468 -33.64384 -22.17965 13.79312 -33.64384 -22.32965 13.94312 -33.64384 -17.98116 52.77255 -33.64384 -18.13116 52.92255 -33.64384 -13.86401 90.9967 -33.64384 -14.01401 91.1467 -33.64384 -9.799556 128.7317 -33.64384 -9.949555 128.8817 -33.64384 -5.656457 167.1968 -33.64384 -5.806457 167.3468 28.66306 -22.17965 16.12929 28.81306 -22.32965 16.12924 -28.6451 -22.17965 16.12929 -28.7951 -22.17965 16.27929 -28.64511 -22.17965 13.94312 -28.79511 -22.32965 13.94312 28.66305 -22.17965 13.94312 28.81305 -22.17965 13.79312 -28.64511 17.11041 13.94312 -28.79511 17.11041 13.79312 28.66305 17.11041 13.94312 28.81305 17.26041 13.94312 -28.64511 17.11041 16.14355 -28.79511 17.26041 16.14361 28.66305 17.11041 16.14355 28.81305 17.11041 16.29355 28.66306 -17.98116 55.10872 28.81306 -18.13116 55.10866 -28.6451 -17.98116 55.10872 -28.7951 -17.98116 55.25872 -28.64511 -17.98116 52.92255 -28.79511 -18.13116 52.92255 28.66305 -17.98116 52.92255 28.81305 -17.98116 52.77255 -28.64511 17.11041 52.92256 -28.79511 17.11041 52.77256 28.66305 17.11041 52.92256 28.81305 17.26041 52.92256 -28.64511 17.11041 55.12299 -28.79511 17.26041 55.12305 28.66305 17.11041 55.12299 28.81305 17.11041 55.27299 28.66306 -13.86401 93.33288 28.81306 -14.01401 93.33281 -28.6451 -13.86401 93.33288 -28.7951 -13.86401 93.48288 -28.64511 -13.86401 91.1467 -28.79511 -14.01401 91.1467 28.66305 -13.86401 91.1467 28.81305 -13.86401 90.9967 -28.64511 17.11041 91.14671 -28.79511 17.11041 90.9967 28.66305 17.11041 91.14671 28.81305 17.26041 91.14671 -28.64511 17.11041 93.34712 -28.79511 17.26041 93.34719 28.66305 17.11041 93.34712 28.81305 17.11041 93.49712 28.66306 -9.799556 131.0679 28.81306 -9.949555 131.0678 -28.6451 -9.799556 131.0679 -28.7951 -9.799556 131.2178 -28.64511 -9.799556 128.8817 -28.79511 -9.949555 128.8817 28.66305 -9.799556 128.8817 28.81305 -9.799556 128.7317 -28.64511 17.11042 128.8817 -28.79511 17.11042 128.7317 28.66305 17.11042 128.8817 28.81305 17.26042 128.8817 -28.64511 17.11042 131.0821 -28.79511 17.26042 131.0822 28.66305 17.11042 131.0821 28.81305 17.11042 131.2321 28.66306 -5.656457 169.533 28.81306 -5.806457 169.5329 -28.6451 -5.656457 169.533 -28.7951 -5.656457 169.683 -28.64511 -5.656457 167.3468 -28.79511 -5.806457 167.3468 28.66305 -5.656457 167.3468 28.81305 -5.656457 167.1968 -28.64511 17.11042 167.3468 -28.79511 17.11042 167.1968 28.66305 17.11042 167.3468 28.81305 17.26042 167.3468 -28.64511 17.11042 169.5472 -28.79511 17.26042 169.5473 28.66305 17.11042 169.5472 28.81305 17.11042 169.6972 28.50306 -22.32965 16.27815 -28.4851 -22.16965 16.27974 -28.64511 -22.16965 13.95312 28.50305 -22.32965 13.95312 -28.48511 17.10041 13.79312 28.50305 17.26041 13.95312 -28.64511 17.10041 16.13355 28.50305 17.26041 16.13361 28.50306 -18.13116 55.22165 -28.4851 -17.97116 55.25907 -28.64511 -17.97116 52.93255 28.50305 -18.13116 52.93255 -28.48511 17.10041 52.77256 28.50305 17.26041 52.93256 -28.64511 17.10041 55.11299 28.50305 17.26041 55.11305 28.50306 -14.01401 93.32238 -28.4851 -13.85401 93.33054 -28.64511 -13.85401 91.1567 28.50305 -14.01401 91.1567 -28.48511 17.10041 90.9967 28.50305 17.26041 91.15671 -28.64511 17.10041 93.33712 28.50305 17.26041 93.15734 28.50306 -9.949555 130.9641 -28.4851 -9.789556 131.2176 -28.64511 -9.789556 128.8917 28.50305 -9.949555 128.8917 -28.48511 17.10042 128.7317 28.50305 17.26042 128.8917 -28.64511 17.10042 131.0721 28.50305 17.26042 130.9785 28.50306 -5.806457 169.2488 -28.4851 -5.646457 169.6822 -28.64511 -5.646457 167.3568 28.50305 -5.806457 167.3568 -28.48511 17.10042 167.1968 28.50305 17.26042 167.3568 -28.64511 17.10042 169.318 28.50305 17.26042 169.5367 -28.48511 -14.41164 13.95312 -28.48511 -7.837866 13.95312 -28.48511 1.584382 13.79312 -28.64511 9.182395 13.95312 28.50305 9.342395 13.95312 28.50305 1.584382 13.79312 28.50305 -7.677866 13.79312 28.50305 -14.25164 13.79312 -28.64511 9.182393 16.13068 -28.64511 1.264382 16.29006 -28.4851 -7.997866 16.28491 -28.4851 -14.41164 16.12211 28.66306 -14.25164 16.12218 28.66305 -7.677867 16.12503 28.66305 1.584381 16.28728 28.50305 9.342393 16.28965 -28.48511 -11.05284 52.93255 -28.48511 -3.974529 52.93256 -28.48511 2.061452 52.77256 -28.64511 10.0221 52.93256 28.50305 10.1821 52.93256 28.50305 2.061452 52.77256 28.50305 -3.814528 52.77256 28.50305 -10.89284 52.77255 -28.64511 10.0221 54.94273 -28.64511 1.741453 55.10722 -28.4851 -4.13453 55.26435 -28.4851 -11.05284 55.10154 28.66306 -10.89284 55.1016 28.66305 -3.814529 55.22783 28.66305 2.061454 55.10735 28.50305 10.1821 55.10971 -28.48511 -6.195405 91.1567 -28.48511 0.7553849 90.9967 -28.64511 9.281807 91.15671 28.50305 9.441808 91.15671 28.50305 0.7553849 90.9967 28.50305 -6.035404 90.9967 -28.64511 9.28181 93.33353 -28.48511 0.4353861 93.48942 -28.4851 -6.195404 93.3259 28.66306 -6.035405 93.14614 28.66305 0.7553843 93.33007 28.50305 9.441808 93.3336 -28.48511 -3.753386 128.8917 -28.48511 3.815431 128.7317 -28.64511 10.29792 128.8917 28.50305 10.45792 128.8917 28.50305 3.815432 128.7317 28.50305 -3.593384 128.7317 -28.64511 10.29793 131.0685 -28.48511 3.495433 131.5343 -28.4851 -3.753384 131.3708 28.66306 -3.593386 131.0614 28.66305 3.81543 131.065 28.50305 10.45792 131.0686 -28.48511 2.042503 167.1968 -28.64511 9.411463 167.3568 28.50305 9.571461 167.3568 28.50305 2.042501 167.1968 -28.64511 9.411463 169.5324 -28.4851 1.882502 169.5277 28.66305 2.042502 169.5278 28.50305 9.571463 169.5325 -28.64511 -14.57164 13.95312 -28.64511 -7.997866 13.95312 -28.64511 1.264382 13.95312 -28.48511 9.502395 13.79312 28.66305 9.502395 13.95312 28.50305 1.264382 13.79312 28.50305 -7.997866 13.79312 28.50305 -14.57164 13.79312 -28.64511 9.502393 16.13079 -28.48511 1.424382 16.12831 -28.4851 -7.837866 16.28678 -28.4851 -14.57164 16.2825 28.66306 -14.57164 16.28141 28.50305 -7.997867 16.28491 28.50305 1.264381 16.28826 28.50305 9.502393 16.29079 -28.64511 -11.21284 52.93255 -28.64511 -4.134528 52.93256 -28.64511 1.741452 52.93256 -28.48511 10.3421 52.77256 28.66305 10.3421 52.93256 28.50305 1.741452 52.77256 28.50305 -4.134528 52.77256 28.50305 -11.21284 52.77255 -28.64511 10.3421 55.11024 -28.48511 1.901452 54.94038 -28.4851 -3.97453 55.10476 -28.4851 -11.21284 55.26182 28.66306 -11.21284 55.2248 28.50305 -4.134529 55.26435 28.50305 1.741454 55.3902 28.50305 10.3421 55.27024 -28.64511 -6.355404 91.1567 -28.64511 0.435385 91.1567 -28.48511 9.601807 90.9967 28.66305 9.601808 91.15671 28.50305 0.4353849 90.9967 28.50305 -6.355403 90.9967 -28.64511 9.60181 93.33367 -28.48511 0.5953861 93.33 -28.4851 -6.355403 93.33398 28.66306 -6.355405 93.32633 28.50305 0.4353842 93.31007 28.50305 9.601808 93.31383 -28.64511 -3.913386 128.8917 -28.64511 3.495431 128.8917 -28.48511 10.61792 128.7317 28.66305 10.61792 128.8917 28.50305 3.495431 128.7317 28.50305 -3.913384 128.7317 -28.64511 10.61793 131.0686 -28.48511 3.655433 131.065 -28.4851 -3.913383 131.221 28.66306 -3.913386 130.9674 28.50306 3.49543 131.2258 28.50305 10.61792 131.135 -28.64511 1.722503 167.3568 -28.48511 9.731462 167.1968 28.66305 9.731461 167.3568 28.50305 1.722501 167.1968 -28.64511 9.731462 169.3134 -28.4851 1.722502 169.6868 28.66305 1.722502 169.2527 28.50306 9.731462 169.692 28.66306 -22.16965 16.27866 28.50306 -22.16965 16.43821 -28.6451 -22.16965 16.1193 -28.4851 -22.32965 16.11968 -28.48511 -22.16965 13.79312 -28.48511 -22.32965 13.95312 28.50305 -22.16965 13.79312 28.66305 -22.16965 13.95312 -28.64511 17.10041 13.95312 -28.48511 17.26041 13.95312 28.66305 17.10041 13.95312 28.50305 17.10041 13.79312 -28.48511 17.10041 16.29355 -28.48511 17.26041 16.13361 28.50305 17.10041 16.29355 28.66305 17.10041 16.13355 28.66306 -17.97116 55.22206 28.50306 -17.97116 55.38171 -28.6451 -17.97116 55.09873 -28.4851 -18.13116 55.09901 -28.48511 -17.97116 52.77255 -28.48511 -18.13116 52.93255 28.50305 -17.97116 52.77255 28.66305 -17.97116 52.93255 -28.64511 17.10041 52.93256 -28.48511 17.26041 52.93256 28.66305 17.10041 52.93256 28.50305 17.10041 52.77256 -28.48511 17.10041 55.27299 -28.48511 17.26041 55.11305 28.50305 17.10041 55.27299 28.66305 17.10041 55.11299 28.66306 -13.85401 93.32288 28.50306 -13.85401 93.48246 -28.6451 -13.85401 93.1701 -28.4851 -14.01401 93.17046 -28.48511 -13.85401 90.9967 -28.48511 -14.01401 91.1567 28.50305 -13.85401 90.9967 28.66305 -13.85401 91.1567 -28.64511 17.10041 91.15671 -28.48511 17.26041 91.15671 28.66305 17.10041 91.15671 28.50305 17.10041 90.9967 -28.48511 17.10041 93.49661 -28.48511 17.26041 93.33669 28.50305 17.10041 93.31727 28.66305 17.10041 93.15677 28.66306 -9.789556 130.9639 28.50306 -9.789556 131.1242 -28.6451 -9.789556 131.0579 -28.4851 -9.949555 131.0575 -28.48511 -9.789556 128.7317 -28.48511 -9.949555 128.8917 28.50305 -9.789556 128.7317 28.66305 -9.789556 128.8917 -28.64511 17.10042 128.8917 -28.48511 17.26042 128.8917 28.66305 17.10042 128.8917 28.50305 17.10042 128.7317 -28.48511 17.10042 131.2318 -28.48511 17.26042 131.0719 28.50305 17.10042 131.1384 28.66305 17.10042 130.9782 28.66306 -5.646457 169.2481 28.50306 -5.646457 169.4089 -28.6451 -5.646457 169.523 -28.4851 -5.806457 169.5221 -28.48511 -5.646457 167.1968 -28.48511 -5.806457 167.3568 28.50305 -5.646457 167.1968 28.66305 -5.646457 167.3568 -28.64511 17.10042 167.3568 -28.48511 17.26042 167.3568 28.66305 17.10042 167.3568 28.50305 17.10042 167.1968 -28.48511 17.10042 169.4786 -28.48511 17.26042 169.3187 28.50305 17.10042 169.6965 28.66305 17.10042 169.5372 -28.64511 -14.25164 13.95312 -28.48511 -14.25164 13.79312 -28.64511 -7.677866 13.95312 -28.48511 -7.677866 13.79312 -28.48511 1.424382 13.95312 -28.64511 1.584382 13.95312 -28.48511 9.342395 13.95312 -28.48511 9.182395 13.79312 28.66305 9.182395 13.95312 28.50305 9.182395 13.79312 28.66305 1.584382 13.95312 28.50305 1.424382 13.95312 28.66305 -7.677866 13.95312 28.50305 -7.837866 13.95312 28.66305 -14.25164 13.95312 28.50305 -14.41164 13.95312 -28.48511 9.182393 16.29112 -28.48511 9.342393 16.13118 -28.48511 1.264382 16.4496 -28.48511 1.424382 16.28965 -28.4851 -7.837866 16.12498 -28.6451 -7.997866 16.12491 -28.4851 -14.25164 16.28218 -28.6451 -14.25164 16.12218 28.50306 -14.25164 16.28218 28.50306 -14.41164 16.12211 28.50305 -7.677867 16.28549 28.50305 -7.837867 16.12544 28.50305 1.584381 16.44683 28.50305 1.424381 16.28678 28.50305 9.182394 16.44959 28.66305 9.182393 16.29004 -28.64511 -10.89284 52.93255 -28.48511 -10.89284 52.77255 -28.64511 -3.814529 52.93256 -28.48511 -3.814528 52.77256 -28.48511 1.901452 52.93256 -28.64511 2.061452 52.93256 -28.48511 10.1821 52.93256 -28.48511 10.0221 52.77256 28.66305 10.0221 52.93256 28.50305 10.0221 52.77256 28.66305 2.061452 52.93256 28.50305 1.901452 52.93256 28.66305 -3.814529 52.93256 28.50305 -3.974529 52.93256 28.66305 -10.89284 52.93255 28.50305 -11.05284 52.93255 -28.48511 10.0221 55.1032 -28.48511 10.1821 54.94326 -28.48511 1.741453 55.26756 -28.48511 1.901453 55.10764 -28.4851 -3.97453 55.10442 -28.6451 -4.13453 55.10435 -28.4851 -10.89284 55.2616 -28.6451 -10.89284 55.1016 28.50306 -10.89284 55.2616 28.50306 -11.05284 55.10154 28.50305 -3.814529 55.38748 28.50305 -3.974529 55.22741 28.50305 2.061454 55.26688 28.50305 1.901454 55.10683 28.50305 10.0221 55.26965 28.66305 10.0221 55.11012 -28.64511 -6.035405 91.1567 -28.48511 -6.035405 90.9967 -28.48511 0.595385 91.15671 -28.64511 0.755385 91.15671 -28.48511 9.441807 91.15671 -28.48511 9.281807 90.9967 28.66305 9.281808 91.15671 28.50305 9.281808 90.9967 28.66305 0.7553849 91.15671 28.50305 0.595385 91.15671 28.66305 -6.035404 91.1567 28.50305 -6.195404 91.1567 -28.48511 9.28181 93.49353 -28.48511 9.44181 93.3336 -28.48511 0.5953861 93.3295 -28.64511 0.435386 93.32992 -28.4851 -6.035404 93.48598 -28.6451 -6.035404 93.32649 28.50306 -6.035405 93.30664 28.50306 -6.195405 93.14655 28.50305 0.7553841 93.49007 28.50305 0.5953842 93.33 28.50305 9.281808 93.49353 28.66305 9.281808 93.33353 -28.64511 -3.593386 128.8917 -28.48511 -3.593386 128.7317 -28.48511 3.655431 128.8917 -28.64511 3.815431 128.8917 -28.48511 10.45792 128.8917 -28.48511 10.29792 128.7317 28.66305 10.29792 128.8917 28.50305 10.29792 128.7317 28.66305 3.815431 128.8917 28.50305 3.655432 128.8917 28.66305 -3.593384 128.8917 28.50305 -3.753384 128.8917 -28.48511 10.29793 131.2285 -28.48511 10.45793 131.0686 -28.48511 3.655433 131.3744 -28.64511 3.495433 131.3752 -28.48511 -3.593384 131.5309 -28.6451 -3.593384 131.3718 28.50306 -3.593386 131.2223 28.50306 -3.753386 131.0622 28.50305 3.81543 131.2251 28.50305 3.65543 131.065 28.50305 10.29792 131.2285 28.66305 10.29792 131.0685 -28.48511 1.882503 167.3568 -28.64511 2.042503 167.3568 -28.48511 9.571463 167.3568 -28.48511 9.411463 167.1968 28.66305 9.411461 167.3568 28.50305 9.411461 167.1968 28.66305 2.042501 167.3568 28.50305 1.882501 167.3568 -28.48511 9.411463 169.6924 -28.48511 9.571463 169.5325 -28.4851 2.042502 169.6878 -28.6451 2.042502 169.5278 28.50305 2.042502 169.6878 28.50305 1.882503 169.5277 28.50305 9.411463 169.6924 28.66305 9.411463 169.5324 -28.48511 -14.41164 13.95312 -28.48511 -14.57164 13.79312 -28.48511 -7.837866 13.95312 -28.48511 -7.997866 13.79312 -28.48511 1.424382 13.95312 -28.48511 1.264382 13.79312 -28.48511 9.342395 13.95312 -28.64511 9.502395 13.95312 28.50305 9.342395 13.95312 28.50305 9.502395 13.79312 28.50305 1.424382 13.95312 28.66305 1.264382 13.95312 28.50305 -7.837866 13.95312 28.66305 -7.997866 13.95312 28.50305 -14.41164 13.95312 28.66305 -14.57164 13.95312 -28.48511 9.342393 16.13074 -28.48511 9.502393 16.29079 -28.48511 1.584382 16.28836 -28.64511 1.584382 16.12792 -28.4851 -7.677866 16.44683 -28.6451 -7.677866 16.28728 -28.4851 -14.41164 16.12256 -28.6451 -14.57164 16.12205 28.50306 -14.41164 16.28103 28.50306 -14.57164 16.44097 28.66305 -7.997867 16.12491 28.50305 -7.837867 16.12498 28.66305 1.264381 16.12781 28.50305 1.424381 16.12831 28.50305 9.342393 16.13074 28.66305 9.502393 16.13079 -28.48511 -11.05284 52.93255 -28.48511 -11.21284 52.77255 -28.48511 -3.974529 52.93256 -28.48511 -4.134528 52.77256 -28.48511 1.901452 52.93256 -28.48511 1.741452 52.77256 -28.48511 10.1821 52.93256 -28.64511 10.3421 52.93256 28.50305 10.1821 52.93256 28.50305 10.3421 52.77256 28.50305 1.901452 52.93256 28.66305 1.741452 52.93256 28.50305 -3.974529 52.93256 28.66305 -4.134528 52.93256 28.50305 -11.05284 52.93255 28.66305 -11.21284 52.93255 -28.48511 10.1821 55.11018 -28.48511 10.3421 55.27024 -28.48511 2.061453 55.10043 -28.64511 2.061452 54.93997 -28.4851 -3.81453 55.26484 -28.6451 -3.81453 55.1045 -28.4851 -11.05284 55.10188 -28.6451 -11.21284 55.10147 28.50306 -11.05284 55.22453 28.50306 -11.21284 55.38446 28.66305 -4.134529 55.10435 28.50305 -3.974529 55.10442 28.66305 1.741454 55.23055 28.50305 1.901454 55.23028 28.50305 10.1821 55.11018 28.66305 10.3421 55.11024 -28.48511 -6.195405 91.1567 -28.48511 -6.355404 90.9967 -28.48511 0.595385 91.15671 -28.48511 0.435385 90.9967 -28.48511 9.441807 91.15671 -28.64511 9.601807 91.15671 28.50305 9.441808 91.15671 28.50305 9.601808 90.9967 28.50305 0.595385 91.15671 28.66305 0.4353848 91.1567 28.50305 -6.195404 91.1567 28.66305 -6.355403 91.1567 -28.48511 9.44181 93.33309 -28.48511 9.60181 93.49317 -28.48511 0.7553861 93.49007 -28.64511 0.7553861 93.33007 -28.4851 -6.195404 93.17405 -28.6451 -6.355403 93.17355 28.50306 -6.195405 93.32597 28.50306 -6.355405 93.4859 28.66305 0.4353842 93.14957 28.50305 0.5953842 93.15015 28.50305 9.441808 93.15375 28.66305 9.601808 93.15332 -28.48511 -3.753386 128.8917 -28.48511 -3.913386 128.7317 -28.48511 3.655431 128.8917 -28.48511 3.49543 128.7317 -28.48511 10.45792 128.8917 -28.64511 10.61792 128.8917 28.50305 10.45792 128.8917 28.50305 10.61792 128.7317 28.50305 3.655432 128.8917 28.66305 3.495431 128.8917 28.50305 -3.753384 128.8917 28.66305 -3.913384 128.8917 -28.48511 10.45793 131.0683 -28.48511 10.61793 131.2284 -28.48511 3.815433 131.2251 -28.64511 3.815433 131.0651 -28.4851 -3.753384 131.0611 -28.6451 -3.913384 131.0613 28.50306 -3.753386 130.9677 28.50306 -3.913386 131.1276 28.66305 3.49543 131.0649 28.50305 3.65543 131.0658 28.50305 10.45792 130.9749 28.66305 10.61792 130.9747 -28.48511 1.882503 167.3568 -28.48511 1.722503 167.1968 -28.48511 9.571463 167.3568 -28.64511 9.731462 167.3568 28.50305 9.571461 167.3568 28.50305 9.731461 167.1968 28.50305 1.882501 167.3568 28.66305 1.722501 167.3568 -28.48511 9.571463 169.3139 -28.48511 9.731462 169.474 -28.4851 1.882502 169.5269 -28.6451 1.722502 169.5276 28.50305 1.882503 169.2536 28.50306 1.722503 169.4135 28.50305 9.571463 169.5319 28.66305 9.731462 169.5326 33.81179 -15.12304 52.51255 33.81179 -11.00589 90.73669 33.81179 -6.941439 128.4717 33.81179 -2.798341 166.9368 33.55179 -15.59647 50.54494 33.62794 17.07656 50.27215 33.55179 -11.47933 88.76909 33.62794 17.07657 88.49631 33.55178 -7.414876 126.5041 33.62794 17.07657 126.2313 33.55178 -3.271778 164.9692 33.62794 17.07657 164.6964 33.81179 17.00041 52.51256 33.81179 17.00041 90.7367 33.81179 17.00042 128.4717 33.81179 17.00042 166.9368 -33.60999 -15.17269 52.77255 -33.60999 -11.05555 90.9967 -33.60999 -6.99109 128.7317 -33.60999 -2.847993 167.1968 -33.53384 -15.59647 50.54494 -33.60999 17.07656 50.27215 -33.53384 -11.47933 88.76909 -33.60999 17.07657 88.49631 -33.53384 -7.414876 126.5041 -33.60999 17.07657 126.2313 -33.53384 -3.271778 164.9692 -33.60999 17.07657 164.6964 -33.53384 17.26041 52.51256 -33.53384 17.26041 90.7367 -33.53384 17.26042 128.4717 -33.53384 17.26042 166.9368 32.11667 15.5653 164.6975 32.11666 -1.604502 164.7095 -32.09872 -1.604502 164.7095 -32.09872 15.5653 164.6975 32.11667 -1.336721 167.1968 32.11667 15.5653 167.1968 -32.09872 15.5653 167.1968 -32.09872 -1.336721 167.1968 32.11667 15.5653 126.2322 32.11666 -5.7476 126.2446 -32.09872 -5.7476 126.2446 -32.09872 15.5653 126.2322 32.11667 -5.479819 128.7317 32.11667 15.5653 128.7317 -32.09872 15.5653 128.7317 -32.09872 -5.479819 128.7317 32.11667 15.56529 88.49706 32.11667 -9.812054 88.50974 -32.09872 -9.812054 88.50974 -32.09872 15.56529 88.49706 32.11667 -9.544273 90.9967 32.11667 15.56529 90.9967 -32.09872 15.56529 90.9967 -32.09872 -9.544273 90.9967 32.11667 15.56529 50.27281 32.11667 -13.9292 50.2857 -32.09872 -13.9292 50.2857 -32.09872 15.56529 50.27281 32.11667 -13.66142 52.77255 32.11667 15.56529 52.77256 -32.09872 15.56529 52.77256 -32.09872 -13.66142 52.77255 33.62794 -15.17269 52.77255 33.55179 -15.38438 52.51405 33.62794 -11.05555 90.9967 33.55179 -11.26724 90.73819 33.62794 -6.99109 128.7317 33.55179 -7.202782 128.4732 33.62794 -2.847993 167.1968 33.55179 -3.059684 166.9383 33.62794 -15.44047 50.28636 33.81179 -15.33482 50.54631 33.55179 17.26041 50.53207 33.81179 17.00041 50.53218 33.62794 -11.32333 88.51049 33.81179 -11.21768 88.77044 33.55179 17.26041 88.75622 33.81179 17.00041 88.75635 33.62793 -7.258871 126.2454 33.81178 -7.153229 126.5054 33.55179 17.26042 126.4912 33.81179 17.00042 126.4913 33.62793 -3.115774 164.7105 33.81178 -3.010135 164.9705 33.55179 17.26042 164.9563 33.81179 17.00042 164.9565 33.55179 17.26041 52.51256 33.62794 17.07656 52.77256 33.55179 17.26041 90.7367 33.62794 17.07657 90.9967 33.55179 17.26042 128.4717 33.62794 17.07657 128.7317 33.55179 17.26042 166.9368 33.62794 17.07657 167.1968 -33.79384 -15.12304 52.51255 -33.53384 -15.38438 52.51405 -33.79384 -11.00589 90.73669 -33.53384 -11.26724 90.73819 -33.79384 -6.941439 128.4717 -33.53384 -7.202782 128.4732 -33.79384 -2.798341 166.9368 -33.53384 -3.059684 166.9383 -33.79384 -15.33482 50.54631 -33.60999 -15.44047 50.28636 -33.79384 17.00041 50.53218 -33.53384 17.26041 50.53207 -33.79384 -11.21768 88.77044 -33.60999 -11.32333 88.51049 -33.79384 17.00041 88.75635 -33.53384 17.26041 88.75622 -33.79384 -7.153229 126.5054 -33.60999 -7.258871 126.2454 -33.79384 17.00042 126.4913 -33.53384 17.26042 126.4912 -33.79384 -3.010134 164.9705 -33.60999 -3.115774 164.7105 -33.79384 17.00042 164.9565 -33.53384 17.26042 164.9563 -33.79384 17.00041 52.51256 -33.60999 17.07656 52.77256 -33.79384 17.00041 90.7367 -33.60999 17.07657 90.9967 -33.79384 17.00042 128.4717 -33.60999 17.07657 128.7317 -33.79384 17.00042 166.9368 -33.60999 17.07657 167.1968 31.93282 15.12145 164.9578 31.67282 15.38145 164.9576 31.67281 -1.392825 164.9678 31.93281 -1.131184 164.9691 -31.91487 -1.131184 164.9691 -31.65487 -1.392825 164.9678 -31.65487 15.38145 164.9576 -31.91487 15.12145 164.9578 31.93282 -0.9193607 166.9368 31.67282 -1.180702 166.9383 31.67282 15.38145 166.9368 31.93282 15.12145 166.9368 -31.91487 15.12145 166.9368 -31.65487 15.38145 166.9368 -31.65487 -1.180702 166.9383 -31.91487 -0.9193607 166.9368 31.93282 15.12145 126.4924 31.67282 15.38145 126.4923 31.67281 -5.535921 126.503 31.93281 -5.274275 126.5043 -31.91487 -5.274275 126.5043 -31.65487 -5.535921 126.503 -31.65487 15.38145 126.4923 -31.91487 15.12145 126.4924 31.93282 -5.062461 128.4717 31.67282 -5.323802 128.4732 31.67282 15.38145 128.4717 31.93282 15.12145 128.4717 -31.91487 15.12145 128.4717 -31.65487 15.38145 128.4717 -31.65487 -5.323802 128.4732 -31.91487 -5.062461 128.4717 31.93282 15.12145 88.75729 31.67282 15.38145 88.75716 31.67282 -9.600373 88.76815 31.93282 -9.338725 88.7695 -31.91487 -9.338725 88.7695 -31.65487 -9.600373 88.76815 -31.65487 15.38145 88.75716 -31.91487 15.12145 88.75729 31.93282 -9.126917 90.73669 31.67282 -9.388259 90.73819 31.67282 15.38145 90.7367 31.93282 15.12145 90.7367 -31.91487 15.12145 90.7367 -31.65487 15.38145 90.7367 -31.65487 -9.388259 90.73819 -31.91487 -9.126917 90.73669 31.93282 15.12144 50.533 31.67282 15.38144 50.53289 31.67282 -13.71752 50.54413 31.93282 -13.45587 50.54549 -31.91487 -13.45587 50.54549 -31.65487 -13.71752 50.54413 -31.65487 15.38144 50.53289 -31.91487 15.12144 50.533 31.93282 -13.24406 52.51255 31.67282 -13.50541 52.51405 31.67282 15.38144 52.51256 31.93282 15.12144 52.51256 -31.91487 15.12144 52.51256 -31.65487 15.38144 52.51256 -31.65487 -13.50541 52.51405 -31.91487 -13.24406 52.51255 33.81178 -19.35962 13.52197 33.81178 -19.57141 11.55573 33.81179 17.00041 11.54159 33.81179 17.00041 13.52197 -33.79384 17.00041 11.54159 -33.79384 -19.57141 11.55573 -33.79384 -19.35962 13.52197 -33.79384 17.00041 13.52197 33.55179 -19.83306 11.55436 33.55179 -19.62096 13.52346 -33.53384 -19.62096 13.52346 -33.53384 -19.83306 11.55436 33.55179 17.26041 13.52197 33.55179 17.26041 11.54148 -33.53384 17.26041 11.54148 -33.53384 17.26041 13.52197 32.11667 -18.16578 11.29511 32.11667 15.56529 11.28222 33.62794 17.07656 11.28156 33.62794 -19.67705 11.29577 -32.09872 -18.16578 11.29511 -33.60999 -19.67705 11.29577 -32.09872 15.56529 11.28222 -33.60999 17.07656 11.28156 32.11667 15.56529 13.78197 32.11667 -17.898 13.78197 33.62794 -19.40927 13.78197 33.62794 17.07656 13.78197 -32.09872 15.56529 13.78197 -33.60999 17.07656 13.78197 -32.09872 -17.898 13.78197 -33.60999 -19.40927 13.78197 31.93282 -17.48064 13.52197 31.93282 15.12144 13.52197 31.93282 15.12144 11.54241 31.93282 -17.69245 11.55491 -31.65487 -17.74199 13.52346 31.67282 -17.74199 13.52346 31.67282 -17.9541 11.55354 -31.65487 -17.9541 11.55354 -31.91487 15.12144 13.52197 -31.91487 -17.48064 13.52197 -31.91487 -17.69245 11.55491 -31.91487 15.12144 11.54241 31.67282 15.38144 13.52197 -31.65487 15.38144 13.52197 -31.65487 15.38144 11.5423 31.67282 15.38144 11.5423 -35.63613 -14.84622 16.14998 -35.76613 17.13041 11.42268 -35.63613 -10.64772 55.12941 -35.76613 17.13041 50.40213 -35.63613 -6.530574 93.35356 -35.76613 17.13041 88.62629 -35.63613 -2.46612 131.0885 -35.76613 17.13042 126.3613 -35.63613 1.676979 169.5536 -35.76613 17.13042 164.8264 -35.76613 -15.22311 11.43694 -35.63613 17.13041 16.29355 -35.76613 -11.02461 50.41637 -35.63613 17.13041 55.27298 -35.76613 -6.907469 88.6405 -35.63613 17.13041 93.49712 -35.76613 -2.843015 126.3754 -35.63613 17.13042 131.2321 -35.76613 1.30008 164.8405 -35.63613 17.13042 169.6971 -34.00613 -14.84622 16.14998 -34.00613 17.26041 11.42263 -34.00613 -10.64772 55.12941 -34.00613 17.26041 50.40207 -34.00613 -6.530574 93.35356 -34.00613 17.26041 88.62621 -34.00613 -2.46612 131.0885 -34.00613 17.26042 126.3612 -34.00613 1.676979 169.5536 -34.00613 17.26042 164.8263 -34.00613 -15.23786 11.30695 -34.00613 17.13041 16.29355 -34.00613 -11.03936 50.28638 -34.00613 17.13041 55.27298 -34.00613 -6.922214 88.51051 -34.00613 17.13041 93.49712 -34.00613 -2.857759 126.2455 -34.00613 17.13042 131.2321 -34.00613 1.28534 164.7105 -34.00613 17.13042 169.6971 -35.63613 -14.7023 16.27929 -35.76613 -14.71554 16.14929 -35.63613 17.26041 11.42263 -35.63613 17.13041 11.29268 -35.63613 -10.5038 55.25873 -35.76613 -10.51704 55.12872 -35.63613 17.26041 50.40207 -35.63613 17.13041 50.27213 -35.63613 -6.386652 93.48289 -35.76613 -6.399895 93.35288 -35.63613 17.26041 88.62621 -35.63613 17.13041 88.49629 -35.63613 -2.322198 131.2179 -35.76613 -2.335439 131.0879 -35.63613 17.26042 126.3612 -35.63613 17.13042 126.2313 -35.63613 1.820901 169.683 -35.76613 1.807662 169.553 -35.63613 17.26042 164.8263 -35.63613 17.13042 164.6964 -35.63613 -15.23786 11.30695 -35.63613 -15.35393 11.43626 -35.63613 17.26041 16.16361 -35.76613 17.13041 16.16355 -35.63613 -11.03936 50.28638 -35.63613 -11.15544 50.4157 -35.63613 17.26041 55.14305 -35.76613 17.13041 55.14299 -35.63613 -6.922214 88.51051 -35.63613 -7.038292 88.63983 -35.63613 17.26041 93.3672 -35.76613 17.13041 93.36711 -35.63613 -2.857759 126.2455 -35.63613 -2.973837 126.3748 -35.63613 17.26042 131.1022 -35.76613 17.13042 131.1021 -35.63613 1.28534 164.7105 -35.63613 1.169262 164.8399 -35.63613 17.26042 169.5673 -35.76613 17.13042 169.5671 -33.87613 -14.71554 16.14929 -34.00613 -14.7023 16.27929 -33.87613 17.13041 11.42268 -34.00613 17.13041 11.29268 -33.87613 -10.51704 55.12872 -34.00613 -10.5038 55.25873 -33.87613 17.13041 50.40213 -34.00613 17.13041 50.27213 -33.87613 -6.399895 93.35288 -34.00613 -6.386652 93.48289 -33.87613 17.13041 88.62629 -34.00613 17.13041 88.49629 -33.87613 -2.335439 131.0879 -34.00613 -2.322198 131.2179 -33.87613 17.13042 126.3613 -34.00613 17.13042 126.2313 -33.87613 1.807662 169.553 -34.00613 1.820901 169.683 -33.87613 17.13042 164.8264 -34.00613 17.13042 164.6964 -33.87613 -15.22311 11.43694 -34.00613 -15.35393 11.43626 -33.87613 17.13041 16.16355 -34.00613 17.26041 16.16361 -33.87613 -11.02461 50.41637 -34.00613 -11.15544 50.4157 -33.87613 17.13041 55.14299 -34.00613 17.26041 55.14305 -33.87613 -6.907469 88.6405 -34.00613 -7.038292 88.63983 -33.87613 17.13041 93.36711 -34.00613 17.26041 93.3672 -33.87613 -2.843015 126.3754 -34.00613 -2.973837 126.3748 -33.87613 17.13042 131.1021 -34.00613 17.26042 131.1022 -33.87613 1.30008 164.8405 -34.00613 1.169262 164.8399 -33.87613 17.13042 169.5671 -34.00613 17.26042 169.5673 35.76613 -15.22311 11.43694 35.76613 -14.71554 16.14928 35.76613 17.13041 16.16355 35.76613 17.13041 11.42268 35.76613 -11.02461 50.41637 35.76613 -10.51704 55.12872 35.76613 17.13041 55.14299 35.76613 17.13041 50.40213 35.76613 -6.907469 88.6405 35.76613 -6.399895 93.35288 35.76613 17.13041 93.36711 35.76613 17.13041 88.62629 35.76613 -2.843015 126.3754 35.76613 -2.335439 131.0879 35.76613 17.13042 131.1021 35.76613 17.13042 126.3613 35.76613 1.30008 164.8405 35.76613 1.807662 169.553 35.76613 17.13042 169.5671 35.76613 17.13042 164.8264 33.87613 17.13041 16.16355 33.87613 -14.71554 16.14928 33.87613 -15.22311 11.43694 33.87613 17.13041 11.42268 33.87613 17.13041 55.14299 33.87613 -10.51704 55.12872 33.87613 -11.02461 50.41637 33.87613 17.13041 50.40213 33.87613 17.13041 93.36711 33.87613 -6.399895 93.35288 33.87613 -6.907469 88.6405 33.87613 17.13041 88.62629 33.87613 17.13042 131.1021 33.87613 -2.335439 131.0879 33.87613 -2.843015 126.3754 33.87613 17.13042 126.3613 33.87613 17.13042 169.5671 33.87613 1.807662 169.553 33.87613 1.30008 164.8405 33.87613 17.13042 164.8264 35.63613 -14.84622 16.14999 35.63613 -15.35394 11.43626 34.00613 -15.35394 11.43626 34.00613 -14.84622 16.14999 35.63613 17.13041 16.29355 35.63613 -14.7023 16.27929 34.00613 -14.7023 16.27929 34.00613 17.13041 16.29355 35.63613 17.26041 11.42263 35.63613 17.26041 16.16361 34.00613 17.26041 16.16361 34.00613 17.26041 11.42263 35.63613 -15.23786 11.30695 35.63613 17.13041 11.29269 34.00613 17.13041 11.29269 34.00613 -15.23786 11.30695 35.63613 -10.64772 55.12941 35.63613 -11.15544 50.4157 34.00613 -11.15544 50.4157 34.00613 -10.64772 55.12941 35.63613 17.13041 55.27298 35.63613 -10.5038 55.25873 34.00613 -10.5038 55.25873 34.00613 17.13041 55.27298 35.63613 17.26041 50.40207 35.63613 17.26041 55.14305 34.00613 17.26041 55.14305 34.00613 17.26041 50.40207 35.63613 -11.03936 50.28638 35.63613 17.13041 50.27213 34.00613 17.13041 50.27213 34.00613 -11.03936 50.28638 35.63613 -6.530574 93.35356 35.63613 -7.038292 88.63983 34.00613 -7.038292 88.63983 34.00613 -6.530574 93.35356 35.63613 17.13041 93.49712 35.63613 -6.386652 93.48289 34.00613 -6.386652 93.48289 34.00613 17.13041 93.49712 35.63613 17.26041 88.62621 35.63613 17.26041 93.3672 34.00613 17.26041 93.3672 34.00613 17.26041 88.62621 35.63613 -6.922214 88.51051 35.63613 17.13041 88.49629 34.00613 17.13041 88.49629 34.00613 -6.922214 88.51051 35.63613 -2.46612 131.0885 35.63613 -2.973837 126.3748 34.00613 -2.973837 126.3748 34.00613 -2.46612 131.0885 35.63613 17.13042 131.2321 35.63613 -2.322198 131.2179 34.00613 -2.322198 131.2179 34.00613 17.13042 131.2321 35.63613 17.26042 126.3612 35.63613 17.26042 131.1022 34.00613 17.26042 131.1022 34.00613 17.26042 126.3612 35.63613 -2.857759 126.2455 35.63613 17.13042 126.2313 34.00613 17.13042 126.2313 34.00613 -2.857759 126.2455 35.63613 1.676979 169.5536 35.63613 1.169262 164.8399 34.00613 1.169262 164.8399 34.00613 1.676979 169.5536 35.63613 17.13042 169.6971 35.63613 1.820901 169.683 34.00613 1.820901 169.683 34.00613 17.13042 169.6971 35.63613 17.26042 164.8263 35.63613 17.26042 169.5673 34.00613 17.26042 169.5673 34.00613 17.26042 164.8263 35.63613 1.28534 164.7105 35.63613 17.13042 164.6964 34.00613 17.13042 164.6964 34.00613 1.28534 164.7105</float_array>
          <technique_common>
            <accessor source="#geom-Iona_Shelving_Unit-positions-array" count="1564" stride="3">
              <param name="X" type="float"/>
              <param name="Y" type="float"/>
              <param name="Z" type="float"/>
            </accessor>
          </technique_common>
        </source>
        <source id="geom-Iona_Shelving_Unit-normals">
          <float_array id="geom-Iona_Shelving_Unit-normals-array" count="4692">0.9940335 0.1090465 -0.002558258 0.9943327 -0.1062846 -0.002477014 0.9996893 -0.02489895 -0.001158325 0.9854082 0.1698528 0.01099707 0.9947104 -0.102387 0.00826986 0.9921879 -0.1228901 0.02147494 0.9997035 0.02406704 -0.003693975 0.9966308 0.08126919 -0.01107392 0.993431 5.78505e-4 0.1144317 0.995882 -6.60099e-4 -0.09065685 -0.9996915 -0.0248052 -0.00123812 -0.9942881 -0.1066988 -0.002569902 -0.994039 0.1089981 -0.002464659 -0.9853753 0.1700599 0.01072921 -0.9997017 0.02415762 -0.003632304 -0.992204 -0.1227305 0.02164526 -0.9947056 -0.1024382 0.008208428 -0.996658 0.08094567 -0.01098534 -0.9934353 -5.95801e-4 0.1143945 -0.9958808 7.25208e-4 -0.09066966 0.1167287 -0.1023127 -0.9878798 0.1167286 0.1023125 -0.9878798 -0.1167286 0.1023126 -0.9878798 -0.1167286 -0.1023127 -0.9878798 0.1208904 -0.9926628 -0.002485753 0.1210264 -0.9926463 -0.002471125 -0.1214262 -0.9925972 -0.00257709 -0.1200811 -0.9927614 -0.002326106 0.1210194 0.992647 -0.002501914 0.08866632 0.9960586 0.002362767 -0.08883751 0.9960436 0.002246139 -0.1210291 0.9926462 -0.002397769 0.1042878 -0.9886003 0.1085993 0.1157049 -0.9878375 0.1038722 -0.1157127 -0.9878442 0.1038006 -0.1041405 -0.988606 0.1086872 0.1261724 0.9860327 -0.1087214 0.1347773 0.9849281 -0.1084052 -0.1355209 0.9848149 -0.1085065 -0.1257482 0.9860949 -0.1086484 0.1137944 -0.08722955 -0.9896675 0.1206534 0.0842547 -0.9891127 -0.120551 0.08426576 -0.9891242 -0.1138902 -0.08721901 -0.9896575 -0.1372999 0.05612983 -0.9889379 0.1538504 0.0577809 -0.9864033 0.1260429 -9.58075e-4 -0.9920244 -0.1258401 0.001001126 -0.9920501 -0.1003287 0.01794087 0.9947926 0.1028696 0.01656553 0.9945569 0.1221109 6.79602e-4 0.9925162 -0.1220926 -5.83651e-4 0.9925185 0.1406918 -0.05705323 -0.9884082 -0.1572193 -0.05849209 -0.98583 0.09744179 -0.017794 0.9950821 -0.1001 -0.01634552 0.9948431 0.9396919 0.3420224 0 0.9343026 0.3390272 -0.1101779 0.9939114 -9.71182e-4 -0.1101784 1 -1.44005e-8 0 0.7660443 0.6427878 0 0.7620043 0.6381304 -0.110177 0.5000002 0.8660253 0 0.4977968 0.860267 -0.1101779 0.1736494 0.9848076 0 0.1735485 0.9786428 -0.1101786 -0.1736494 0.9848076 0 -0.1716356 0.9789801 -0.1101784 -0.5000002 0.8660254 0 -0.4961148 0.8612381 -0.1101777 -0.7660443 0.6427878 0 -0.760756 0.6396181 -0.1101771 -0.9396919 0.3420224 0 -0.9336383 0.3408524 -0.1101784 -1 -1.92007e-8 0 -0.9939114 9.71163e-4 -0.1101784 -0.9396918 -0.3420224 0 -0.9343026 -0.3390272 -0.1101779 -0.7660443 -0.6427878 0 -0.7620043 -0.6381304 -0.110177 -0.5000002 -0.8660253 0 -0.4977967 -0.860267 -0.1101779 -0.1736494 -0.9848076 0 -0.1735484 -0.9786428 -0.1101786 0.1736471 -0.984808 0 0.1716334 -0.9789804 -0.1101787 0.5000002 -0.8660253 0 0.4961148 -0.8612381 -0.1101783 0.7660443 -0.6427878 0 0.7607559 -0.639618 -0.1101786 0.9396918 -0.3420224 0 0.9336382 -0.3408525 -0.1101786 0.1978528 0.06962208 -0.9777561 -3.22596e-16 -8.74228e-8 -1 0.2097351 -0.00224608 -0.9777557 0.1621107 0.1330951 -0.9777555 0.1068116 0.1805122 -0.977756 0.03863178 0.2061576 -0.977756 -0.03420798 0.2069374 -0.977756 -0.1029218 0.182758 -0.977756 -0.1592234 0.1365352 -0.9777556 -0.1963169 0.07384344 -0.977756 -0.2097348 0.002245908 -0.9777557 -0.1978528 -0.06962226 -0.9777562 -0.1621107 -0.1330952 -0.9777555 -0.1068115 -0.1805123 -0.9777559 -0.03863177 -0.2061578 -0.9777559 0.03420799 -0.2069376 -0.977756 0.1029223 -0.1827582 -0.9777558 0.1592224 -0.1365352 -0.9777559 0.1963169 -0.07384413 -0.9777561 -0.9396919 0.3420224 0 -1 -1.68005e-8 0 -0.9939114 -9.71182e-4 -0.1101784 -0.9343026 0.3390272 -0.1101779 -0.7660443 0.6427878 0 -0.7620043 0.6381304 -0.110177 -0.5000002 0.8660253 0 -0.4977968 0.860267 -0.1101779 -0.1736494 0.9848076 0 -0.1735485 0.9786428 -0.1101786 0.1736494 0.9848076 0 0.1716356 0.9789801 -0.1101784 0.5000002 0.8660254 0 0.4961148 0.8612381 -0.1101777 0.7660443 0.6427878 0 0.7607561 0.6396181 -0.1101771 0.9396919 0.3420224 0 0.9336383 0.3408524 -0.1101784 1 -1.92007e-8 0 0.9939114 9.71161e-4 -0.1101784 0.9396918 -0.3420224 0 0.9343026 -0.3390272 -0.1101779 0.7660443 -0.6427878 0 0.7620043 -0.6381304 -0.110177 0.5000002 -0.8660253 0 0.4977967 -0.860267 -0.1101779 0.1736494 -0.9848076 0 0.1735484 -0.9786428 -0.1101786 -0.1736471 -0.984808 0 -0.1716334 -0.9789804 -0.1101787 -0.5000002 -0.8660253 0 -0.4961148 -0.8612381 -0.1101783 -0.7660443 -0.6427878 0 -0.7607559 -0.639618 -0.1101786 -0.9396918 -0.3420224 0 -0.9336382 -0.3408525 -0.1101785 -0.1978528 0.06962209 -0.9777561 -0.2097351 -0.00224608 -0.9777557 0 -8.74228e-8 -1 -0.1621107 0.1330951 -0.9777555 -0.1068116 0.1805122 -0.977756 -0.03863178 0.2061576 -0.977756 0.03420798 0.2069374 -0.977756 0.1029218 0.182758 -0.977756 0.1592234 0.1365352 -0.9777556 0.1963169 0.07384345 -0.977756 0.2097348 0.002245908 -0.9777557 0.1978529 -0.06962226 -0.9777562 0.1621107 -0.1330952 -0.9777555 0.1068115 -0.1805123 -0.9777559 0.03863177 -0.2061578 -0.9777559 -0.03420799 -0.2069376 -0.977756 -0.1029223 -0.1827582 -0.9777558 -0.1592224 -0.1365352 -0.9777558 -0.1963169 -0.07384413 -0.977756 -0.9396918 0.3420224 0 -1 2.40008e-9 0 -0.9939114 -9.71173e-4 -0.1101784 -0.9343026 0.3390271 -0.1101779 -0.7660443 0.6427878 0 -0.7620043 0.6381304 -0.110177 -0.5000002 0.8660253 0 -0.4977968 0.860267 -0.1101779 -0.1736494 0.9848076 0 -0.1735485 0.9786428 -0.1101786 0.1736494 0.9848076 0 0.1716356 0.9789801 -0.1101784 0.5000002 0.8660254 0 0.4961148 0.8612381 -0.1101777 0.7660443 0.6427878 0 0.7607561 0.6396181 -0.1101771 0.9396918 0.3420224 0 0.9336383 0.3408524 -0.1101784 1 0 0 0.9939114 9.7116e-4 -0.1101784 0.9396918 -0.3420224 0 0.9343026 -0.3390272 -0.1101779 0.7660443 -0.6427879 0 0.7620043 -0.6381304 -0.110177 0.5000002 -0.8660253 0 0.4977968 -0.860267 -0.1101779 0.1736494 -0.9848076 0 0.1735484 -0.9786428 -0.1101786 -0.1736471 -0.984808 0 -0.1716334 -0.9789804 -0.1101787 -0.5000002 -0.8660253 0 -0.4961148 -0.8612381 -0.1101783 -0.7660443 -0.6427879 0 -0.7607559 -0.639618 -0.1101786 -0.9396918 -0.3420224 0 -0.9336382 -0.3408525 -0.1101786 -0.1978528 0.06962208 -0.9777561 -0.2097351 -0.002246077 -0.9777557 0 -8.74228e-8 -1 -0.1621107 0.1330951 -0.9777555 -0.1068116 0.1805122 -0.977756 -0.03863178 0.2061576 -0.977756 0.03420798 0.2069374 -0.977756 0.1029218 0.182758 -0.977756 0.1592234 0.1365352 -0.9777556 0.1963169 0.07384345 -0.977756 0.2097348 0.002245907 -0.9777557 0.1978528 -0.06962226 -0.9777562 0.1621107 -0.1330952 -0.9777555 0.1068115 -0.1805123 -0.9777559 0.03863178 -0.2061578 -0.9777559 -0.03420799 -0.2069376 -0.977756 -0.1029223 -0.1827582 -0.9777558 -0.1592224 -0.1365352 -0.9777558 -0.1963169 -0.07384413 -0.9777561 0.9396918 0.3420224 0 0.9343026 0.3390271 -0.1101779 0.9939114 -9.71173e-4 -0.1101784 1 4.80015e-9 0 0.7660443 0.6427878 0 0.7620043 0.6381304 -0.110177 0.5000002 0.8660253 0 0.4977968 0.860267 -0.1101779 0.1736494 0.9848076 0 0.1735485 0.9786428 -0.1101786 -0.1736494 0.9848076 0 -0.1716356 0.9789801 -0.1101784 -0.5000002 0.8660254 0 -0.4961148 0.8612381 -0.1101777 -0.7660443 0.6427878 0 -0.760756 0.6396181 -0.1101771 -0.9396918 0.3420224 0 -0.9336383 0.3408525 -0.1101784 -1 0 0 -0.9939114 9.71162e-4 -0.1101784 -0.9396918 -0.3420224 0 -0.9343026 -0.3390272 -0.1101779 -0.7660443 -0.6427879 0 -0.7620043 -0.6381304 -0.110177 -0.5000002 -0.8660253 0 -0.4977968 -0.860267 -0.1101779 -0.1736494 -0.9848076 0 -0.1735484 -0.9786428 -0.1101786 0.1736471 -0.984808 0 0.1716334 -0.9789804 -0.1101787 0.5000002 -0.8660253 0 0.4961148 -0.8612381 -0.1101783 0.7660443 -0.6427879 0 0.7607559 -0.639618 -0.1101786 0.9396918 -0.3420224 0 0.9336382 -0.3408526 -0.1101786 0.1978528 0.06962208 -0.9777561 -3.22419e-16 -8.74228e-8 -1 0.2097351 -0.002246077 -0.9777557 0.1621107 0.1330951 -0.9777555 0.1068116 0.1805122 -0.977756 0.03863178 0.2061576 -0.977756 -0.03420798 0.2069374 -0.977756 -0.1029218 0.182758 -0.977756 -0.1592234 0.1365352 -0.9777556 -0.1963169 0.07384344 -0.977756 -0.2097348 0.002245907 -0.9777557 -0.1978528 -0.06962225 -0.9777562 -0.1621107 -0.1330952 -0.9777555 -0.1068115 -0.1805123 -0.9777559 -0.03863178 -0.2061578 -0.9777559 0.03420799 -0.2069376 -0.977756 0.1029223 -0.1827582 -0.9777558 0.1592224 -0.1365352 -0.9777559 0.1963169 -0.07384411 -0.9777561 -0.9940335 0.1090465 -0.002558258 -0.9847053 0.1740616 0.007620204 -0.999676 -0.02543985 -8.08756e-4 -0.9943327 -0.1062847 -0.002477014 -0.9947104 -0.102387 0.008269861 -0.9966308 0.08126919 -0.01107392 -0.9996927 0.02455111 -0.00341539 -0.9919454 -0.1252263 0.01904752 -0.9941506 -8.61146e-4 0.1080004 -0.9947513 3.28893e-4 0.1023221 -0.9973688 1.05966e-4 -0.07249682 -0.996053 -9.59229e-4 -0.0887557 0.9996785 -0.02534141 -8.67175e-4 0.9846717 0.1742682 0.007234461 0.994039 0.1089981 -0.002464659 0.9942881 -0.1066988 -0.002569902 0.9996905 0.02464666 -0.003372617 0.996658 0.08094567 -0.01098534 0.9947056 -0.1024382 0.008208428 0.9919599 -0.1250713 0.01930549 0.9938065 -0.001458294 0.1111148 0.996362 -2.56318e-5 -0.08522227 0.9971377 8.52229e-4 -0.07560196 0.9950508 -1.65818e-4 0.09936771 -0.1167287 -0.1023127 -0.9878798 0.1167286 -0.1023127 -0.9878798 0.1167287 0.1023125 -0.9878798 -0.1167286 0.1023125 -0.9878798 -0.1208904 -0.9926628 -0.002485753 0.1200811 -0.9927614 -0.002326106 0.1214262 -0.9925972 -0.002577089 -0.1210264 -0.9926463 -0.002471125 -0.1210194 0.992647 -0.002501914 0.1210291 0.9926462 -0.002397769 0.08883625 0.9960437 0.002246858 -0.08866505 0.9960587 0.002363482 -0.1042874 -0.9886003 0.1085986 0.1041402 -0.9886062 0.1086866 0.1157127 -0.9878442 0.1038006 -0.1157049 -0.9878375 0.1038722 -0.1261724 0.9860327 -0.1087214 0.1257482 0.9860949 -0.1086484 0.1355209 0.9848149 -0.1085065 -0.1347773 0.9849281 -0.1084052 -0.1137944 -0.08722955 -0.9896675 0.1138902 -0.08721901 -0.9896575 0.120551 0.08426576 -0.9891242 -0.1206534 0.0842547 -0.9891127 0.1206725 0.001004557 -0.9926919 0.1203294 8.46715e-5 -0.992734 -0.1224811 -0.001015423 -0.9924703 -0.1189982 8.6287e-5 -0.9928945 0.1171114 -0.007748799 0.9930887 0.1139663 -1.25945e-4 0.9934846 -0.1165245 7.18489e-4 0.9931875 -0.1145308 -0.006941413 0.9933954 0.1635397 -0.08671988 -0.9827179 -0.1433631 -0.08561108 -0.9859604 -0.1592901 0.08523118 -0.9835459 0.1395273 0.08399297 -0.9866496 0.1012432 -0.03681164 0.9941804 -0.09649519 -0.03869993 0.9945808 -0.1055766 0.05085168 0.9931101 0.1008286 0.05270131 0.993507 0.9979669 0.003715888 -0.06362537 0.9979665 0.00369323 0.06363478 0.9979454 -0.003735475 0.06396143 0.9979432 -0.003714437 -0.06399883 0.9979657 0.004158741 -0.0636179 0.9979651 0.004133407 0.06362867 0.9979445 -0.004180243 0.06394784 0.9979419 -0.004156974 -0.06398967 0.9979638 0.004709071 -0.06360888 0.9979631 0.004680486 0.06362139 0.9979431 -0.004732819 0.06393074 0.9979402 -0.004706908 -0.06397765 0.9979609 0.005416702 -0.06359739 0.9979603 0.005384093 0.06361092 0.9979412 -0.005443419 0.06390573 0.9979375 -0.005414236 -0.06396595 0.9979563 0.006396472 -0.06358096 0.9979555 0.006358268 0.06359708 0.9979371 -0.00642625 0.06387856 0.9979331 -0.006392872 -0.06394193 -0.9979452 -0.003735644 0.06396323 -0.9979664 0.003693401 0.06363661 -0.9979668 0.003715895 -0.06362716 -0.997943 -0.003714449 -0.06400026 -0.9979444 -0.004180451 0.06394925 -0.997965 0.004133611 0.06363046 -0.9979656 0.004158739 -0.0636197 -0.9979419 -0.004156975 -0.06399113 -0.997943 -0.004733066 0.06393254 -0.997963 0.004680734 0.06362281 -0.9979637 0.004709057 -0.06361035 -0.9979401 -0.004706891 -0.06397942 -0.9979409 -0.005443516 0.06391034 -0.9979602 0.005384462 0.06361258 -0.9979609 0.005416666 -0.06359878 -0.9979375 -0.005413911 -0.06396438 -0.9979369 -0.00642669 0.06388009 -0.9979553 0.006358743 0.06359871 -0.9979561 0.006396351 -0.06358252 -0.997933 -0.006392792 -0.06394362 -0.0293165 -0.9975544 0.06345016 -0.02931231 -0.9975544 -0.06345204 0.02931286 -0.9975543 -0.06345195 0.02931591 -0.9975544 0.06345016 0.0293129 -0.9975543 -0.06345204 0.02931586 -0.9975544 0.06345014 -0.02931641 -0.9975544 0.06345008 -0.02931231 -0.9975544 -0.06345206 -0.02995708 -0.003763711 -0.9995442 -0.02995699 0.003763518 -0.9995442 0.02995708 0.003763518 -0.9995442 0.02995699 -0.003763711 -0.9995442 0.02995705 0.003763519 -0.9995442 0.02995695 -0.003763711 -0.9995442 -0.02995704 -0.003763712 -0.9995442 -0.02995693 0.003763518 -0.9995442 -0.02931618 0.9975788 -0.06306455 -0.02931313 0.9975787 0.063068 0.02931248 0.9975787 0.06306804 0.02931683 0.9975789 -0.06306451 0.02931244 0.9975787 0.06306805 0.02931678 0.9975789 -0.06306452 -0.02931613 0.9975788 -0.06306455 -0.02931308 0.9975787 0.063068 -0.0299524 0.003400863 0.9995456 -0.02996202 -0.004126363 0.9995425 0.02996192 -0.004126363 0.9995425 0.0299523 0.003400866 0.9995456 0.02996192 -0.004126365 0.9995425 0.02995226 0.003400863 0.9995456 -0.02995236 0.003400861 0.9995456 -0.02996202 -0.004126365 0.9995425 -0.02931711 -0.9975544 0.0634509 -0.02931229 -0.9975545 -0.06345137 0.02931294 -0.9975544 -0.0634513 0.02931643 -0.9975544 0.06345095 0.02931297 -0.9975544 -0.06345139 0.02931638 -0.9975543 0.06345093 -0.02931703 -0.9975544 0.06345084 -0.0293123 -0.9975545 -0.0634514 -0.029953 -0.00421184 -0.9995424 -0.02995292 0.004212272 -0.9995424 0.02995301 0.004212273 -0.9995424 0.02995292 -0.004211839 -0.9995424 0.02995297 0.004212273 -0.9995424 0.02995289 -0.004211839 -0.9995424 -0.02995296 -0.004211841 -0.9995424 -0.02995288 0.004212271 -0.9995424 -0.02931612 0.9975787 -0.06306611 -0.02931273 0.9975787 0.06306655 0.02931202 0.9975788 0.06306659 0.02931684 0.9975787 -0.06306605 0.02931197 0.9975788 0.06306658 0.0293168 0.9975787 -0.06306607 -0.02931607 0.9975787 -0.06306612 -0.02931268 0.9975787 0.06306656 -0.02994758 0.003805717 0.9995443 -0.02995813 -0.004618395 0.9995405 0.02995804 -0.004618392 0.9995405 0.02994768 0.00380572 0.9995443 0.02995805 -0.004618397 0.9995405 0.02994765 0.003805717 0.9995443 -0.02994755 0.003805716 0.9995443 -0.02995813 -0.004618398 0.9995405 -0.02931769 -0.9975543 0.06345013 -0.0293123 -0.9975544 -0.06345166 0.02931304 -0.9975544 -0.0634516 0.02931694 -0.9975543 0.06345017 0.02931308 -0.9975544 -0.06345169 0.02931689 -0.9975543 0.06345016 -0.02931762 -0.9975543 0.06345004 -0.0293123 -0.9975544 -0.0634517 -0.02994731 -0.004768999 -0.9995401 -0.02994739 0.004769487 -0.9995401 0.02994732 0.004769489 -0.9995401 0.02994738 -0.004768997 -0.9995401 0.02994728 0.004769489 -0.9995401 0.02994735 -0.004768997 -0.9995401 -0.02994726 -0.004768999 -0.9995401 -0.02994734 0.004769487 -0.9995401 -0.02931603 0.9975787 -0.06306542 -0.02931222 0.9975788 0.0630677 0.02931142 0.9975787 0.06306776 0.02931682 0.9975787 -0.06306534 0.02931138 0.9975787 0.06306776 0.02931679 0.9975787 -0.06306536 -0.02931598 0.9975787 -0.06306542 -0.02931218 0.9975788 0.06306772 -0.02994156 0.00430965 0.9995424 -0.02995327 -0.005228835 0.9995376 0.02995337 -0.00522883 0.9995376 0.02994147 0.004309653 0.9995424 0.02995338 -0.005228833 0.9995376 0.02994144 0.004309651 0.9995424 -0.02994152 0.004309647 0.9995424 -0.02995327 -0.005228838 0.9995376 -0.02931831 -0.9975544 0.06344923 -0.02931232 -0.9975544 -0.06345188 0.02931315 -0.9975544 -0.06345176 0.02931745 -0.9975544 0.06344928 0.0293131 -0.9975544 -0.06345176 0.02931751 -0.9975544 0.06344929 -0.02931826 -0.9975544 0.06344921 -0.02931237 -0.9975544 -0.06345192 -0.02993871 -0.005484773 -0.9995367 -0.02993875 0.005485902 -0.9995367 0.02993872 0.0054859 -0.9995367 0.02993874 -0.005484775 -0.9995367 0.0299387 0.005485895 -0.9995367 0.02993874 -0.005484783 -0.9995367 -0.0299387 -0.005484773 -0.9995367 -0.0299387 0.005485903 -0.9995367 -0.02931578 0.9975787 -0.06306521 -0.02931067 0.9975787 0.06306791 0.02930962 0.9975787 0.06306797 0.02931684 0.9975787 -0.06306517 0.02930958 0.9975789 0.06306798 0.0293168 0.9975787 -0.06306517 -0.02931574 0.9975787 -0.06306522 -0.02931063 0.9975787 0.06306788 -0.02993495 0.004956738 0.9995396 -0.0299455 -0.006013948 0.9995335 0.02994549 -0.006013928 0.9995335 0.02993499 0.004956726 0.9995396 0.0299455 -0.006013932 0.9995335 0.02993496 0.004956718 0.9995396 -0.02993491 0.004956734 0.9995396 -0.0299455 -0.006013953 0.9995335 -0.0293196 -0.9975544 0.06344888 -0.02931241 -0.9975544 -0.06345209 0.02931341 -0.9975543 -0.06345195 0.02931857 -0.9975544 0.06344891 0.02931345 -0.9975543 -0.06345204 0.02931852 -0.9975544 0.0634489 -0.02931952 -0.9975544 0.0634488 -0.02931242 -0.9975544 -0.06345212 -0.02992884 -0.006477047 -0.999531 -0.02992886 0.00647705 -0.999531 0.02992884 0.006477047 -0.999531 0.02992886 -0.006477049 -0.999531 0.0299288 0.006477048 -0.999531 0.02992882 -0.00647705 -0.999531 -0.02992879 -0.006477047 -0.999531 -0.02992881 0.00647705 -0.999531 -0.02931561 0.9975789 -0.06306523 -0.02930966 0.9975787 0.06306841 0.02930842 0.9975789 0.06306849 0.02931684 0.9975787 -0.06306517 0.02930838 0.9975789 0.06306852 0.0293168 0.9975787 -0.06306517 -0.02931556 0.9975789 -0.06306525 -0.02930961 0.9975787 0.06306843 -0.02992387 0.005854234 0.999535 -0.02993679 -0.007099865 0.9995266 0.02993678 -0.007099843 0.9995266 0.02992392 0.005854221 0.999535 0.02993678 -0.007099846 0.9995266 0.02992389 0.005854217 0.999535 -0.02992385 0.005854233 0.999535 -0.02993679 -0.00709987 0.9995266 0.9979668 0.003716068 -0.06362703 0.9979664 0.003693417 0.06363638 0.9979454 -0.003735555 0.06396148 0.9979429 -0.003714531 -0.06400206 -0.9979656 0.003694135 0.06364946 -0.9979678 0.003715058 -0.0636128 -0.9979441 -0.003713688 -0.06398409 -0.9979444 -0.003736503 0.06397784 0.9979656 0.004158941 -0.06361958 0.997965 0.004133617 0.06363027 0.9979445 -0.004180333 0.06394789 0.9979418 -0.00415708 -0.06399291 -0.997964 0.004134535 0.06364491 -0.9979666 0.004157697 -0.06360372 -0.997943 -0.004156014 -0.0639733 -0.9979435 -0.004181519 0.06396549 0.9979637 0.004709296 -0.06361057 0.997963 0.004680724 0.06362301 0.9979431 -0.00473292 0.0639308 0.9979401 -0.004707028 -0.06398089 -0.997962 0.004681925 0.06363924 -0.9979649 0.004707731 -0.06359243 -0.9979414 -0.004705657 -0.06395962 -0.9979419 -0.004734425 0.0639508 0.9979609 0.005416992 -0.06359892 0.9979602 0.005384365 0.06361253 0.9979409 -0.005443291 0.06390887 0.9979375 -0.005414085 -0.06396593 -0.997959 0.005386047 0.06363154 -0.9979622 0.005414927 -0.06357834 -0.9979391 -0.005412274 -0.06394204 -0.9979395 -0.005445295 0.06393113 0.9979561 0.006396774 -0.06358266 0.9979553 0.006358589 0.06359868 0.9979371 -0.006426385 0.06387865 0.9979329 -0.006393034 -0.06394517 -0.997954 0.006360963 0.06362119 -0.9979576 0.006393946 -0.0635586 -0.9979347 -0.006390504 -0.06391775 -0.9979354 -0.006429149 0.06390444 -0.002906924 -0.997665 0.06823712 -0.002729293 -0.997644 -0.06854929 0.002738874 -0.9979272 -0.06429476 0.002562858 -0.9979226 0.06437495 -0.002782938 0.01755902 -0.999842 0.00278294 0.01755906 -0.999842 0.002782939 -0.01755923 -0.999842 -0.002782941 -0.01755927 -0.999842 -0.002729679 0.997672 -0.0681425 -0.002729395 0.9976717 0.06814566 0.00272933 0.9976717 0.0681458 0.002729743 0.9976719 -0.06814231 4.7226e-5 -0.01784765 0.9998407 0.005613796 -0.01789127 0.9998242 0.005613062 0.01727064 0.9998352 4.80113e-5 0.01722715 0.9998517 -0.002867116 -0.9976599 0.06831218 -0.002729288 -0.9976439 -0.06855155 0.00273683 -0.9978677 -0.06521188 0.002598699 -0.9978639 0.06527513 -0.002772592 0.02795518 -0.9996054 0.002772593 0.02795525 -0.9996054 0.002772594 -0.02795518 -0.9996054 -0.002772593 -0.02795525 -0.9996054 -0.002729674 0.9976718 -0.06814399 -0.00272936 0.9976718 0.06814417 0.002729289 0.9976718 0.06814431 0.002729745 0.9976718 -0.06814381 -0.004924167 -0.02847064 0.9995825 6.22144e-4 -0.02841766 0.9995959 6.2098e-4 0.02743981 0.9996234 -0.004923115 0.02749261 0.9996099 -0.002907135 -0.997326 0.07302399 -0.002723872 -0.9973032 -0.07334264 0.0027338 -0.9976354 -0.06867465 0.002553401 -0.9976303 0.06875668 -0.0027764 0.02410244 -0.9997057 0.0027764 0.02410249 -0.9997057 0.002776529 -0.02410014 -0.9997058 -0.002776525 -0.02410019 -0.9997058 -0.002734858 0.997663 -0.06827398 -0.002522389 0.9976565 0.06837574 0.002939786 0.9972975 0.07341103 0.002723363 0.9972704 -0.07378604 -0.002782655 -0.01880541 0.9998193 0.002782652 -0.01880547 0.9998193 0.002781573 0.01799431 0.9998342 -0.002781575 0.01799434 0.9998342 -0.002624325 -0.9976309 0.06874353 -0.002729269 -0.9976426 -0.06857003 0.002723111 -0.9974474 -0.07135308 0.002839211 -0.9974506 0.07130536 -0.002778577 0.02204743 -0.9997531 0.002778576 0.02204749 -0.9997531 0.002778578 -0.02204743 -0.9997531 -0.002778576 -0.02204749 -0.9997531 -0.002732461 0.9976671 -0.06821387 -0.002621694 0.9976637 0.06826627 0.00283477 0.9974875 0.07078532 0.002726558 0.9974747 -0.07096992 -0.002777149 -0.02458453 0.9996939 0.002777436 -0.02458675 0.9996939 0.002775946 0.02353115 0.9997193 -0.00277571 0.02353332 0.9997192 -0.00241885 -0.9976079 0.06908348 -0.002729252 -0.9976416 -0.06858481 0.002709442 -0.9969947 -0.07742205 0.003078041 -0.9970034 0.07729689 -0.002779388 0.02122743 -0.9997708 0.002779389 0.02122748 -0.9997708 0.002779388 -0.02122743 -0.9997708 -0.002779391 -0.02122748 -0.9997708 -0.002714255 0.9971845 -0.07493842 -0.002997686 0.997191 0.07484273 0.002483149 0.9976435 0.06856575 0.002729724 0.9976707 -0.06816093 -0.002780105 -0.02184914 0.9997574 0.002780105 -0.02184922 0.9997574 0.002778404 0.0206057 0.9997838 -0.002778408 0.02060573 0.9997838 -0.9978262 0.01714039 0.06363304 -0.9978285 0.01717169 -0.06358866 -0.997825 -0.01716521 -0.06364682 -0.9978243 -0.01716937 0.06365451 0.9975378 0.01714761 -0.06800219 0.9975384 0.01714154 0.06799442 0.9975361 -0.0171729 0.06802135 0.9975333 -0.01714056 -0.06807109 -0.9973257 0.02730751 0.06779272 -0.9973285 0.0272966 -0.0677549 -0.9973246 -0.02729176 -0.06781394 -0.9973251 -0.02733696 0.06779083 0.9975507 0.02733866 -0.06438521 0.9975502 0.02729533 0.0644094 0.99755 -0.02732031 0.06440192 0.9975473 -0.0273331 -0.06443944 -0.9974119 0.02348368 0.06795776 -0.9974157 0.02352999 -0.06788494 -0.9974107 -0.02351724 -0.06796324 -0.9974099 -0.0235289 0.06796876 0.9970136 0.02348869 -0.07356729 0.9970144 0.02347329 0.07356266 0.9970118 -0.0235233 0.07358123 0.9970068 -0.02347466 -0.07366391 -0.997963 0.02153204 0.06005189 -0.9979658 0.02159284 -0.05998367 -0.9979624 -0.02157941 -0.06004474 -0.9979619 -0.02157074 0.06005707 0.9974562 0.02153825 -0.06795014 0.9974575 0.02154082 0.06793188 0.9974553 -0.02158693 0.06794783 0.997451 -0.02152316 -0.06803264 -0.9974742 0.02070103 0.06794658 -0.9974782 0.02072367 -0.06788089 -0.9974711 -0.02071477 -0.06798895 -0.9974712 -0.02075282 0.06797455 0.9974763 0.02073167 -0.06790538 0.997476 0.0206933 0.06792179 0.9974732 -0.02074425 0.06794827 0.9974691 -0.02072257 -0.06801492 -0.002779943 0.02060034 -0.9997839 0.002779944 0.02060039 -0.9997839 0.002779943 -0.02060059 -0.9997839 -0.002779944 -0.02060064 -0.9997839 -0.002779943 0.02060034 -0.9997839 0.002779944 0.02060039 -0.9997839 0.002779944 -0.02060059 -0.9997839 -0.002779944 -0.02060064 -0.9997839 0.002779944 -0.02060059 -0.9997839 -0.002779944 -0.02060064 -0.9997839 -0.002779944 0.02060035 -0.9997839 0.002779944 0.0206004 -0.9997839 0.002775649 -0.02491569 -0.9996857 -0.002775648 -0.02491575 -0.9996857 -0.002775649 0.02491569 -0.9996857 0.002775648 0.02491575 -0.9996857 -0.005560357 -0.02098829 0.9997643 3.40688e-7 -0.02093829 0.9997808 -5.49126e-7 0.02021277 0.9997958 -0.005559548 0.02026279 0.9997792 -0.002776148 -0.0253521 0.9996747 0.002776148 -0.02535218 0.9996747 0.002775148 0.02447927 0.9996965 -0.002775149 0.02447931 0.9996965 0.002779554 0.02023783 0.9997913 -0.002779554 0.02023787 0.9997913 -0.002780365 -0.02096309 0.9997765 0.002780366 -0.02096315 0.9997765 -5.49317e-7 0.02021276 0.9997958 -0.005559548 0.02026279 0.9997792 -0.005560357 -0.02098829 0.9997643 3.39846e-7 -0.02093829 0.9997808 -0.002777462 0.02309961 -0.9997293 0.00277746 0.02309966 -0.9997293 0.002777462 -0.02309961 -0.9997293 -0.00277746 -0.02309966 -0.9997293 -0.002780852 0.01968136 -0.9998025 0.002780851 0.0196814 -0.9998024 0.002780851 -0.01968042 -0.9998025 -0.00278085 -0.01968046 -0.9998025 0.002777462 -0.0230996 -0.9997293 -0.002777461 -0.02309966 -0.9997293 -0.002777462 0.0230996 -0.9997293 0.002777461 0.02309966 -0.9997293 0.002777461 -0.02309906 -0.9997293 -0.002777464 -0.02309911 -0.9997293 -0.002777463 0.02310016 -0.9997294 0.002777462 0.02310021 -0.9997294 -0.00492925 -0.02352745 0.999711 6.26567e-4 -0.02348398 0.999724 6.25596e-4 0.0226719 0.9997429 -0.004928352 0.02271521 0.9997299 -0.00277793 -0.02350618 0.9997199 0.00277793 -0.02350624 0.9997199 0.002776993 0.02269303 0.9997386 -0.002776993 0.02269307 0.9997386 0.002776994 0.02269359 0.9997386 -0.002776994 0.02269362 0.9997386 -0.002777929 -0.02350562 0.9997199 0.002777932 -0.02350569 0.9997199 -1.39653e-4 0.0193083 0.9998136 -0.005700535 0.01935856 0.9997963 -0.005701245 -0.02005398 0.9997827 -1.38866e-4 -0.02000358 0.9997999 -0.9974969 0.0200998 0.06779326 -0.9974992 0.0201129 -0.06775559 -0.9974949 -0.02010766 -0.06782127 -0.9974952 -0.02013004 0.06781116 -0.9974918 0.02012168 0.06786094 -0.9974937 0.02011224 -0.06783854 -0.9974892 -0.02011058 -0.0679042 -0.9974901 -0.02014836 0.06787911 -0.9974723 -0.02010854 -0.06815331 -0.9974729 -0.02014639 0.0681313 -0.9974748 0.02011955 0.06811282 -0.9974767 0.02011015 -0.06808708 -0.9973911 -0.02431872 -0.0679689 -0.997391 -0.024345 0.06795982 -0.9973922 0.024313 0.06795432 -0.9973952 0.02432608 -0.06790598 0.9974982 0.02011749 -0.06776937 0.997498 0.0200952 0.06777947 0.9974961 -0.02012544 0.06779731 0.9974939 -0.02011224 -0.06783513 0.997776 0.02014869 -0.06353831 0.9977754 0.02011198 0.06356115 0.9977742 -0.02013544 0.06357238 0.9977724 -0.02014674 -0.0635957 0.9977602 -0.02013379 0.06379132 0.9977583 -0.02014498 -0.06381639 0.997762 0.02014672 -0.06375913 0.9977615 0.0201099 0.06377919 0.9973925 -0.02433831 0.0679403 0.9973896 -0.02432533 -0.06798855 0.9973937 0.0243329 -0.06792496 0.9973936 0.02430671 0.0679355 -0.9974483 0.02254107 0.06774133 -0.9974508 0.02255424 -0.0676992 -0.9974467 -0.02254784 -0.06776312 -0.997447 -0.02257246 0.0677517 -0.9971411 0.01918051 0.07308913 -0.9971426 0.01917304 -0.07306857 -0.9971369 -0.01917187 -0.07314678 -0.9971383 -0.01920996 0.07311866 -0.997424 -0.02254789 -0.0680951 -0.9974245 -0.02258592 0.06807508 -0.9974259 0.02255734 0.068064 -0.9974284 0.02255122 -0.06803069 -0.9974298 -0.02254547 -0.06801155 -0.9974298 -0.02257034 0.0680033 -0.9974312 0.02253861 0.06799258 -0.997434 0.02255201 -0.06794715 0.9974496 0.02255994 -0.06771453 0.9974495 0.02253538 0.06772605 0.997448 -0.02256674 0.06773637 0.9974455 -0.02255356 -0.06777845 0.9975091 0.01921461 -0.06787253 0.997508 0.01917758 0.06789786 0.9975061 -0.0192036 0.06791872 0.9975045 -0.01921337 -0.06793903 0.9976518 -0.02257393 0.0646652 0.9976495 -0.02258168 -0.06469748 0.9976531 0.02258503 -0.06464011 0.9976528 0.02254803 0.06465866 0.9974312 -0.02256452 0.06798479 0.9974284 -0.02255123 -0.06803018 0.9974326 0.02255793 -0.06796505 0.9974325 0.02253319 0.06797476 -0.002779745 0.02086824 -0.9997784 0.002779743 0.02086829 -0.9997784 0.002779745 -0.02086824 -0.9997784 -0.002779743 -0.02086828 -0.9997784 -0.00278218 0.01839987 -0.9998268 0.00278218 0.01839991 -0.9998268 0.00278218 -0.01839987 -0.9998268 -0.002782179 -0.01839991 -0.9998268 0.002779745 -0.02086823 -0.9997784 -0.002779743 -0.02086828 -0.9997784 -0.002779745 0.02086824 -0.9997784 0.002779743 0.02086828 -0.9997784 -0.005445404 -0.02135137 0.9997572 1.15087e-4 -0.02130284 0.9997731 1.13846e-4 0.02038499 0.9997922 -0.005444255 0.02043355 0.9997765 3.68944e-4 -0.02459827 0.9996973 0.005922863 -0.02466416 0.9996783 0.005921853 0.02360419 0.9997039 3.70105e-4 0.02353832 0.999723 0.005925251 0.02043787 0.9997736 3.67173e-4 0.02038062 0.9997922 3.65926e-4 -0.02129855 0.9997731 0.005926391 -0.02135579 0.9997544 -0.002776571 0.02405883 -0.9997068 0.00277657 0.02405889 -0.9997067 0.002776573 -0.02405884 -0.9997068 -0.002776569 -0.02405889 -0.9997068 -0.002776575 0.02406114 -0.9997067 0.002776576 0.02406119 -0.9997067 0.002776571 -0.02405654 -0.9997067 -0.002776567 -0.0240566 -0.9997067 0.002774151 -0.02647394 -0.9996457 -0.002774151 -0.02647401 -0.9996457 -0.002774153 0.02647395 -0.9996457 0.00277415 0.026474 -0.9996457 -0.001136624 -0.02703605 0.9996339 0.004412972 -0.02707358 0.9996237 0.004411699 0.0259122 0.9996546 -0.001135253 0.02587438 0.9996645 0.002634348 -0.02248047 0.9997438 0.008192121 -0.02258289 0.9997115 0.008191134 0.02161506 0.9997329 0.002635604 0.02150905 0.9997653 0.004414013 0.02354829 0.9997131 -0.00113763 0.02351157 0.999723 -0.001138878 -0.02456971 0.9996974 0.004415185 -0.02460617 0.9996875 -0.9974907 0.02033131 0.06781537 -0.9974944 0.02037397 -0.06774991 -0.9974889 -0.02036317 -0.06783229 -0.9974884 -0.02037351 0.06783621 -0.9975272 0.01794598 0.06795172 -0.9975299 0.01796221 -0.06790884 -0.9975241 -0.01795687 -0.06799358 -0.9975245 -0.01798201 0.06798214 -0.9971313 -0.02032858 -0.07291113 -0.9971324 -0.02037343 0.0728846 -0.9971353 0.0203344 0.07285335 -0.9971382 0.02033172 -0.07281517 0.9970953 0.02033746 -0.07339895 0.9970961 0.0203233 0.07339355 0.9970927 -0.02037061 0.07342452 0.9970883 -0.02032604 -0.0734979 0.9975287 0.01796664 -0.06792513 0.9975285 0.01794121 0.06793527 0.9975256 -0.01797749 0.06796645 0.997523 -0.01796149 -0.06800923 0.9974688 -0.02036506 0.06812775 0.9974661 -0.02037058 -0.06816424 0.9974718 0.02037374 -0.06808161 0.997471 0.02033025 0.06810595 -0.997427 0.02345851 0.06774235 -0.9974306 0.02349082 -0.06767805 -0.9974256 -0.02347971 -0.06775742 -0.9974255 -0.02350083 0.06775171 -0.9974203 0.02347292 0.06783685 -0.9974237 0.02348994 -0.06778176 -0.9974185 -0.02348107 -0.0678608 -0.9974188 -0.02351251 0.06784575 -0.99735 -0.02583422 -0.06801122 -0.9973498 -0.02585759 0.06800704 -0.9973509 0.02581405 0.06800594 -0.9973551 0.02584716 -0.06793331 0.9972344 0.02347425 -0.07051595 0.9972346 0.02345074 0.07052184 0.9972326 -0.02349565 0.07053542 0.9972285 -0.02346284 -0.07060356 0.997422 0.02349758 -0.06780241 0.9974219 0.02346533 0.06781638 0.9974203 -0.02350506 0.06782541 0.9974169 -0.02348876 -0.06788181 0.9971548 -0.0258509 0.07081036 0.9971504 -0.02581618 -0.07088625 0.997156 0.02582937 -0.07080072 0.9971564 0.02580393 0.07080465 -0.002779389 0.02122744 -0.9997708 0.002779389 0.02122748 -0.9997708 0.002779389 -0.02122743 -0.9997708 -0.002779389 -0.02122748 -0.9997708 0.002779389 -0.02122743 -0.9997708 -0.002779388 -0.02122748 -0.9997708 -0.002779387 0.02122743 -0.9997708 0.00277939 0.02122749 -0.9997708 0.002014755 -0.02180445 0.9997602 0.007574508 -0.02189534 0.9997316 0.007573179 0.02064972 0.9997582 0.002016306 0.02055909 0.9997866 -0.0010444 0.02056822 0.9997879 -0.006601332 0.02064096 0.9997652 -0.006602691 -0.02188666 0.9997388 -0.001042856 -0.02181351 0.9997615 -0.9969878 0.02067024 0.07475337 -0.9969913 0.02066565 -0.07470756 -0.9969813 -0.02066162 -0.07484232 -0.9969833 -0.02072457 0.07479891 -0.9974616 -0.02070685 -0.06812861 -0.9974606 -0.02071785 0.0681406 -0.9974636 0.02065995 0.0681136 -0.9974689 0.02072249 -0.06801827 0.9974859 0.02072797 -0.06776666 0.9974847 0.02066776 0.06780407 0.9974819 -0.02071339 0.06783037 0.9974786 -0.02072374 -0.06787601 0.996806 -0.02071069 0.07712989 0.9967987 -0.0206439 -0.07724102 0.9968097 0.02066072 -0.07709476 0.9968113 0.02064122 0.07707933 -0.002906123 0.9976874 0.06790707 0.002563702 0.9979414 0.06408316 0.002738677 0.9979462 -0.06399904 -0.002729104 0.9976671 -0.06821296 -0.002564256 0.9979346 0.06418622 0.002914167 0.9976739 0.06810569 0.002724712 0.9976697 -0.06817435 -0.002734907 0.9979526 -0.06390157 0.002729791 -0.997649 0.06847595 -0.00272986 -0.997649 0.06847597 -0.002729374 -0.9976489 -0.06847809 0.002729442 -0.9976489 -0.06847808 0.002910224 -0.9976767 0.06806342 -0.002561107 -0.9979367 0.06415675 -0.002738687 -0.9979413 -0.06407499 0.002729025 -0.9976556 -0.06838139 -0.002924403 0.9973205 0.07309927 0.002537483 0.9976519 0.06844131 0.002733947 0.9976577 -0.06834938 -0.002723128 0.9972956 -0.07344615 -0.002866319 0.9976768 0.06806379 0.002598827 0.9978787 0.06504877 0.002736642 0.9978825 -0.06498554 -0.0027291 0.9976611 -0.06830078 0.002729761 -0.997649 0.06847619 -0.002729785 -0.9976491 0.06847542 -0.002729345 -0.9976488 -0.06847898 0.002729436 -0.9976489 -0.06847817 0.002602412 -0.9978688 0.06519998 -0.002870837 -0.9976653 0.06823363 -0.002725818 -0.9976615 -0.06829354 0.002733722 -0.9978827 -0.06498264 -0.002729277 0.9976646 0.06824842 0.002729233 0.9976645 0.06824975 0.002729652 0.9976647 -0.06824753 -0.002729577 0.9976646 -0.0682489 -0.002525697 0.9976341 0.06870211 0.0029461 0.9972685 0.07380283 0.002717718 0.9972633 -0.07388266 -0.002730017 0.9976565 -0.0683675 0.002942137 -0.9972708 0.07377151 -0.002522688 -0.9976351 0.06868629 -0.002734042 -0.9976414 -0.068588 0.002722461 -0.997243 -0.07415482 -0.002729542 -0.9976577 -0.06835172 0.002729585 -0.9976575 -0.06835266 0.002729915 -0.9976578 0.06834981 -0.002730028 -0.9976577 0.0683508 -0.002729201 0.9976646 0.06824933 0.002729145 0.9976644 0.06825147 0.002729665 0.9976647 -0.06824695 -0.002729576 0.9976646 -0.06824912 -0.002430516 0.9981419 0.06088465 0.003081955 0.9976833 0.06796031 0.002719693 0.9976763 -0.0680786 -0.002739181 0.9981718 -0.06037986 0.003073141 -0.9976935 0.0678121 -0.002425051 -0.9981474 0.06079319 -0.002746056 -0.9981565 -0.06063106 0.002728563 -0.9976521 -0.06843262 -0.002729555 -0.9976576 -0.06835093 0.002729625 -0.9976575 -0.06835308 0.002730084 -0.9976578 0.0683488 -0.002730185 -0.9976577 0.06835005 -0.002729018 0.9976621 0.0682856 0.002728947 0.9976621 0.06828491 0.00272959 0.9976622 -0.06828316 -0.002729451 0.9976623 -0.06828252 0.002730035 -0.997653 0.06841949 -0.002730171 -0.9976531 0.06841861 -0.002729428 -0.9976527 -0.06842253 0.002729514 -0.9976528 -0.06842159 0.002729989 -0.9976663 0.06822398 -0.002730052 -0.9976663 0.06822413 -0.002729652 -0.9976662 -0.06822733 0.002729715 -0.9976661 -0.06822745 0.002567664 -0.9979305 0.06425128 -0.002911621 -0.9976739 0.06810516 -0.002724808 -0.9976695 -0.06817786 0.002734927 -0.9979477 -0.0639758 -0.002906537 0.9976704 0.06815656 0.002562845 0.9979272 0.06430367 0.002738428 0.997932 -0.06422068 -0.002728825 0.9976498 -0.06846525 -0.002729038 0.9976546 0.06839611 0.002728986 0.9976545 0.06839674 0.002729474 0.9976548 -0.06839358 -0.002729388 0.9976547 -0.06839425 0.002730039 -0.9976663 0.06822532 -0.002730074 -0.9976664 0.0682247 -0.002729621 -0.9976662 -0.06822647 0.002729721 -0.9976662 -0.0682258 0.002541441 -0.9976388 0.06863312 -0.002930121 -0.9973036 0.07332773 -0.002718595 -0.9972985 -0.07340684 0.002730127 -0.9976595 -0.06832315 -0.002866587 0.9976655 0.06823201 0.002598429 0.9978688 0.06520119 0.002736453 0.9978726 -0.06513639 -0.002728926 0.9976496 -0.06846746 -0.002729075 0.9976545 0.06839659 0.002728992 0.9976545 0.06839645 0.002729439 0.9976548 -0.06839354 -0.00272939 0.9976548 -0.06839342 0.002941543 -0.9972889 0.07352787 -0.002523491 -0.9976495 0.06847715 -0.002734279 -0.9976558 -0.06837715 0.002722725 -0.9972614 -0.07390846 -0.002906557 0.9973344 0.07290831 0.002553359 0.9976372 0.06865603 0.002733378 0.9976428 -0.06856894 -0.002723437 0.9973119 -0.0732233 0.002836195 -0.9974799 0.0708927 -0.002622832 -0.9976568 0.0683667 -0.002732179 -0.9976599 -0.06831719 0.002726267 -0.9974666 -0.07108427 -0.002623157 0.9976379 0.06864289 0.002837733 0.9974582 0.0711976 0.002723472 0.9974557 -0.07123773 -0.002729609 0.9976497 -0.06846569 0.002483059 -0.9976342 0.06870104 -0.002998657 -0.9971787 0.07500353 -0.002714917 -0.9971718 -0.07510676 0.002730329 -0.9976612 -0.06829939 -0.0024175 0.9976173 0.06894857 0.003075244 0.9970168 0.07712499 0.002710467 0.9970087 -0.07724345 -0.002730129 0.9976512 -0.06844424 0.9956922 0.007471878 -0.0924186 0.9957153 0.007511733 0.09216766 0.9964226 -0.006835307 0.08423368 0.9947919 -0.008232404 -0.1015942 0.9956824 0.00855996 -0.09242964 0.9957083 0.008605763 0.09214539 0.9964164 -0.007825731 0.08422107 0.9947971 -0.009420423 -0.10144 0.9956679 0.009996963 -0.09244207 0.9956976 0.01005085 0.0921156 0.9964069 -0.009132409 0.08420245 0.9948014 -0.01098579 -0.1012398 0.9956437 0.01206037 -0.09245705 0.9956785 0.01212659 0.09207188 0.9963896 -0.01100533 0.08418238 0.9948037 -0.01322568 -0.1009492 -0.9963987 -0.006824041 0.08451672 -0.9957436 0.007516106 0.09186001 -0.9956511 0.007465521 -0.09286249 -0.994841 -0.008249015 -0.1011101 -0.996389 -0.007812355 0.08454504 -0.995741 0.008611496 0.09179319 -0.9956352 0.008551637 -0.09293739 -0.9948533 -0.009440459 -0.1008864 -0.9963748 -0.009115815 0.08458304 -0.9957355 0.01005866 0.09170485 -0.9956128 0.00998567 -0.0930344 -0.9948669 -0.01101043 -0.1005912 -0.9963512 -0.01098406 0.08463968 -0.995724 0.01213795 0.09157672 -0.9955775 0.01204393 -0.09317008 -0.994882 -0.01325805 -0.1001696 -0.003718821 -0.9805288 0.1963402 -0.003487725 -0.9998969 0.01393393 0.003484679 -0.9998943 0.01411747 0.003722045 -0.9804946 0.1965115 -0.003612478 0.9957432 -0.09209993 -0.003611998 0.9957271 0.09227376 0.00361296 0.9957438 0.09209413 0.003611521 0.9957266 -0.09227907 -0.00371885 -0.9805288 0.19634 -0.003487806 -0.9998968 0.01393432 0.00348479 -0.9998943 0.01411786 0.003722043 -0.9804945 0.1965113 -0.003612391 0.9957432 -0.09210095 -0.003611997 0.9957271 0.09227396 0.003612935 0.9957438 0.09209432 0.003611456 0.9957266 -0.0922801 -0.003718883 -0.9805288 0.1963407 -0.003487907 -0.9998968 0.01393463 0.003484907 -0.9998943 0.01411835 0.003722052 -0.9804944 0.1965122 -0.003612261 0.995743 -0.09210175 -0.003611999 0.9957272 0.0922742 0.003612903 0.9957438 0.09209457 0.00361136 0.9957265 -0.0922809 -0.003718932 -0.9805288 0.1963399 -0.003488035 -0.9998968 0.01393492 0.003485078 -0.9998943 0.01411864 0.003722056 -0.9804945 0.1965114 -0.003612089 0.9957429 -0.09210311 -0.003611999 0.9957271 0.09227387 0.003612859 0.9957438 0.09209426 0.003611232 0.9957263 -0.09228227 0.05649414 0.1876569 -0.9806086 0.05485411 -0.1907456 -0.9801057 -0.00820575 0.03387379 -0.9993924 -0.009110678 -0.0339208 -0.9993831 -0.05425796 -0.1907727 -0.9801336 0.008638695 0.03337571 -0.9994056 -0.0571137 0.1876235 -0.9805791 0.008653916 -0.03440918 -0.9993703 0.05802184 -0.1849058 0.981042 0.05655174 0.1888714 0.9803723 -0.008571386 -0.03380571 0.9993917 -0.009462589 0.03193863 0.9994451 -0.05607715 0.1888724 0.9803992 0.009001174 -0.03331617 0.9994044 -0.0585121 -0.1849007 0.9810138 0.009010721 0.0324106 0.9994341 -0.9913697 -0.01434411 -0.1303089 -0.9908643 0.01559583 -0.1339576 -0.9928026 0.01291937 0.1190634 -0.9922301 -0.01443557 0.1235761 -0.003492253 0.9740732 -0.2262061 0.003497834 0.9743751 -0.224902 0.003872395 0.9998168 0.01874417 -0.003877519 0.9998426 0.01731724 0.9899024 0.01554101 -0.140896 0.9922273 -0.01434531 -0.1236092 0.9917328 -0.0141623 0.1275366 0.9932391 0.01318633 0.1153354 0.003686456 -0.992292 -0.1238663 -0.003695763 -0.9924633 -0.1224866 -0.003687699 -0.9922902 0.1238821 0.003697011 -0.9924615 0.122502 0.06500608 0.1793257 -0.9816398 0.06293716 -0.1819054 -0.9812998 -0.009775637 0.03238102 -0.9994278 -0.01074457 -0.03224307 -0.9994223 -0.06238399 -0.1820431 -0.9813096 0.01019206 0.0319139 -0.9994388 -0.06558253 0.1791853 -0.9816271 0.01030578 -0.03270084 -0.9994121 0.06691501 -0.1766801 0.9819911 0.06506989 0.1802667 0.9814632 -0.01023296 -0.03221041 0.9994287 -0.01118984 0.03043043 0.9994742 -0.06463157 0.1803802 0.9814712 0.010646 -0.03175182 0.9994392 -0.06736864 -0.1765674 0.9819804 0.01075591 0.03087232 0.9994655 -0.9916192 -0.01146794 -0.128685 -0.9909823 0.0124683 -0.1334123 -0.9929261 0.01033441 0.1182835 -0.9923058 -0.01150773 0.1232752 -0.003492001 0.9740695 -0.2262221 0.003497537 0.9743714 -0.224918 0.003872369 0.9998168 0.01874661 -0.003877445 0.9998426 0.01731957 0.9902158 0.01243134 -0.1389896 0.9923027 -0.01146694 -0.1233046 0.9919096 -0.01133195 0.1264407 0.993274 0.0105086 0.1153098 0.003686694 -0.9922933 -0.1238565 -0.003696045 -0.9924645 -0.1224768 -0.00368774 -0.9922915 0.1238714 0.003697095 -0.9924628 0.1224912 0.07262433 0.171774 -0.9824558 0.07016674 -0.173985 -0.9822453 -0.01117887 0.03101768 -0.9994563 -0.01220643 -0.03077071 -0.9994519 -0.06965004 -0.1741873 -0.9822462 0.01157959 0.03057591 -0.9994655 -0.07316341 0.1715711 -0.9824513 0.01178435 -0.03120353 -0.9994436 0.074885 -0.1692508 0.9827241 0.07269736 0.1725385 0.9823164 -0.01171954 -0.03078804 0.9994572 -0.01273305 0.02908456 0.9994959 -0.07229044 0.172718 0.982315 0.01211683 -0.03035457 0.9994658 -0.07530683 -0.1690747 0.982722 0.01231595 0.02950204 0.9994889 -0.9917776 -0.009582643 -0.1276143 -0.9910536 0.01041823 -0.133058 -0.9930033 0.008638909 0.1177709 -0.9923508 -0.009597845 0.1230768 -0.00349182 0.974067 -0.2262331 0.00349732 0.974369 -0.2249287 0.003872349 0.9998168 0.01874764 -0.00387738 0.9998426 0.01732042 0.990415 0.01039111 -0.1377318 0.9923475 -0.009581092 -0.1231051 0.9920204 -0.009474593 0.1257216 0.9932929 0.008762952 0.1152924 0.003686874 -0.9922941 -0.1238511 -0.003696261 -0.9924651 -0.1224714 -0.003687758 -0.9922926 0.1238629 0.003697149 -0.9924638 0.1224829 0.07969511 0.1647048 -0.983118 0.07687042 -0.1666236 -0.9830196 -0.01248142 0.02974188 -0.9994797 -0.01356121 -0.02941735 -0.9994752 -0.07638717 -0.1668659 -0.9830163 0.01286704 0.0293221 -0.9994872 -0.08020009 0.1644632 -0.9831174 0.01315529 -0.0298284 -0.9994684 0.08228349 -0.162298 0.983305 0.07977279 0.1653327 0.9830064 -0.0130973 -0.02946898 0.9994799 -0.01416224 0.02783606 0.9995122 -0.07939351 0.1655536 0.9829999 0.01347944 -0.02905741 0.9994869 -0.08267704 -0.1620822 0.9833076 0.0137613 0.02823229 0.9995067 -0.9918901 -0.008214531 -0.1268326 -0.9911028 0.0089308 -0.1327991 -0.9930567 0.00740802 0.1174031 -0.9923809 -0.008216544 0.1229331 -0.003491692 0.9740649 -0.2262416 0.003497174 0.974367 -0.2249372 0.003872351 0.9998167 0.01874893 -0.003877365 0.9998425 0.01732165 0.9905565 0.008909619 -0.1368155 0.9923778 -0.008212968 -0.122959 0.9920982 -0.008125689 0.1252003 0.9933046 0.007500706 0.1152808 0.003687005 -0.9922945 -0.1238464 -0.003696413 -0.9924657 -0.1224668 -0.003687784 -0.9922934 0.1238569 0.003697196 -0.9924645 0.1224769 0.9956992 0.006607648 -0.09240944 0.9957197 0.006642651 0.09218588 0.996427 -0.006047729 0.08424195 0.994787 -0.007286599 -0.1017142 -0.9964058 -0.006037972 0.08449272 -0.9957448 0.006646201 0.09191364 -0.9956627 0.006602734 -0.092802 -0.9948306 -0.007300504 -0.1012858 -0.003718823 -0.9805288 0.1963402 -0.003487735 -0.9998969 0.01393392 0.003484688 -0.9998943 0.01411747 0.003722046 -0.9804946 0.1965115 -0.003612478 0.9957432 -0.09209993 -0.003611998 0.9957271 0.09227376 0.00361296 0.9957438 0.09209413 0.003611521 0.9957266 -0.09227907 0.08636142 0.1579555 -0.9836624 0.08321027 -0.159697 -0.9836529 -0.0136925 0.02849659 -0.9995001 -0.01486012 -0.02818203 -0.9994923 -0.0827553 -0.1599643 -0.9836478 0.01406289 0.02809651 -0.9995063 -0.08683392 0.1576899 -0.9836634 0.01446888 -0.02857344 -0.999487 0.08927572 -0.1556944 0.9837627 0.086455 0.1585075 0.9835655 -0.01439781 -0.02822579 0.9994979 -0.01551038 0.02665841 0.9995244 -0.08610144 0.1587546 0.9835566 0.01476536 -0.02783395 0.9995036 -0.08964336 -0.1554534 0.9837674 0.01512497 0.02703531 0.9995201 -0.9919752 -0.007161598 -0.1262303 -0.9911394 0.007787603 -0.132598 -0.9930972 0.006460935 0.1171159 -0.9924022 -0.007156672 0.122828 -0.003491691 0.9740651 -0.226241 0.003497175 0.9743671 -0.2249368 0.003872363 0.9998167 0.01874848 -0.003877378 0.9998426 0.01732106 0.9906633 0.00777032 -0.1361096 0.9923997 -0.007160045 -0.122848 0.9921561 -0.007087396 0.1248043 0.9933128 0.006532496 0.1152689 0.003687005 -0.9922945 -0.1238464 -0.003696413 -0.9924657 -0.1224668 -0.003687784 -0.9922934 0.1238569 0.003697196 -0.9924645 0.1224769 -0.9996462 0.003964708 0.02630271 -0.9996366 0.003955165 -0.02666934 -0.9995396 -0.004516932 -0.03000266 -0.9996958 -0.003625489 0.02439559 -0.9996451 0.004556168 0.02625274 -0.9996341 0.004542561 -0.02666763 -0.9995373 -0.005195538 -0.02997027 -0.9996924 -0.004173468 0.02444903 -0.9996428 0.005337622 0.02618903 -0.9996303 0.005316919 -0.02666562 -0.9995336 -0.006092635 -0.02992438 -0.9996873 -0.004899756 0.02451983 -0.9996386 0.006426232 0.0261047 -0.9996241 0.006392688 -0.02666259 -0.9995273 -0.007343225 -0.02985506 -0.9996795 -0.005915903 0.02461889 -0.9996294 0.008116347 0.02598344 -0.9996122 0.008053475 -0.02665804 -0.9995148 -0.009282142 -0.0297354 -0.999665 -0.007502208 0.02477378 0.9995392 -0.004515612 -0.03001625 0.9996368 0.003955313 -0.02665753 0.9996464 0.003964664 0.02629217 0.9996955 -0.003626465 0.02440528 0.9995368 -0.005194031 -0.02998592 0.9996345 0.004542753 -0.02665419 0.9996453 0.00455612 0.02624055 0.9996921 -0.004174572 0.02446024 0.9995331 -0.006090873 -0.02994269 0.9996308 0.005317188 -0.02664987 0.9996431 0.005337529 0.02617486 0.999687 -0.004901007 0.024533 0.9995266 -0.007341138 -0.02987697 0.9996246 0.006393063 -0.02664371 0.999639 0.00642611 0.02608759 0.999679 -0.005917354 0.02463488 0.9995139 -0.009279536 -0.0297632 0.9996128 0.008054049 -0.02663424 0.9996301 0.008116185 0.02596183 0.9996644 -0.007503949 0.0247939 0.0698873 -0.9942685 0.08090639 0.0758282 -0.9883153 0.1322231 -0.07580866 -0.9883167 0.1322239 -0.06990539 -0.9942673 0.08090682 0.07666036 -0.004358931 0.9970478 0.07355653 0.003510085 0.9972849 -0.07358469 0.003509952 0.9972828 -0.07663121 -0.004359062 0.99705 0.07301977 0.9969923 0.02597105 0.07302175 0.9969922 -0.02597097 -0.07302019 0.9969923 -0.02597103 -0.07302134 0.9969922 0.025971 0.07352815 0.003452162 -0.9972873 0.07016275 -0.004332247 -0.9975262 -0.07013353 -0.004332378 -0.9975282 -0.07355879 0.003452025 -0.9972849 0.0698893 -0.9942684 0.08090644 0.07583016 -0.9883152 0.1322229 -0.07581087 -0.9883167 0.1322237 -0.06990722 -0.9942671 0.08090685 0.07664552 -0.005018014 0.9970459 0.07353932 0.00404089 0.9972841 -0.07357158 0.004040708 0.9972818 -0.0766122 -0.005018178 0.9970484 0.07301838 0.9969924 0.02597076 0.07302015 0.9969922 -0.02597148 -0.07301833 0.9969923 -0.02597153 -0.07302014 0.9969923 0.02597071 0.07350873 0.003964987 -0.9972867 0.07015917 -0.004974797 -0.9975234 -0.07012535 -0.004974974 -0.9975258 -0.07354379 0.003964804 -0.9972841 0.06989174 -0.9942682 0.08090628 0.07583184 -0.9883151 0.1322224 -0.07581281 -0.9883166 0.1322232 -0.06990934 -0.994267 0.08090667 0.07662272 -0.005890415 0.9970428 0.07352225 0.004745041 0.9972824 -0.07356 0.004744831 0.9972795 -0.07658337 -0.005890688 0.9970459 0.0730139 0.9969927 0.02597142 0.07301772 0.9969925 -0.02597127 -0.07301554 0.9969926 -0.02597133 -0.07301609 0.9969926 0.02597137 0.07348014 0.00464082 -0.9972859 0.07015246 -0.005821338 -0.9975193 -0.070113 -0.005821583 -0.9975221 -0.07352117 0.004640574 -0.9972829 0.06989552 -0.9942681 0.08090628 0.07583603 -0.988315 0.1322217 -0.07581748 -0.9883162 0.1322224 -0.0699126 -0.9942667 0.08090667 0.07659321 -0.007112219 0.9970372 0.07349228 0.005730855 0.9972793 -0.07353755 0.005730556 0.997276 -0.07654588 -0.007112611 0.9970407 0.07301199 0.9969928 0.0259716 0.07301448 0.9969926 -0.02597154 -0.07301201 0.9969928 -0.02597161 -0.07301447 0.9969926 0.02597152 0.07344309 0.005579777 -0.9972838 0.07014561 -0.006997122 -0.9975122 -0.07009809 -0.006997481 -0.9975156 -0.07349271 0.005579426 -0.9972802 0.06990492 -0.9942673 0.08090603 0.07583969 -0.9883148 0.1322209 -0.07582191 -0.988316 0.1322216 -0.06992137 -0.9942662 0.08090641 0.0765557 -0.009016286 0.9970245 0.07344548 0.007272049 0.9972727 -0.07350311 0.00727149 0.9972685 -0.0764959 -0.009016838 0.9970291 0.0730049 0.9969934 0.0259721 0.07301126 0.9969929 -0.02597182 -0.07300815 0.9969931 -0.02597192 -0.07300799 0.9969931 0.025972 0.0733824 0.007028728 -0.9972791 0.07013503 -0.008812912 -0.9974986 -0.07007542 -0.008813517 -0.9975027 -0.07344437 0.007028224 -0.9972746 0.9996462 0.003964729 0.02630272 0.9996958 -0.003625558 0.0243956 0.9995396 -0.004516872 -0.03000272 0.9996366 0.003955116 -0.02666935 0.9996451 0.004556168 0.02625274 0.9996924 -0.004173468 0.02444896 0.9995373 -0.005195539 -0.02997018 0.9996341 0.004542561 -0.02666763 0.9996428 0.005337622 0.02618903 0.9996873 -0.004899756 0.02451983 0.9995336 -0.006092635 -0.02992438 0.9996303 0.005316919 -0.02666562 0.9996386 0.006426232 0.0261047 0.9996795 -0.005915903 0.02461889 0.9995273 -0.007343225 -0.02985506 0.9996241 0.006392688 -0.02666259 0.9996294 0.008116347 0.02598344 0.999665 -0.007502208 0.02477378 0.9995148 -0.009282142 -0.0297354 0.9996122 0.008053475 -0.02665804 -0.9995392 -0.004515548 -0.0300163 -0.9996955 -0.003626534 0.02440529 -0.9996464 0.003964687 0.02629218 -0.9996368 0.003955265 -0.02665754 -0.9995368 -0.005194031 -0.02998583 -0.9996921 -0.004174573 0.02446016 -0.9996453 0.00455612 0.02624055 -0.9996345 0.004542753 -0.02665419 -0.9995331 -0.006090873 -0.0299427 -0.999687 -0.004901006 0.024533 -0.9996431 0.005337529 0.02617486 -0.9996308 0.005317188 -0.02664987 -0.9995266 -0.007341138 -0.02987697 -0.999679 -0.005917355 0.02463488 -0.999639 0.00642611 0.02608759 -0.9996246 0.006393063 -0.02664371 -0.9995139 -0.009279536 -0.0297632 -0.9996644 -0.00750395 0.0247939 -0.9996301 0.008116185 0.02596183 -0.9996128 0.008054049 -0.02663424 -0.06988907 -0.9942684 0.08090623 0.06990719 -0.9942671 0.08090663 0.07580842 -0.9883167 0.1322243 -0.07582793 -0.9883153 0.1322236 -0.07665927 -0.004358763 0.9970478 0.07663013 -0.004358896 0.99705 0.07358363 0.003509779 0.9972829 -0.07355545 0.003509912 0.9972849 -0.07301942 0.9969924 0.02597109 0.07302096 0.9969923 0.02597105 0.07302102 0.9969923 -0.02597097 -0.07302257 0.9969921 -0.02597093 -0.07352654 0.003452194 -0.9972874 0.07355715 0.003452054 -0.997285 0.07013145 -0.004332407 -0.9975284 -0.07016066 -0.004332279 -0.9975263 -0.0698893 -0.9942684 0.08090625 0.06990722 -0.9942671 0.08090667 0.07581086 -0.9883165 0.1322238 -0.07583015 -0.9883152 0.1322231 -0.07664576 -0.005018012 0.9970459 0.07661241 -0.005018177 0.9970483 0.07357159 0.004040709 0.9972818 -0.07353932 0.00404089 0.9972841 -0.07301838 0.9969924 0.02597076 0.07302014 0.9969923 0.02597071 0.07301833 0.9969923 -0.02597153 -0.07302015 0.9969922 -0.02597148 -0.07350873 0.003964987 -0.9972867 0.07354379 0.003964804 -0.9972841 0.07012557 -0.004974972 -0.9975258 -0.0701594 -0.004974796 -0.9975235 -0.06989174 -0.9942682 0.08090628 0.06990934 -0.994267 0.08090667 0.07581281 -0.9883166 0.1322232 -0.07583184 -0.9883151 0.1322224 -0.07662272 -0.005890415 0.9970428 0.07658337 -0.005890688 0.9970459 0.07356 0.004744831 0.9972795 -0.07352225 0.004745041 0.9972824 -0.0730139 0.9969927 0.02597142 0.07301609 0.9969926 0.02597137 0.07301554 0.9969926 -0.02597133 -0.07301772 0.9969925 -0.02597127 -0.07348014 0.00464082 -0.9972859 0.07352117 0.004640574 -0.9972829 0.07011302 -0.005821583 -0.9975221 -0.07015246 -0.005821338 -0.9975193 -0.06989551 -0.9942681 0.08090628 0.0699126 -0.9942667 0.08090667 0.07581748 -0.9883162 0.1322224 -0.07583603 -0.988315 0.1322217 -0.07659321 -0.007112219 0.9970372 0.07654588 -0.007112611 0.9970407 0.07353754 0.005730556 0.997276 -0.07349228 0.005730855 0.9972793 -0.07301199 0.9969928 0.0259716 0.07301447 0.9969926 0.02597152 0.073012 0.9969928 -0.02597161 -0.07301448 0.9969926 -0.02597154 -0.07344309 0.005579777 -0.9972838 0.07349271 0.005579426 -0.9972802 0.07009809 -0.006997481 -0.9975156 -0.07014561 -0.006997121 -0.9975122 -0.06990492 -0.9942673 0.08090603 0.06992137 -0.9942662 0.08090641 0.07582191 -0.988316 0.1322216 -0.07583969 -0.9883148 0.1322209 -0.0765557 -0.009016286 0.9970245 0.0764959 -0.009016839 0.9970291 0.07350311 0.00727149 0.9972685 -0.07344548 0.007272049 0.9972727 -0.0730049 0.9969934 0.0259721 0.07300799 0.9969931 0.025972 0.07300815 0.9969931 -0.02597192 -0.07301126 0.9969929 -0.02597182 -0.07338241 0.007028728 -0.9972791 0.07344437 0.007028224 -0.9972746 0.07007542 -0.008813517 -0.9975027 -0.07013503 -0.008812912 -0.9974986</float_array>
          <technique_common>
            <accessor source="#geom-Iona_Shelving_Unit-normals-array" count="1564" stride="3">
              <param name="X" type="float"/>
              <param name="Y" type="float"/>
              <param name="Z" type="float"/>
            </accessor>
          </technique_common>
        </source>
        <source id="geom-Iona_Shelving_Unit-map1">
          <float_array id="geom-Iona_Shelving_Unit-map1-array" count="7641">0.01972625 0.2500025 0 0.7117922 0.09613225 0 0.6944181 0.2028587 0 0.6781313 0.2193084 0 0.003368237 0.2506253 0 0.033501 0.1829907 0 0.7103492 0.1134175 0 0.04477341 0.1316452 0 0.001499993 0.1382169 0 0.7242246 0.2137099 0 5.61026e-4 0.1477499 0 0.7238212 0.2484562 0 0.7159051 0.1626254 0 0.7135736 0.1627906 0 0.01743292 0.2499366 0 0.02093163 0.1893037 0 0.6936148 0.2680475 0 0.6913841 0.2682815 0 0.675123 0.2213981 0 0.6814055 0.2218558 0 0.02060088 0.2060284 0 0.0206487 0.2035951 0 0.03083243 0.1826188 0 0.02995405 0.1129184 0 0.7102304 0.1158629 0 0.7333348 0.1617966 0 0.04151168 0.1343114 0 0.04765875 0.1337998 0 0.7154815 0.1503531 0 0.712983 0.1478975 0 0.713241 0.150338 0 0.01998382 0.2375732 0 0.02004263 0.2351316 0 0.01743 0.2376757 0 0.6931301 0.2557479 0 0.6922441 0.2538173 0 0.6916876 0.2558669 0 0.6745895 0.2343462 0 0.6774216 0.2365764 0 0.6808803 0.2342014 0 0.00290864 0.2383366 0 0.02031753 0.2208422 0 0.02036552 0.2184082 0 0.03321403 0.1705621 0 0.03250014 0.1684205 0 0.03167702 0.170282 0 0.7105185 0.1282804 0 0.7107488 0.1307159 0 0.7327381 0.1494334 0 0.04198898 0.1466788 0 0.04555348 0.1489108 0 0.0482341 0.1466034 0 0.7236943 0.2240891 0 0.7233821 0.2614144 0 5e-4 0.1461543 0 0.001836555 0.1583956 0 0.690204 0.5836609 0 0.69004 0.5808109 0 0.6946416 0.5813518 0 0.6947132 0.5825952 0 0.6913329 0.5862825 0 0.6952057 0.5837387 0 0.6932898 0.5883605 0 0.6960592 0.5846433 0 0.6958395 0.5896449 0 0.6971692 0.5852088 0 0.6986754 0.589979 0 0.6984089 0.5853537 0 0.7014543 0.5893223 0 0.6996219 0.5850668 0 0.7038409 0.587755 0 0.7006635 0.5843828 0 0.7055475 0.5854661 0 0.7014083 0.583384 0 0.7063682 0.5827317 0 0.7017666 0.5821909 0 0.7062041 0.5798818 0 0.701695 0.5809474 0 0.7050752 0.5772601 0 0.7012023 0.5798039 0 0.7031183 0.5751823 0 0.7003489 0.5788993 0 0.7005687 0.5738977 0 0.6992389 0.5783339 0 0.6977327 0.5735636 0 0.6979992 0.578189 0 0.6949538 0.5742203 0 0.6967862 0.5784759 0 0.6925672 0.5757877 0 0.6957446 0.5791599 0 0.6908607 0.5780765 0 0.6949998 0.5801587 0 0.695401 0.5824329 0 0.6953436 0.5814344 0 0.698204 0.5817713 0 0.6957971 0.5833514 0 0.6964853 0.5840791 0 0.6973766 0.5845334 0 0.6983691 0.5846481 0 0.6993425 0.5844175 0 0.7001789 0.5838683 0 0.7007769 0.5830664 0 0.7010646 0.5821084 0 0.7010071 0.5811098 0 0.700611 0.5801913 0 0.6999227 0.5794635 0 0.6990315 0.5790093 0 0.6980391 0.5788946 0 0.6970657 0.5791252 0 0.6962292 0.5796743 0 0.6956311 0.5804763 0 0.6869112 0.5947843 0 0.6827722 0.5927022 0 0.6831303 0.591509 0 0.6877319 0.59205 0 0.6852046 0.5970731 0 0.6820273 0.5937009 0 0.682818 0.5986405 0 0.6809857 0.5943849 0 0.6800391 0.5992972 0 0.6797726 0.5946719 0 0.6772032 0.5989631 0 0.6785331 0.5945269 0 0.6746535 0.5976785 0 0.6774229 0.5939615 0 0.6726967 0.5956007 0 0.6765696 0.5930569 0 0.6715678 0.592979 0 0.6760769 0.5919134 0 0.6714038 0.5901291 0 0.6760054 0.59067 0 0.6722244 0.5873947 0 0.6763636 0.5894768 0 0.673931 0.5851058 0 0.6771083 0.5884781 0 0.6763175 0.5835385 0 0.67815 0.5877941 0 0.6790965 0.5828817 0 0.679363 0.5875071 0 0.6819326 0.5832158 0 0.6806026 0.587652 0 0.684482 0.5845004 0 0.6817127 0.5882175 0 0.686439 0.5865782 0 0.6825661 0.589122 0 0.6875679 0.5892 0 0.6830587 0.5902656 0 0.6821408 0.5923845 0 0.6795679 0.5910895 0 0.6824284 0.5914265 0 0.6815427 0.5931865 0 0.6807064 0.5937357 0 0.6797329 0.5939662 0 0.6787404 0.5938515 0 0.6778491 0.5933973 0 0.6771608 0.5926696 0 0.6767648 0.591751 0 0.6767072 0.5907525 0 0.676995 0.5897945 0 0.677593 0.5889925 0 0.6784293 0.5884432 0 0.6794028 0.5882127 0 0.6803952 0.5883274 0 0.6812865 0.5887817 0 0.6819747 0.5895093 0 0.682371 0.590428 0 0.7940695 0.6460338 0 0.7899303 0.6439518 0 0.7902886 0.6427586 0 0.7948903 0.6432995 0 0.792363 0.6483228 0 0.7891856 0.6449505 0 0.7899764 0.6498901 0 0.788144 0.6456345 0 0.7871975 0.6505468 0 0.786931 0.6459215 0 0.7843615 0.6502127 0 0.7856913 0.6457765 0 0.7818119 0.6489282 0 0.7845812 0.6452111 0 0.779855 0.6468503 0 0.7837279 0.6443065 0 0.7787262 0.6442286 0 0.7832352 0.643163 0 0.778562 0.6413786 0 0.7831636 0.6419196 0 0.7793828 0.6386443 0 0.7835219 0.6407264 0 0.7810894 0.6363555 0 0.7842667 0.6397276 0 0.7834758 0.6347881 0 0.7853082 0.6390436 0 0.7862548 0.6341314 0 0.7865214 0.6387567 0 0.7890908 0.6344655 0 0.7877609 0.6389017 0 0.7916405 0.63575 0 0.788871 0.6394671 0 0.7935972 0.6378279 0 0.7897244 0.6403716 0 0.7947261 0.6404495 0 0.7902171 0.6415151 0 0.789299 0.6436341 0 0.7867261 0.6423391 0 0.7895867 0.642676 0 0.7887009 0.6444361 0 0.7878646 0.6449853 0 0.7868912 0.6452159 0 0.7858987 0.6451012 0 0.7850075 0.6446469 0 0.7843192 0.6439192 0 0.783923 0.6430006 0 0.7838656 0.6420021 0 0.7841533 0.6410441 0 0.7847513 0.6402421 0 0.7855876 0.6396929 0 0.7865611 0.6394623 0 0.7875535 0.639577 0 0.7884447 0.6400313 0 0.7891331 0.640759 0 0.7895291 0.6416775 0 0.7973623 0.6442285 0 0.7971982 0.6413786 0 0.8017997 0.6419195 0 0.8018713 0.643163 0 0.7984912 0.6468502 0 0.8023641 0.6443065 0 0.8004479 0.6489281 0 0.8032174 0.6452111 0 0.8029975 0.6502126 0 0.8043274 0.6457765 0 0.8058335 0.6505468 0 0.8055671 0.6459215 0 0.8086125 0.64989 0 0.8067801 0.6456345 0 0.810999 0.6483228 0 0.8078216 0.6449504 0 0.8127056 0.6460338 0 0.8085665 0.6439517 0 0.8135263 0.6432995 0 0.8089247 0.6427586 0 0.8133623 0.6404496 0 0.8088532 0.6415151 0 0.8122334 0.6378279 0 0.8083605 0.6403716 0 0.8102766 0.6357499 0 0.8075072 0.6394671 0 0.8077269 0.6344655 0 0.806397 0.6389017 0 0.804891 0.6341314 0 0.8051575 0.6387567 0 0.8021121 0.6347881 0 0.8039444 0.6390436 0 0.7997254 0.6363555 0 0.8029029 0.6397276 0 0.798019 0.6386443 0 0.802158 0.6407264 0 0.8025592 0.6430006 0 0.8025017 0.6420021 0 0.8053622 0.6423391 0 0.8029553 0.6439192 0 0.8036436 0.6446468 0 0.8045348 0.6451011 0 0.8055273 0.6452159 0 0.8065007 0.6449853 0 0.8073371 0.644436 0 0.8079351 0.643634 0 0.8082228 0.642676 0 0.8081653 0.6416775 0 0.8077693 0.640759 0 0.8070809 0.6400312 0 0.8061897 0.639577 0 0.8051972 0.6394622 0 0.8042238 0.6396929 0 0.8033874 0.640242 0 0.8027894 0.6410441 0 0.7269664 0.06435187 0 0.01762713 0.2591954 0 0.04693656 0.04004877 0 0.06426524 0.05572545 0 0.7268271 0.01767316 0 0.694028 0.3585682 0 0.0187238 0.2764716 0 0.6832258 0.3070421 0 0.03145623 0.06271978 0 0.006251795 0.06107306 0 0.008692323 0.100099 0 0.03167824 0.04985337 0 0.007004104 0.07110979 0 0.03220644 0.07241051 0 0.03121326 0.08665534 0 0.005896376 0.08580133 0 0.01522786 0.2592406 0 0.01455222 0.3256582 0 0.7261255 0.003524404 0 0.7236764 0.003548909 0 0.04975295 0.1048662 0 0.05199748 0.1051 0 0.06735096 0.0577292 0 0.0610676 0.05850904 0 0.7245655 0.02031131 0 0.7244355 0.0178734 0 0.696932 0.3584805 0 0.698688 0.2887113 0 0.01879545 0.2789135 0 0.0162693 0.2763579 0 0.6864887 0.3098935 0 0.6803123 0.3091545 0 0.002928699 0.2597372 0 0.01541775 0.310821 0 0.01511296 0.3132503 0 0.7262592 0.05191445 0 0.7261187 0.0494699 0 0.7385828 0.00293636 0 0.04977721 0.09262239 0 0.05064197 0.09064025 0 0.05126603 0.09267513 0 0.06827674 0.07074686 0 0.06549869 0.07308768 0 0.0618922 0.07072233 0 0.7391865 0.01724463 0 0.7253529 0.03515345 0 0.7252218 0.03271493 0 0.6945257 0.3461664 0 0.695275 0.3440408 0 0.6960614 0.3459067 0 0.01826555 0.291296 0 0.01798772 0.2937214 0 0.003822573 0.2770344 0 0.6858445 0.3221407 0 0.6821889 0.3243777 0 0.6795468 0.3220093 0 0.03157191 0.06112431 0 0.006565308 0.06270854 0 0.00515904 0.04840087 0 0.02957489 0.09985766 0 0.006722763 0.07276551 0 0.03202808 0.07081872 0 0.03155331 0.08410032 0 0.006378999 0.0882133 0 0.7258414 0.001130474 0 0.01533051 0.2569456 0 0.7267356 0.02010892 0 0.01655878 0.2788704 0 5e-4 0.259905 0 0.002679137 0.2574765 0 0.7386373 5e-4 0 0.7409867 0.002687715 0 0.7416229 0.01729704 0 0.7394404 0.01964259 0 0.003781473 0.2795878 0 0.001434427 0.2774467 0 0.7235533 0.001103835 0 0.6981909 0.2865292 0 0.7138635 0.2970269 0 0.01753127 0.2567479 0 0.04561023 0.03836486 0 0.04725855 0.03795641 0 0.7000806 0.2870811 0 0.03110055 0.04748916 0 0.02097081 0.1868622 0 0.03049596 0.1107407 0 0.01774582 0.252345 0 0.6954958 0.2010087 0 0.6940234 0.2007837 0 9.606e-4 0.2509373 0 0.003377054 0.2530383 0 0.0287488 0.1111162 0 0.01743892 0.2352642 0 0.002609576 0.235927 0 5e-4 0.2383079 0 0.00205879 0.1236872 0 0.7160931 0.1650461 0 0.7337635 0.164204 0 0.7119362 0.09368108 0 0.7358705 0.1618256 0 0.7153914 0.1479152 0 0.7352798 0.1491249 0 0.7328986 0.1470091 0 0.5965988 0.6019288 0 0.5883709 0.6019439 0 0.5883375 0.5836917 0 0.5965653 0.5836766 0 0.7037201 0.5602043 0 0.615549 0.3685655 0 0.6954952 0.5599884 0 0.6959742 0.5417426 0 0.3264179 0.765425 0 0.8400261 0.4477801 0 0.3179003 0.765425 0 0.3179003 0.746533 0 0.5825874 0.6019478 0 0.5743598 0.6019256 0 0.5744089 0.5836738 0 0.5826364 0.5836961 0 0.6524736 0.6019287 0 0.9192011 0.5922155 0 0.6442456 0.6019279 0 0.6442474 0.5836757 0 0.6023147 0.5836918 0 0.6105425 0.5836766 0 0.8195717 0.4449806 0 0.610576 0.6019288 0 0.6023481 0.6019437 0 0.1682852 0.6341317 0 0.8195562 0.3126566 0 0.2720355 0.7467413 0 0.623796 0.3685655 0 0.7041991 0.5419586 0 0.8474271 0.3126566 0 0.2564364 0.7654775 0 0.2482251 0.7649567 0 0.2493804 0.7467412 0 0.8474271 0.4451274 0 0.2575916 0.7472621 0 0.8482832 0.4477803 0 0.3264179 0.746533 0 0.8482832 0.5634434 0 0.5547333 0.6019284 0 0.5465059 0.6019735 0 0.5464061 0.5837217 0 0.839962 0.5634434 0 0.5546337 0.5836768 0 0.6384958 0.6019381 0 0.6302681 0.6019259 0 0.6302947 0.5836736 0 0.6385223 0.5836856 0 0.5686852 0.601955 0 0.4859079 0.6527808 0 0.5604032 0.6019356 0 0.560446 0.5836832 0 0.9274248 0.5922156 0 0.6524754 0.5836765 0 0.6582255 0.5836754 0 0.6664535 0.5836766 0 0.6664504 0.6019287 0 0.9274248 0.6779482 0 0.778335 0.4477694 0 0.6582226 0.6019275 0 0.2803141 0.7469748 0 0.2797996 0.7652195 0 0.271521 0.764986 0 0.6856138 0.5693099 0 0.1760596 0.6341314 0 0.6773345 0.5695253 0 0.3030951 0.7652193 0 0.2948165 0.764986 0 0.2953309 0.7467412 0 0.3036097 0.7469745 0 0.6902728 0.5460146 0 0.6819937 0.5462303 0 0.919144 0.5870855 0 0.9191886 0.4710647 0 0.3179001 0.7459487 0 0.3173157 0.746533 0 0.9274278 0.4710678 0 0.9834589 0.7090867 0 0.5687278 0.5837027 0 0.4941298 0.652781 0 0.6245729 0.6019442 0 0.4941298 0.7541581 0 0.4858432 0.754158 0 0.6162908 0.6019257 0 0.9693425 0.7091992 0 0.9191365 0.6779482 0 0.9610612 0.7090824 0 0.9613191 0.6908321 0 0.9464721 0.5922158 0 0.9696001 0.6909493 0 0.1760461 0.7609559 0 0.6768593 0.5512794 0 0.6815183 0.5279843 0 0.6897975 0.5277686 0 0.9751772 0.7091493 0 0.9750387 0.6908978 0 0.6163312 0.5836736 0 0.5131683 0.6527811 0 0.9464718 0.6779485 0 0.7097694 0.5417425 0 0.8274033 0.3126567 0 0.6851384 0.5510639 0 0.6768053 0.5504887 0 0.6760628 0.5512847 0 0.6015521 0.6019608 0 0.8274666 0.4449815 0 0.6023159 0.6027387 0 0.7991022 0.4449806 0 0.6851509 0.5502684 0 0.8391834 0.4451274 0 0.6814643 0.5271934 0 0.6807218 0.5279893 0 0.2583871 0.7472968 0 0.2576757 0.7464709 0 0.6898102 0.5269731 0 0.6905926 0.5277321 0 0.8391296 0.3126566 0 0.2485865 0.7466754 0 0.9274336 0.5870886 0 0.9833202 0.6908351 0 0.9749991 0.6901062 0 0.9742422 0.6908883 0 0.5554296 0.5836567 0 0.9566712 0.5870866 0 0.554663 0.5828817 0 0.9566647 0.4710657 0 0.9833474 0.69004 0 0.6246131 0.583692 0 0.6162995 0.5828817 0 0.6155349 0.5836564 0 0.5536194 0.6574266 0 0.6393184 0.5836712 0 0.5536194 0.7515234 0 0.6385572 0.5828909 0 0.624648 0.5828972 0 0.5456589 0.7515234 0 0.778335 0.5335068 0 0.7180503 0.5418774 0 0.7177532 0.5601271 0 0.709472 0.5599921 0 0.7177735 0.5609193 0 0.7701112 0.5335068 0 0.7185491 0.5601555 0 0.6574266 0.6019428 0 0.6581889 0.6027223 0 0.6859336 0.5510275 0 0.799085 0.3126566 0 0.6113725 0.6019428 0 0.2493967 0.7459487 0 0.8664631 0.3126566 0 0.3044054 0.7469813 0 0.3036651 0.746181 0 0.3411951 0.7465329 0 0.9841161 0.6908132 0 0.6254089 0.5836781 0 0.6294981 0.583657 0 0.630262 0.5828817 0 0.7094262 0.5607864 0 0.7086763 0.5599948 0 0.6672472 0.6019442 0 0.1682259 0.7609569 0 0.6106113 0.6027206 0 0.8174666 0.3126566 0 0.8174824 0.4449806 0 0.7834674 0.3126571 0 0.2707251 0.7649792 0 0.2714656 0.7657796 0 0.1972762 0.6341314 0 0.7834415 0.4449826 0 0.765769 0.444982 0 0.588302 0.5828999 0 0.5875407 0.5836776 0 0.7657909 0.3126577 0 0.2805955 0.7652574 0 0.1972601 0.7609559 0 0.279811 0.7660122 0 0.623796 0.5011551 0 0.6959608 0.5409502 0 0.8664631 0.4451274 0 0.6951782 0.5417061 0 0.8482019 0.4451274 0 0.2945352 0.746703 0 0.2953195 0.7459487 0 0.3497677 0.7465329 0 0.8482019 0.3126566 0 0.8761509 0.4451275 0 0.3497677 0.7654224 0 0.3411951 0.7654224 0 0.8761889 0.3126568 0 0.7042534 0.5411649 0 0.6154951 0.5011551 0 0.7049953 0.541964 0 0.3406109 0.7654224 0 0.5456093 0.5837105 0 0.3411953 0.7660068 0 0.974857 0.4710657 0 0.8675051 0.4477806 0 0.5463679 0.5829301 0 0.8675051 0.5634435 0 0.3264179 0.7459487 0 0.849224 0.5634434 0 0.849224 0.4477806 0 0.974857 0.5870866 0 0.3270024 0.746533 0 0.9465734 0.4710678 0 0.3179001 0.7660093 0 0.9465665 0.5870886 0 0.9283057 0.5870889 0 0.5695445 0.5837005 0 0.5687855 0.5829175 0 0.5456093 0.6574266 0 0.5735646 0.6574266 0 0.5735646 0.7515234 0 0.5743767 0.5828817 0 0.5131683 0.7541583 0 0.5736121 0.583656 0 0.5552618 0.7515234 0 0.5596705 0.5836546 0 0.4949165 0.7541583 0 0.5604368 0.5828817 0 0.5552618 0.6574266 0 0.5826721 0.5829011 0 0.5834325 0.5836824 0 0.4949165 0.6527811 0 0.6664845 0.6027206 0 0.9703958 0.6909447 0 0.9696442 0.6901549 0 0.7700466 0.4477694 0 0.6442131 0.5828838 0 0.6434507 0.5836601 0 0.9282188 0.6779485 0 0.928219 0.5922156 0 0.9605226 0.6908054 0 0.9612964 0.69004 0 0.9563534 0.6779485 0 0.6525087 0.5828817 0 0.6532711 0.583661 0 0.6574287 0.5836597 0 0.6581914 0.5828835 0 0.9562779 0.5922158 0 0.5965973 0.5828817 0 0.5973611 0.5836595 0 0.601518 0.5836776 0 0.6022792 0.5828999 0 0.5883389 0.6027387 0 0.587575 0.601961 0 0.5973954 0.6019428 0 0.5966341 0.6027205 0 0.6105744 0.5828817 0 0.6113384 0.5836596 0 0.2803697 0.7461811 0 0.2811101 0.7469815 0 0.6864104 0.5693046 0 0.6856681 0.5701005 0 0.2712398 0.7467033 0 0.2720242 0.7459487 0 0.6773223 0.5703208 0 0.6765396 0.5695618 0 0.7229641 0.1331493 0 0.7141842 0.132827 0 0.7154089 0.0991855 0 0.7241994 0.09950829 0 0.7281642 0.09925138 0 0.7363392 0.09918796 0 0.7366003 0.1328506 0 0.7284151 0.1329142 0 0.7130627 0.3888134 0 0.7048671 0.3886916 0 0.7052819 0.3600916 0 0.7134877 0.3602137 0 0.6990759 0.3981336 0 0.6908911 0.3980094 0 0.6913142 0.3694097 0 0.6995093 0.3695339 0 0.7862031 0.3126569 0 0.795963 0.3126566 0 0.2572306 0.7655434 0 0.2564204 0.76627 0 0.6954408 0.5607821 0 0.694699 0.5599831 0 0.7045162 0.5602407 0 0.7037333 0.5609968 0 0.2481415 0.7657478 0 0.2474298 0.7649218 0 0.2947608 0.7657796 0 0.2940204 0.7649791 0 0.6910694 0.5460095 0 0.6903271 0.5468053 0 0.3038908 0.7652575 0 0.3031063 0.7660119 0 0.6819814 0.5470257 0 0.6811986 0.5462667 0 0.6338361 0.5721838 0 0.6256633 0.5720237 0 0.6260625 0.5511129 0 0.6342455 0.5512732 0 0.6536972 0.5464538 0 0.6623358 0.5464832 0 0.6860192 0.3980004 0 0.6778601 0.3982706 0 0.676913 0.3696835 0 0.6850617 0.3694137 0 0.6622648 0.5673978 0 0.6536159 0.5673683 0 0.778257 0.5626006 0 0.8944142 0.3126568 0 0.7700936 0.5625764 0 0.7701694 0.5371351 0 0.7783223 0.5371595 0 0.8016385 0.5625801 0 0.7934647 0.5626042 0 0.7933894 0.5371632 0 0.3173157 0.765425 0 0.3270024 0.765425 0 0.3264179 0.7660093 0 0.5555303 0.6019397 0 0.554772 0.6027201 0 0.3182524 0.559857 0 0.3094994 0.5598653 0 0.3098921 0.3453221 0 0.8015531 0.5371391 0 0.7973597 0.6883749 0 0.3180485 0.3453144 0 0.5464768 0.6027687 0 0.54571 0.6019935 0 0.9283037 0.4710678 0 0.350352 0.7654224 0 0.9842554 0.7090961 0 0.9834987 0.7098783 0 0.3497677 0.7660068 0 0.3497677 0.7459487 0 0.9751502 0.7099445 0 0.9743816 0.709171 0 0.350352 0.7465329 0 0.7887321 0.6883792 0 0.7887295 0.6629376 0 0.7973469 0.6629333 0 0.8249277 0.56258 0 0.795981 0.4449806 0 0.7861753 0.4449825 0 0.3406109 0.7465329 0 0.8446386 0.6630138 0 0.852805 0.6629333 0 0.8530573 0.6872911 0 0.8448785 0.6873715 0 0.8027179 0.6629545 0 0.6442117 0.6027228 0 0.6434494 0.6019434 0 0.65327 0.6019444 0 0.6525071 0.6027206 0 0.6664867 0.5828817 0 0.6672492 0.5836612 0 0.961017 0.7098767 0 0.9602651 0.7090869 0 0.7089733 0.5417142 0 0.7097485 0.5409502 0 0.9701384 0.7092263 0 0.9693645 0.7099916 0 0.7180963 0.5410832 0 0.7188463 0.5418746 0 0.7192292 0.3321372 0 0.7273999 0.3322506 0 0.8100802 0.6628473 0 0.8101197 0.6874754 0 0.8027445 0.687583 0 0.7132236 0.4302547 0 0.8167536 0.5626055 0 0.8166847 0.5371643 0 0.8248484 0.5371389 0 0.7886936 0.6620932 0 0.7878801 0.6629251 0 0.7791731 0.5371491 0 0.7783642 0.5363121 0 0.642819 0.3685655 0 0.6392925 0.6019548 0 0.6385289 0.6027299 0 0.574324 0.6027206 0 0.5735636 0.6019391 0 0.583384 0.6019655 0 0.5826192 0.6027398 0 0.6302335 0.6027208 0 0.6294723 0.6019404 0 0.8955637 0.7097564 0 0.8873948 0.7100426 0 0.1787278 0.7609559 0 0.8865702 0.6865153 0 0.5603453 0.6027207 0 0.5595865 0.6019379 0 0.6253694 0.6019613 0 0.6246048 0.6027361 0 0.5694605 0.6019838 0 0.5686938 0.6027564 0 0.6162563 0.6027205 0 0.6154951 0.6019397 0 0.70503 0.4302983 0 0.7048662 0.4020703 0 0.713073 0.4020265 0 0.6388246 0.5459411 0 0.6306443 0.5460197 0 0.6303225 0.5139229 0 0.8777403 0.5634439 0 0.8776654 0.4477809 0 0.7188448 0.4579817 0 0.7281796 0.4579357 0 0.7283242 0.484621 0 0.7189765 0.484667 0 0.5230319 0.7541583 0 0.5229561 0.6527811 0 0.8944525 0.4451275 0 0.8753933 0.4451274 0 0.7693195 0.5371198 0 0.7701331 0.5362912 0 0.7270324 0.3599887 0 0.7188445 0.3598751 0 0.9802007 0.7234979 0 0.9883711 0.7236252 0 0.9879388 0.7513623 0 0.9797513 0.7512345 0 0.6385155 0.513844 0 0.6845034 0.4815519 0 0.6769128 0.4814998 0 0.6771069 0.4532717 0 0.895806 0.4477692 0 0.8958811 0.5634321 0 0.7190385 0.3740674 0 0.7264027 0.3741191 0 0.7262256 0.401859 0 0.7188443 0.4018071 0 0.7270139 0.3180575 0 0.7188443 0.3179433 0 0.9474885 0.4710675 0 0.955789 0.4710657 0 0.8947289 0.6862295 0 0.6524828 0.5428496 0 0.7188603 0.4998659 0 0.7270274 0.4998663 0 0.727026 0.5265524 0 0.7188461 0.5265521 0 0.8388536 0.6874062 0 0.8306604 0.687332 0 0.8308687 0.66293 0 0.8390744 0.6630042 0 0.8248636 0.6874098 0 0.8166838 0.687332 0 0.5872281 0.7515239 0 0.5872632 0.657427 0 0.7192321 0.2902056 0 0.7273845 0.2903197 0 0.6916471 0.4952043 0 0.6998334 0.4954234 0 0.6990918 0.5231542 0 0.6908881 0.5229347 0 0.7352969 0.2389312 0 0.7281646 0.2387298 0 0.7289642 0.211001 0 0.7360795 0.211202 0 0.9745355 0.5921999 0 0.9746107 0.6779324 0 0.7289417 0.2101574 0 0.7281126 0.2109651 0 0.8169025 0.6629298 0 0.8250952 0.6630077 0 0.9319968 0.703642 0 0.9238326 0.703782 0 0.5412195 0.6527675 0 0.5412954 0.7541447 0 0.9239826 0.6815662 0 0.9321353 0.681618 0 0.8726085 0.6629323 0 0.8804485 0.6629329 0 0.8804461 0.6873359 0 0.872593 0.6873351 0 0.7282326 0.2903197 0 0.7274316 0.2894726 0 0.7183821 0.2901821 0 0.719205 0.2893613 0 0.8586314 0.6629322 0 0.8668113 0.6629333 0 0.7361462 0.2103562 0 0.7369295 0.2112142 0 0.6442987 0.5424008 0 0.6459011 0.7692955 0 0.6458648 0.5138408 0 0.6540594 0.5142902 0 0.2502879 0.9857183 0 0.2425556 0.985712 0 0.2424226 0.7692474 0 0.2504209 0.7692541 0 0.7973828 0.6620856 0 0.7981964 0.66292 0 0.7933478 0.5363194 0 0.7925392 0.5371528 0 0.6456825 0.9838381 0 0.6120178 0.9838038 0 0.6122364 0.7692612 0 0.7468004 0.03777243 0 0.6846847 0.453324 0 0.7123816 0.4722124 0 0.7048671 0.4721816 0 0.7049826 0.4439535 0 0.4051923 0.3499335 0 0.41381 0.349929 0 0.413457 0.564472 0 0.405301 0.564476 0 0.8668083 0.6873361 0 0.8586153 0.6873351 0 0.95495 0.7036896 0 0.9471377 0.703689 0 0.9558092 0.5870866 0 0.9474683 0.5870886 0 0.8684725 0.4477809 0 0.8767794 0.4477811 0 0.7179943 0.4018129 0 0.8659179 0.9838408 0 0.7187968 0.4026543 0 0.6991081 0.523999 0 0.858795 0.9838408 0 0.6999414 0.5231888 0 0.7270773 0.4018762 0 0.7262648 0.4027019 0 0.7550094 0.03777243 0 0.7550094 0.2523143 0 0.04165655 0.9871835 0 0.04180397 0.7692829 0 0.06829501 0.7692829 0 0.06849173 0.9871834 0 0.7468004 0.2523143 0 0.6769119 0.411383 0 0.08052918 0.7692534 0 0.6856976 0.4113446 0 0.6858224 0.4399474 0 0.6894478 0.7692439 0 0.6770264 0.4399857 0 0.6997381 0.4399474 0 0.08835526 0.7692446 0 0.08853348 0.9865869 0 0.6338583 0.5730284 0 0.9682403 0.7692486 0 0.6898366 0.9837871 0 0.6561719 0.9838481 0 0.6557831 0.7693049 0 0.7844653 0.03777243 0 0.6346855 0.5722158 0 0.6631849 0.5464705 0 0.6909747 0.4399767 0 0.6623749 0.5456357 0 0.825698 0.5371235 0 0.8248838 0.5362912 0 0.6252122 0.5510811 0 0.626039 0.5502684 0 0.6908891 0.4113741 0 0.6996423 0.4113446 0 0.8768435 0.5634439 0 0.9683428 0.9837908 0 0.9474265 0.9838008 0 0.9473237 0.7692584 0 0.4524283 0.3545882 0 0.7125101 0.4439842 0 5e-4 0.2847023 0 0.8684725 0.5634439 0 0.5733635 0.5734401 0 0.6163456 0.5139287 0 5e-4 0.3268562 0 6.59738e-4 0.3716549 0 0.08046962 0.9865962 0 0.565255 0.573451 0 0.565469 0.3592578 0 0.5731493 0.3592477 0 0.3183367 0.9851856 0 0.9471527 0.6815687 0 0.6245254 0.5138438 0 0.1495897 0.9860858 0 0.1495897 0.7692439 0 0.9549518 0.6815695 0 0.6248579 0.5459402 0 0.3184218 0.769264 0 0.8577659 0.7692724 0 0.6908295 0.5237812 0 0.8659179 0.7692724 0 0.5885251 0.769244 0 0.6900399 0.522924 0 0.5885251 0.9838521 0 0.7183794 0.3321137 0 0.5607821 0.9838521 0 0.9093691 0.7097618 0 0.7844654 0.2523143 0 0.9011983 0.7099913 0 0.9005474 0.6864584 0 0.7558612 0.2523143 0 0.9087079 0.6862292 0 0.7558612 0.03777243 0 0.6908515 0.4105294 0 0.947112 0.6807249 0 0.9463021 0.681554 0 0.1742 0.7692439 0 0.1742 0.9860858 0 0.9329842 0.6816087 0 0.9321778 0.6807706 0 0.9231331 0.6815463 0 0.9239496 0.6807219 0 0.8024888 0.5625902 0 0.8016801 0.5634241 0 0.8015886 0.5362912 0 0.8024028 0.5371236 0 0.8158345 0.5371541 0 0.8166434 0.5363206 0 0.6528482 0.5464354 0 0.6536648 0.5456093 0 0.8176661 0.7692524 0 0.8178543 0.9837949 0 0.7892502 0.9838199 0 0.789062 0.7692775 0 0.3475046 0.3452863 0 0.3477084 0.5598291 0 0.3191042 0.5598562 0 0.3189004 0.3453136 0 0.6166652 0.5460248 0 0.6991793 0.4815041 0 0.6910133 0.4815438 0 0.6908892 0.4533157 0 0.6990423 0.453276 0 0.6908481 0.4524717 0 0.69004 0.4533081 0 0.6855357 0.4533182 0 0.4606374 0.3545882 0 0.4606374 0.569131 0 0.4524283 0.569131 0 0.9995 0.769279 0 0.999141 0.9838217 0 0.9782243 0.9837868 0 0.9785836 0.769244 0 0.4869318 0.3545881 0 0.9549914 0.6807219 0 0.9558011 0.6815549 0 0.8399243 0.6629986 0 0.8391201 0.6621571 0 0.8804861 0.6881797 0 0.8812963 0.6873493 0 0.8300191 0.6629092 0 0.8308382 0.6620856 0 0.3426735 0.769264 0 0.3427865 0.9851856 0 0.3554775 0.7692608 0 0.3630883 0.7692449 0 0.3634272 0.9846084 0 0.3553645 0.9846256 0 0.433792 0.9840381 0 0.433792 0.769244 0 0.719202 0.3312928 0 0.5607821 0.7692439 0 0.7187946 0.3607222 0 0.7179943 0.3598751 0 0.9375386 0.2520893 0 0.9879643 0.7522067 0 0.9456134 0.2521071 0 0.9887888 0.7513872 0 0.9892211 0.7236267 0 0.9884227 0.7227783 0 0.7278823 0.360012 0 0.945204 0.4665801 0 0.9376757 0.4665643 0 0.7270598 0.3608331 0 0.5509101 0.7692439 0 0.7274491 0.3314037 0 0.69004 0.4113653 0 0.685912 0.3693739 0 0.6850734 0.3685652 0 0.8443508 0.247656 0 0.1134266 0.7692439 0 0.1133821 0.9865865 0 0.08904976 0.9865865 0 0.08899044 0.7692441 0 0.1835165 0.9860858 0 0.1835165 0.7692439 0 0.2079026 0.7692439 0 0.2079026 0.9860858 0 0.6760628 0.3697003 0 0.8443507 0.03311342 0 0.6768462 0.3688414 0 0.8678942 0.03311342 0 0.2730704 0.7692544 0 0.2731294 0.9857187 0 0.8678942 0.247656 0 0.2800432 0.5598132 0 0.280436 0.34527 0 0.6996755 0.4104967 0 0.7004921 0.4113303 0 0.7143378 0.3602147 0 0.7135384 0.3593667 0 0.3090401 0.3453223 0 0.3086473 0.5598654 0 0.9013072 0.03311338 0 0.2509747 0.9857187 0 0.251019 0.7692544 0 0.2194755 0.9857112 0 0.2194755 0.7692468 0 0.7700531 0.5634238 0 0.7692438 0.5625864 0 0.7934288 0.5634521 0 0.7926148 0.5626197 0 0.6458724 0.5129959 0 0.6450164 0.5137829 0 0.7044318 0.3600676 0 0.7052553 0.3592471 0 0.654144 0.513446 0 0.6549087 0.5143254 0 0.8865018 0.6856732 0 0.8857202 0.6865314 0 0.6342999 0.5504264 0 0.486932 0.569131 0 0.6350949 0.5512742 0 0.6631145 0.5674163 0 0.7229698 0.1339947 0 0.9013072 0.2476559 0 0.4614888 0.569131 0 0.4614888 0.3545882 0 0.7337165 0.769255 0 0.6622986 0.5682424 0 0.8257778 0.5625902 0 0.8249691 0.5634239 0 0.7982097 0.6883874 0 0.7973973 0.6892195 0 0.7339755 0.9837977 0 0.7040062 0.9838338 0 0.8777635 0.2476559 0 0.7238137 0.1331903 0 0.6999259 0.3981579 0 0.8777635 0.03311338 0 0.6847324 0.4524769 0 0.6762568 0.4532545 0 6.59738e-4 0.3312928 0 0.6773054 0.4952095 0 0.685527 0.4953236 0 0.6851575 0.523235 0 0.6769184 0.5231208 0 0.6587743 0.5138716 0 0.6672464 0.5140037 0 0.6667981 0.5427653 0 0.6770712 0.4524282 0 0.6990764 0.4524282 0 0.6583081 0.5426331 0 0.7037474 0.7692913 0 0.4659215 0.769244 0 0.6998923 0.4532602 0 0.4659215 0.9840381 0 0.7139227 0.4020102 0 0.3922887 0.7692439 0 0.7131064 0.4011786 0 0.3790061 0.5644893 0 6.65647e-4 0.3268562 0 6.65647e-4 0.2847023 0 0.3788977 0.3499468 0 0.8725523 0.6881827 0 0.8717431 0.6873482 0 0.3922044 0.9846075 0 0.7049444 0.4431101 0 0.7041322 0.4439385 0 0.7040171 0.4020635 0 0.7048246 0.4012263 0 0.7125567 0.4431372 0 0.7133613 0.4439763 0 0.8445917 0.6621702 0 0.7188058 0.4571368 0 0.7179943 0.4579735 0 0.8437887 0.6630089 0 0.3640757 0.9846075 0 0.8257138 0.6874311 0 0.8248944 0.6882539 0 0.24173 0.7692468 0 0.8251413 0.6621605 0 0.2417744 0.9857112 0 0.825945 0.6630023 0 0.3639626 0.769244 0 0.639675 0.5459431 0 0.6388716 0.5467846 0 0.4757283 0.9840381 0 0.5509101 0.9838521 0 0.7282497 0.3322503 0 0.5231647 0.9838521 0 0.9793507 0.7234728 0 0.9801757 0.7226533 0 0.9796995 0.7520815 0 0.9789013 0.751233 0 0.5231649 0.7692439 0 0.9740084 0.2521016 0 0.9740151 0.4665748 0 0.9462014 0.4665779 0 0.7187941 0.3187903 0 0.9463379 0.2521049 0 0.8944247 0.7692729 0 0.8945963 0.9838412 0 0.7179943 0.3179433 0 0.6991019 0.3989781 0 0.7943674 0.2523143 0 0.7943674 0.03777243 0 0.6995603 0.368687 0 0.8229718 0.03777243 0 0.8229718 0.2523143 0 0.7003593 0.3695354 0 0.827747 0.9837869 0 0.8281554 0.7692439 0 0.8668467 0.6881803 0 0.8676583 0.6873496 0 0.8676608 0.6629199 0 0.8668494 0.6620856 0 0.005159053 0.9871578 0 0.005159053 0.7692537 0 0.8567595 0.7692983 0 0.8563512 0.9838414 0 0.6858625 0.4407918 0 0.78821 0.7692782 0 0.7883983 0.9838208 0 0.6866727 0.4399551 0 0.7801986 0.9838279 0 0.7794138 0.7692859 0 0.6865475 0.4113293 0 0.727877 0.4998541 0 0.7270655 0.4990187 0 0.03210247 0.7692539 0 0.0322501 0.9871578 0 0.1224581 0.9865943 0 0.1224136 0.7692514 0 0.6113845 0.7692604 0 0.611166 0.9838029 0 0.6857297 0.4104967 0 0.6023695 0.9837939 0 0.6031956 0.769252 0 0.7371892 0.09917159 0 0.7363709 0.09834013 0 0.8687461 0.247656 0 0.8687461 0.03311342 0 0.9095567 0.6861915 0 0.9087222 0.6853809 0 0.8769116 0.03311342 0 0.8769118 0.247656 0 0.6904631 0.3693854 0 0.6465344 0.9838391 0 0.1470916 0.7692514 0 0.1470916 0.9865943 0 0.2085265 0.9860858 0 0.625608 0.5728704 0 0.6248132 0.5720228 0 0.7791079 0.5626158 0 0.7782946 0.5634447 0 0.4043404 0.3499339 0 0.4044492 0.5644764 0 0.7886969 0.6892271 0 0.9843097 0.03311338 0 0.7878832 0.6883923 0 0.6912864 0.3685652 0 0.7145604 0.09914459 0 0.7154048 0.09834013 0 0.8964137 0.7097402 0 0.8956323 0.7105985 0 0.8947369 0.6853809 0 0.8159038 0.5626209 0 0.98431 0.2476562 0 0.816718 0.5634531 0 0.9588668 0.2476562 0 0.9588668 0.03311346 0 0.6527675 0.567381 0 0.6535777 0.5682162 0 0.3411953 0.7459487 0 0.9183771 0.4710644 0 0.8955773 0.6861857 0 0.8996974 0.6864685 0 0.646753 0.7692963 0 0.6549311 0.7693046 0 0.6553199 0.9838479 0 0.7853174 0.2523143 0 0.4401049 0.3499709 0 0.4397519 0.5645138 0 0.9183336 0.5870852 0 0.7853174 0.03777243 0 0.4143091 0.564472 0 0.7935154 0.03777243 0 0.7935153 0.2523143 0 0.414662 0.3499292 0 0.818706 0.9837942 0 0.8185178 0.7692516 0 0.8273033 0.7692439 0 0.9235545 0.2476562 0 0.9235545 0.03311351 0 0.8268951 0.9837871 0 0.9489974 0.03311351 0 0.3485602 0.5598283 0 0.3483564 0.3452856 0 0.3565237 0.3452779 0 0.6385458 0.5129959 0 0.6393655 0.5138255 0 0.6249059 0.5467836 0 0.6257086 0.5459417 0 0.4757283 0.769244 0 0.6253756 0.5138248 0 0.7050644 0.4858875 0 0.7124503 0.4859391 0 0.7122729 0.5137613 0 0.7048696 0.5137095 0 0.7195375 0.4159671 0 0.7273984 0.4161772 0 0.624555 0.5129959 0 0.5078274 0.7692439 0 0.8109391 0.6628321 0 0.8103285 0.6620856 0 0.6294723 0.513921 0 0.6302752 0.513079 0 0.7266862 0.4428044 0 0.7188089 0.4425934 0 0.9489974 0.2476562 0 0.4968342 0.569131 0 0.4968338 0.3545881 0 0.5222769 0.3545881 0 0.8539062 0.687296 0 0.5078273 0.9840381 0 0.8531032 0.6881348 0 0.8528324 0.6620856 0 0.6024329 0.3592471 0 0.8536529 0.6629117 0 0.6023378 0.5734397 0 0.8018573 0.6629426 0 0.5741901 0.5734397 0 0.5222769 0.569131 0 0.7432382 0.9837872 0 0.7436056 0.7692439 0 0.8160528 0.6629089 0 0.8168719 0.6620856 0 0.7291722 0.484629 0 0.7283599 0.4854659 0 0.728206 0.4570872 0 0.7290271 0.4579189 0 0.802673 0.6621021 0 0.6154951 0.513927 0 0.6162981 0.5130849 0 0.6166354 0.5468729 0 0.615815 0.5460438 0 0.6768662 0.4823469 0 0.7180079 0.4998536 0 0.2085265 0.7692439 0 0.7188185 0.4990221 0 0.8577811 0.6629187 0 0.858593 0.6620882 0 0.8585769 0.6881828 0 0.6760628 0.4815055 0 0.8448488 0.6882196 0 0.5741187 0.3592471 0 0.5362912 0.5734521 0 0.5362912 0.3592588 0 0.5645202 0.3592587 0 0.857766 0.6873482 0 0.923809 0.7046301 0 0.9229927 0.7036955 0 0.7189465 0.4855152 0 0.7181266 0.4846836 0 0.8397036 0.6874271 0 0.216651 0.7692439 0 0.8388848 0.6882505 0 0.216651 0.9860858 0 0.5644486 0.5734521 0 0.2847023 0.9851722 0 0.2847023 0.7692492 0 0.7181884 0.3740498 0 0.866768 0.9838411 0 0.866768 0.7692726 0 0.9038606 0.983815 0 0.9038606 0.7692439 0 0.7190021 0.3732243 0 0.6998942 0.4945772 0 0.931604 0.7692442 0 0.931604 0.9838152 0 0.9090155 0.4665647 0 0.9090158 0.25209 0 0.7006835 0.4954343 0 0.7361467 0.2389667 0 0.9367502 0.2520889 0 0.9367502 0.4665639 0 0.559939 0.7692439 0 0.7353166 0.2397747 0 0.7264521 0.3732722 0 0.7272542 0.374113 0 0.7278621 0.3180809 0 0.559939 0.9838521 0 0.5517544 0.9838521 0 0.5517544 0.7692439 0 0.7270384 0.318902 0 0.9004853 0.6856158 0 0.7273124 0.09924822 0 0.7281172 0.09840783 0 0.6760628 0.4113752 0 0.6768736 0.4105385 0 0.6769956 0.4408337 0 0.6761776 0.4400006 0 0.6778499 0.399119 0 0.677011 0.3983102 0 0.8873864 0.7108911 0 0.8865464 0.7100862 0 0.7242665 0.09866235 0 0.7250494 0.09952962 0 0.7139128 0.3888375 0 0.7130889 0.3896579 0 0.6442142 0.5432451 0 0.8804881 0.6620856 0 0.881298 0.6629197 0 0.7278761 0.5265648 0 0.7270647 0.5273963 0 0.9557996 0.7037044 0 0.9549899 0.7045335 0 0.8306163 0.6881794 0 0.8298116 0.6873376 0 0.6434494 0.5423657 0 0.7374509 0.1328539 0 0.7366458 0.1336943 0 0.9102191 0.7097517 0 0.9094315 0.7106044 0 0.7005885 0.4399559 0 0.6997775 0.4407918 0 0.7048166 0.3895386 0 0.6764503 0.495186 0 0.6772782 0.4943597 0 0.6768682 0.5239731 0 0.6760628 0.5231208 0 0.6668246 0.5436412 0 0.6676794 0.5427915 0 0.6681278 0.514005 0 0.6672999 0.5131256 0 0.357324 0.55982 0 0.8434988 0.03311342 0 0.8434988 0.247656 0 0.8353223 0.2476559 0 0.8353224 0.03311342 0 0.7646053 0.3126576 0 0.7645848 0.4449817 0 0.7040171 0.3886906 0 0.6908388 0.3988565 0 0.69004 0.3980082 0 0.7141187 0.133673 0 0.1787417 0.6341314 0 0.2149493 0.7609564 0 0.2149244 0.6341336 0 0.2324514 0.6341335 0 0.2324752 0.7609564 0 0.2012364 0.6341314 0 0.2115032 0.6341335 0 0.2115294 0.7609562 0 0.2012192 0.7609559 0 0.7133353 0.1328057 0 0.6868706 0.3979836 0 0.6860879 0.3988425 0 0.6909428 0.4408246 0 0.6901259 0.439991 0 0.9003496 0.7100288 0 0.9011838 0.7108396 0 0.7275638 0.1329305 0 0.2338091 0.6341332 0 0.233833 0.760956 0 0.602344 0.7692504 0 0.6015179 0.9837925 0 0.3581758 0.5598183 0 0.3573753 0.3452764 0 0.8344706 0.03311342 0 0.8344706 0.2476559 0 0.7283816 0.133762 0 0.6533312 0.5429077 0 0.6524752 0.5436944 0 0.844029 0.6873934 0 0.7140739 0.4302616 0 0.7132668 0.4310984 0 0.7048225 0.4730288 0 0.7040171 0.4721897 0 0.8109791 0.6874875 0 0.8103715 0.6884234 0 0.7000297 0.4815114 0 0.6992225 0.4823479 0 0.7049984 0.4311462 0 0.7041815 0.4303147 0 0.6306145 0.5468678 0 0.6297943 0.5460382 0 0.6853548 0.4815693 0 0.7280946 0.2395752 0 0.7273124 0.2387173 0 0.6907991 0.4951698 0 0.6916334 0.4943597 0 0.06917903 0.9871814 0 0.0685891 0.7692816 0 0.07763518 0.7692474 0 0.07743872 0.9871512 0 0.6845407 0.4823956 0 0.6909806 0.4823915 0 0.6901647 0.4815592 0 0.8018839 0.6875978 0 0.8027024 0.6884397 0 0.7132334 0.4722274 0 0.7124215 0.4730558 0 0.7735751 0.7692952 0 0.7732078 0.9838386 0 0.7028954 0.7692922 0 0.7031544 0.9838349 0 0.6955848 0.983844 0 0.694699 0.7693022 0 0.946472 0.7692589 0 0.9465743 0.9838011 0 0.938386 0.9838051 0 0.9378217 0.769263 0 0.9580149 0.03311346 0 0.9580149 0.2476562 0 0.9498494 0.2476562 0 0.9498494 0.03311351 0 0.9691948 0.9837905 0 0.969092 0.7692479 0 0.9777315 0.7692438 0 0.8166382 0.6881791 0 0.8158344 0.6873374 0 0.9328568 0.7037579 0 0.9320494 0.7044852 0 0.9470968 0.7045365 0 0.946288 0.7037033 0 0.7179943 0.5265642 0 0.7188044 0.5273994 0 0.8717576 0.6629187 0 0.8725679 0.6620887 0 0.3091435 0.7692492 0 0.3092287 0.9851722 0 0.4016188 0.9846223 0 0.4015339 0.7692575 0 0.4298925 0.7692575 0 0.4298925 0.9846223 0 0.5086481 0.9840381 0 0.5086481 0.7692439 0 0.5168318 0.7692439 0 0.5168318 0.9840381 0 0.04152782 0.7692818 0 0.04108559 0.987182 0 0.03301299 0.9871596 0 0.03257044 0.7692562 0 0.1749028 0.9860858 0 0.1749025 0.7692439 0 0.1829353 0.7692439 0 0.1829353 0.9860858 0 0.3436161 0.9851845 0 0.3432763 0.7692632 0 0.3513012 0.7692459 0 0.3511877 0.9851688 0 0.3178153 0.7692634 0 0.3175606 0.985185 0 0.3100773 0.9851732 0 0.3098223 0.7692504 0 0.4667534 0.9840381 0 0.4667534 0.769244 0 0.1138618 0.9865867 0 0.1139952 0.7692444 0 0.1216977 0.7692509 0 0.1218314 0.9865935 0 0.273864 0.9857181 0 0.2736866 0.7692541 0 0.5893722 0.9838521 0 0.5893722 0.769244 0 0.4749132 0.769244 0 0.4749132 0.9840381 0 0.3928643 0.9846079 0 0.3931182 0.7692445 0 0.4006565 0.7692565 0 0.4009109 0.984621 0 0.281745 0.769245 0 0.2816858 0.9857097 0 0.6050832 0.657427 0 0.6051184 0.7515239 0 0.585126 0.7515234 0 0.5758964 0.7515234 0 0.5758964 0.6574266 0 0.5851859 0.6574266 0 0.5139527 0.6527812 0 0.5221706 0.6527814 0 0.5222355 0.7541583 0 0.5139527 0.7541583 0 0.4851173 0.6527804 0 0.4850416 0.7541578 0 0.7459487 0.03777243 0 0.7459487 0.2523143 0 0.778562 0.7692874 0 0.7793469 0.9838294 0 0.9773726 0.9837866 0 0.4877838 0.569131 0 0.4877838 0.3545881 0 0.4959819 0.3545881 0 0.4959819 0.569131 0 0.7348274 0.9837965 0 0.5975457 0.7692439 0 0.5975457 0.9838521 0 0.9748804 0.466572 0 0.9748617 0.252099 0 0.2174561 0.9860858 0 0.2174561 0.7692439 0 0.2825316 0.9857085 0 0.2825316 0.7692439 0 0.07831413 0.9871479 0 0.07831406 0.7692439 0 0.07970391 0.7692543 0 0.07970391 0.9865971 0 0.7345684 0.7692542 0 0.7427538 0.7692442 0 0.7423863 0.9837875 0 0.3780456 0.3499472 0 0.3781543 0.5644898 0 0.3699876 0.564494 0 0.6031332 0.5734404 0 0.3694171 0.3499515 0 0.6034187 0.359248 0 0.6111226 0.3592616 0 0.611218 0.573455 0 0.8392046 0.4477798 0 0.8391296 0.5634431 0 0.5176769 0.9840381 0 0.9145263 0.2476562 0 0.9145263 0.03311346 0 0.7040171 0.5137151 0 0.7048219 0.514559 0 0.7267017 0.4436156 0 0.7275018 0.4428372 0 0.7131269 0.5137789 0 0.712312 0.514607 0 0.7187526 0.4434061 0 0.7179943 0.442583 0 0.6860128 0.5232588 0 0.6851851 0.5240849 0 0.685577 0.4944713 0 0.6863825 0.4953234 0 0.6578927 0.5138454 0 0.6587481 0.5129959 0 0.6582542 0.5435111 0 0.6574266 0.5426316 0 5e-4 0.3312928 0 5e-4 0.3716549 0 0.9227027 0.03311351 0 0.922703 0.2476562 0 0.642819 0.5011551 0 0.6245592 0.5011551 0 0.6245592 0.3685655 0 0.6524994 0.5011549 0 0.6061938 0.7515234 0 0.6061234 0.6574266 0 0.5176769 0.7692439 0 0.6120299 0.5734566 0 0.6120299 0.3592631 0 0.3520687 0.9851669 0 0.3520687 0.7692439 0 0.3545883 0.7692629 0 0.3545881 0.9846274 0 0.6524616 0.3685652 0 0.6707702 0.3685652 0 0.670732 0.5011549 0 0.6435446 0.3685655 0 0.6517187 0.3685655 0 0.6517836 0.5011551 0 0.6435446 0.5011551 0 0.7042117 0.4858696 0 0.7050276 0.4850416 0 0.7274567 0.4153647 0 0.7282143 0.4161877 0 0.7125 0.4850897 0 0.7133042 0.4859333 0 0.7187235 0.4159339 0 0.7195247 0.4151558 0 0.8672079 0.4451274 0 0.8672079 0.3126566 0 0.8754584 0.3126566 0 0.6715729 0.3685655 0 0.8952574 0.4451274 0 0.8951817 0.3126566 0 0.6714966 0.5011551 0 0.5231284 0.3545881 0 0.5231285 0.569131 0 0.9369698 0.769264 0 0.9375343 0.9838062 0 0.9136745 0.03311346 0 0.9136745 0.2476562 0 0.3685652 0.3499525 0 0.3691358 0.564495 0 0.7740594 0.9838417 0 0.7744268 0.7692983 0 0.9830483 0.2520963 0 0.9822553 0.4665696 0 0.8956159 0.9838399 0 0.8951018 0.769272 0 0.9030975 0.7692466 0 0.902926 0.9838175 0 0.9324554 0.9838182 0 0.9324554 0.7692471 0 0.9831104 0.4665699 0 0.9839006 0.2520966 0 0.5223141 0.7692439 0 0.5223141 0.9838521 0 0.9472653 0.5922158 0 0.9554876 0.592216 0 0.9555522 0.6779487 0 0.9472653 0.6779487 0 0.918409 0.5922152 0 0.9183336 0.6779478 0 0.797381 0.4477693 0 0.797381 0.5335067 0 0.779128 0.5335068 0 0.779128 0.4477694 0 0.8071841 0.5335072 0 0.8072598 0.4477696 0 0.8255181 0.4477856 0 0.8254424 0.5335233 0 0.8063948 0.5335067 0 0.798173 0.5335067 0 0.798173 0.4477693 0 0.806459 0.4477692 0 0.7692439 0.4477697 0 0.7693192 0.5335073 0 0.4116642 0.6015602 0 0.4124729 0.6089604 0 0.2907743 0.6092921 0 0.2907523 0.6018378 0 0.5405952 0.6108804 0 0.5414144 0.6182793 0 0.4352171 0.6187394 0 0.4351829 0.6112854 0 0.7023375 0.680769 0 0.7031716 0.6881661 0 0.6122781 0.6887619 0 0.6122268 0.6813084 0 0.6215129 0.6155463 0 0.6223686 0.622941 0 0.547076 0.6236799 0 0.5470001 0.6162271 0 0.4031076 0.5763627 0 0.2814135 0.5773652 0 0.282141 0.5699569 0 0.4030479 0.5689087 0 0.5320355 0.5856836 0 0.425844 0.5868031 0 0.4265532 0.5793931 0 0.5319589 0.5782299 0 0.7030918 0.7301183 0 0.612206 0.7313774 0 0.612889 0.7239649 0 0.7029909 0.7226651 0 0.9716896 0.7301243 0 0.8964079 0.7315571 0 0.8970501 0.724141 0 0.9715508 0.7226722 0 0.6171507 0.6298774 0 0.5525389 0.6305123 0 0.5467944 0.6248793 0 0.6227835 0.6241329 0 0.9664263 0.7371112 0 0.901824 0.7383404 0 0.8960278 0.7327606 0 0.9720059 0.7313149 0 0.5526429 0.6404002 0 0.6162403 0.6397306 0 0.6219873 0.6453595 0 0.5470158 0.6461489 0 0.903016 0.7481641 0 0.9666051 0.7469977 0 0.9723958 0.7525815 0 0.897434 0.7539567 0 0.6146659 0.6385363 0 0.554293 0.6391723 0 0.5542144 0.6317059 0 0.6153879 0.6311044 0 0.9649206 0.7458181 0 0.904555 0.7469242 0 0.9036209 0.7395161 0 0.9647857 0.7383528 0 0.6979303 0.6950863 0 0.6177196 0.6956125 0 0.6119935 0.6899608 0 0.7035818 0.68936 0 0.6977914 0.7370782 0 0.6175876 0.7381891 0 0.6118205 0.7325794 0 0.7034008 0.731311 0 0.6177899 0.7054938 0 0.6969879 0.7049279 0 0.7027163 0.7105762 0 0.6121429 0.7112235 0 0.6187289 0.7480103 0 0.6979208 0.7469588 0 0.7036836 0.7525719 0 0.6131172 0.7537743 0 0.6954157 0.7037306 0 0.6194458 0.7042738 0 0.6193925 0.6968095 0 0.6961621 0.6963054 0 0.6962407 0.745773 0 0.6202761 0.7467805 0 0.6193798 0.739372 0 0.696143 0.7383093 0 0.5361572 0.6251881 0 0.4406441 0.6256023 0 0.4349307 0.6199378 0 0.5418212 0.6194743 0 0.5267113 0.5926264 0 0.4312035 0.5936331 0 0.4254552 0.5880041 0 0.5323397 0.5868776 0 0.4406916 0.6354791 0 0.5351929 0.6350218 0 0.5409084 0.6406834 0 0.4350312 0.6411957 0 0.4323125 0.603452 0 0.5268091 0.6025027 0 0.5325539 0.6081345 0 0.4266819 0.6091981 0 0.5336223 0.6338226 0 0.4423513 0.6342644 0 0.4423154 0.6268015 0 0.5343853 0.6264018 0 0.5251316 0.601313 0 0.433865 0.6022289 0 0.4329928 0.5948203 0 0.5250579 0.5938505 0 0.4072041 0.615861 0 0.2961908 0.6161639 0 0.2904865 0.6104903 0 0.4128773 0.6101564 0 0.3977667 0.5832936 0 0.2867578 0.5842078 0 0.2810223 0.5785655 0 0.4034085 0.5775577 0 0.2962218 0.6260375 0 0.4062239 0.625689 0 0.4119302 0.6313602 0 0.2905516 0.6317447 0 0.2878443 0.5940248 0 0.3978426 0.5931668 0 0.4035751 0.5988114 0 0.2822005 0.5997582 0 0.4046543 0.6244882 0 0.2978843 0.6248266 0 0.2978608 0.6173647 0 0.4054296 0.6170709 0 0.3961672 0.5919744 0 0.2894004 0.5928066 0 0.2885451 0.5853981 0 0.3961099 0.5845127 0 0.413031 0.6320328 0 0.5420104 0.6413542 0 0.7038198 0.7112443 0 0.6230931 0.6460239 0 0.4138494 0.6089962 0 0.2894099 0.6093726 0 0.5427909 0.618313 0 0.4338529 0.618822 0 0.7045482 0.688197 0 0.6109139 0.6888478 0 0.6237453 0.6229674 0 0.5457122 0.6237702 0 0.2895458 0.632457 0 0.4340265 0.6419097 0 0.61114 0.7119398 0 0.5460153 0.6468685 0 0.2811071 0.6004429 0 0.42559 0.609885 0 0.6120275 0.7544649 0 0.8963478 0.7546526 0 0.2800432 0.577424 0 0.4044782 0.5764238 0 0.4244739 0.5868651 0 0.5334062 0.5857415 0 0.6108361 0.7314441 0 0.7044628 0.7301717 0 0.8950384 0.7316309 0 0.9730608 0.7301707 0 0.4045888 0.5995126 0 0.5335692 0.6088335 0 0.704701 0.7532676 0 0.9734167 0.7532719 0 0.5528387 0.6320022 0 0.6168017 0.631411 0 0.9022601 0.7398589 0 0.9662145 0.7385992 0 0.6160627 0.6382834 0 0.5528661 0.6389145 0 0.966294 0.7455106 0 0.9031065 0.7467349 0 0.618016 0.697102 0 0.6975751 0.6966172 0 0.6180174 0.7397084 0 0.6975707 0.7385637 0 0.6968134 0.7034817 0 0.6180196 0.7040104 0 0.6976155 0.7454716 0 0.6188284 0.7465832 0 0.4409382 0.6270913 0 0.5357977 0.6267173 0 0.4316294 0.5951528 0 0.5264849 0.5941099 0 0.5350204 0.6335762 0 0.4409257 0.6339972 0 0.5265073 0.6010156 0 0.4324178 0.6020263 0 0.2964831 0.6176526 0 0.4068414 0.6173889 0 0.2871809 0.5857277 0 0.3975363 0.5847757 0 0.4060529 0.6242439 0 0.296459 0.6245567 0 0.3975435 0.5916798 0 0.2879536 0.5926003 0 0.01476085 0.3487297 0 0.1527295 0.6714446 0 0.1535303 0.6788456 0 0.0158809 0.6790553 0 0.01474127 0.3412738 0 0.2672971 0.3406109 0 0.01586813 0.6716009 0 0.2673166 0.3480668 0 0.2672987 0.4710644 0 0.2673168 0.4785203 0 0.1534932 0.6415876 0 0.01584751 0.6424901 0 0.01476096 0.4791334 0 0.01474287 0.4716774 0 0.01658856 0.6350829 0 0.7462324 0.008618747 0 0.7462128 0.001162865 0 0.1534458 0.6341331 0 0.1482527 0.6857401 0 0.02128972 0.6859339 0 0.01559225 0.6802533 0 0.1539328 0.6800423 0 0.9987687 5e-4 0 0.9987882 0.007955893 0 0.2672986 0.5362912 0 0.2673167 0.5437471 0 0.01476095 0.5443602 0 0.01474283 0.5369043 0 0.1481401 0.6485095 0 0.01476083 0.3813429 0 0.01474125 0.3738871 0 0.02118065 0.6493417 0 0.267297 0.3732243 0 0.2673165 0.3806802 0 0.2672987 0.5036778 0 0.2673167 0.5111338 0 0.01476094 0.5117469 0 0.01474284 0.5042909 0 0.01476087 0.4465697 0 0.01474126 0.4391137 0 0.2672968 0.438451 0 0.2673164 0.445907 0 0.2672987 0.601518 0 0.2673167 0.6089738 0 0.01476093 0.609587 0 0.01474283 0.602131 0 0.2619316 0.4527477 0 0.02018154 0.453382 0 0.01447716 0.4477075 0 0.2676061 0.4470433 0 0.2619307 0.6158749 0 0.0201804 0.6164618 0 0.01447716 0.6107861 0 0.2676064 0.6101716 0 0.02020431 0.6263106 0 0.2619546 0.6257238 0 0.2676579 0.6313995 0 0.0145287 0.632014 0 0.02020739 0.4632371 0 0.2619574 0.4626027 0 0.2676618 0.4682772 0 0.01453289 0.4689414 0 0.2602835 0.4614704 0 0.02187535 0.4620959 0 0.02185578 0.4546351 0 0.2602639 0.4540095 0 0.2602807 0.6245291 0 0.02187235 0.6251078 0 0.02185427 0.6176568 0 0.2602626 0.6170781 0 0.2619317 0.3875209 0 0.02018152 0.3881553 0 0.01447716 0.3824807 0 0.2676062 0.3818164 0 0.2619307 0.5180348 0 0.02018044 0.5186217 0 0.01447716 0.512946 0 0.2676063 0.5123315 0 0.02020435 0.5284714 0 0.2619547 0.5278845 0 0.2676579 0.5335602 0 0.01452871 0.5341747 0 0.02020734 0.3980095 0 0.2619576 0.3973751 0 0.267662 0.4030496 0 0.01453283 0.4037139 0 0.2602836 0.3962429 0 0.0218753 0.3968684 0 0.02185573 0.3894084 0 0.260264 0.3887828 0 0.2602807 0.5266898 0 0.02187237 0.5272686 0 0.02185427 0.5198168 0 0.2602626 0.519238 0 0.9934034 0.01479653 0 0.751653 0.01543099 0 0.7459487 0.009756497 0 0.9990778 0.009092093 0 0.2619307 0.5506483 0 0.02018044 0.5512351 0 0.01447716 0.5455595 0 0.2676063 0.544945 0 0.02020435 0.5610853 0 0.2619546 0.5604985 0 0.2676579 0.5661741 0 0.01452871 0.5667887 0 0.7516789 0.0252847 0 0.9934292 0.02465021 0 0.9991336 0.03032472 0 0.7460043 0.03098907 0 0.9917553 0.02351791 0 0.7533469 0.02414362 0 0.7533273 0.01668419 0 0.9917357 0.01605847 0 0.2602807 0.5593038 0 0.02187237 0.5598824 0 0.02185428 0.5524302 0 0.2602626 0.5518514 0 0.2619318 0.3549074 0 0.02018153 0.3555419 0 0.01447716 0.3498673 0 0.2676063 0.349203 0 0.2619308 0.4854215 0 0.02018043 0.4860083 0 0.01447716 0.4803326 0 0.2676064 0.4797182 0 0.02020434 0.4958589 0 0.2619547 0.4952721 0 0.267658 0.5009478 0 0.01452872 0.5015622 0 0.02020739 0.3653952 0 0.2619576 0.3647606 0 0.267662 0.3704352 0 0.01453289 0.3710996 0 0.2602837 0.3636283 0 0.02187536 0.3642541 0 0.02185579 0.3567951 0 0.2602642 0.3561694 0 0.2602808 0.4940774 0 0.02187238 0.4946561 0 0.02185429 0.4872033 0 0.2602627 0.4866245 0 0.0154547 0.6436899 0 0.1537915 0.6427831 0 0.02130822 0.6958045 0 0.1472607 0.695564 0 0.15296 0.7012425 0 0.01563068 0.7015046 0 0.0222509 0.6591578 0 0.1482002 0.6583799 0 0.1539236 0.664034 0 0.01659776 0.6648821 0 0.1456919 0.6943622 0 0.02297278 0.6945966 0 0.02295877 0.6871359 0 0.1464763 0.686947 0 0.146526 0.6571857 0 0.02380975 0.6579428 0 0.02296648 0.6505342 0 0.1464807 0.6497251 0 0.15406 0.7019165 0 0.1549068 0.678883 0 0.01451641 0.6791342 0 0.01462397 0.7022158 0 0.01550324 0.6655649 0 0.01447716 0.6425464 0 0.1548636 0.6416509 0 0.1549361 0.6647369 0 0.02158079 0.6874224 0 0.1478877 0.6872671 0 0.02160186 0.6508618 0 0.1479068 0.6499907 0 0.1470909 0.6941193 0 0.02154792 0.6943248 0 0.1479028 0.656893 0 0.02236317 0.6577339 0 0.4117471 0.6325595 0 0.290842 0.6329425 0 0.5407274 0.6418831 0 0.4353236 0.6423931 0 0.7025379 0.7117762 0 0.6124381 0.71242 0 0.01476084 0.4139565 0 0.01474128 0.4065006 0 0.2672968 0.4058377 0 0.2673164 0.4132936 0 0.2672986 0.5689046 0 0.2673167 0.5763606 0 0.01476093 0.5769737 0 0.01474283 0.5695177 0 0.6218131 0.6465601 0 0.547315 0.6473445 0 0.2823968 0.6009556 0 0.4032979 0.6000123 0 0.2619315 0.4201342 0 0.02018152 0.4207687 0 0.01447716 0.4150942 0 0.267606 0.4144298 0 0.4268808 0.6103948 0 0.5322794 0.609336 0 0.6133199 0.7549706 0 0.7034129 0.7537743 0 0.2619306 0.5832616 0 0.02018042 0.5838486 0 0.01447716 0.578173 0 0.2676063 0.5775584 0 0.8976428 0.7551517 0 0.9721314 0.7537853 0 0.4130521 0.601518 0 0.5419831 0.6108361 0 0.02020435 0.5936993 0 0.2619546 0.5931123 0 0.2676579 0.5987879 0 0.0145287 0.5994025 0 0.7037253 0.6807219 0 0.6229006 0.6154951 0 0.2893613 0.6018464 0 0.433792 0.6112963 0 0.02020738 0.430622 0 0.2619574 0.4299875 0 0.2676618 0.435662 0 0.01453289 0.4363264 0 0.6108361 0.6813225 0 0.5456093 0.6162457 0 0.2807458 0.5699239 0 0.425158 0.5793636 0 0.2602835 0.4288551 0 0.02187536 0.4294809 0 0.02185575 0.422022 0 0.2602639 0.4213962 0 0.6114936 0.7239404 0 0.8956547 0.7241242 0 0.4044325 0.5689046 0 0.5333435 0.5782227 0 0.2602807 0.5919176 0 0.02187237 0.5924965 0 0.02185427 0.5850435 0 0.2602626 0.5844648 0 0.7043756 0.7226534 0 0.9729353 0.7226533 0 0.1527753 0.7024416 0 0.01482285 0.3723566 0 0.2673787 0.3716938 0 0.01591962 0.7027028 0 0.2673742 0.5021473 0 0.01481829 0.5027604 0 0.01679204 0.6660796 0 0.7462944 0.0322462 0 0.1536444 0.6652344 0 0.9988502 0.03158331 0 0.2673741 0.5673736 0 0.0148183 0.5679867 0 0.01482282 0.4049709 0 0.2673785 0.4043082 0 0.2673741 0.5347597 0 0.01481829 0.5353727 0 0.01482284 0.4701985 0 0.2673784 0.4695358 0 0.2673741 0.6325989 0 0.0148183 0.633212 0 0.1541175 0.6714038 0 0.01447716 0.6716078 0 0.01519343 0.6350475 0 0.1548304 0.6341314 0 0.01482285 0.4375835 0 0.2673784 0.4369206 0 0.2673741 0.5999874 0 0.0148183 0.6006006 0 0.1423918 0.7546669 0 0.02185792 0.7368559 0 0.3595484 0.6847851 0 0.2548113 0.6669726 0 0.4745107 0.6941091 0 0.3852655 0.6762946 0 0.7900126 0.7500239 0 0.7160594 0.7322073 0 0.7746301 0.6847006 0 0.7160608 0.6675531 0 0.1436516 0.7368999 0 0.02186163 0.7047092 0 0.3608084 0.6670166 0 0.2548156 0.6348234 0 0.4757713 0.6763387 0 0.3852707 0.6441417 0 0.7912735 0.7322511 0 0.7160657 0.7000504 0 0.775683 0.6669126 0 0.7157376 0.6353474 0 0.1416931 0.7047629 0 0.1417354 0.7547037 0 0.02120601 0.7369155 0 0.02185875 0.7361776 0 0.3588504 0.634877 0 0.3588919 0.6848219 0 0.2541594 0.6670322 0 0.2548122 0.6662942 0 0.4738139 0.6441951 0 0.4738543 0.6941457 0 0.3846135 0.6763543 0 0.3852665 0.6756158 0 0.7893168 0.7001038 0 0.7893562 0.7500608 0 0.7154073 0.7322668 0 0.7160605 0.7315286 0 0.7733976 0.6348244 0 0.7739734 0.6847445 0 0.715409 0.6676226 0 0.7160532 0.666862 0 0.1437063 0.7361936 0 0.1443027 0.7369846 0 0.02120553 0.7547022 0 0.02185724 0.7547618 0 0.3608631 0.6663104 0 0.3614595 0.6671013 0 0.2541589 0.6848203 0 0.2548106 0.6848798 0 0.4758261 0.6756321 0 0.4764226 0.6764237 0 0.384613 0.6941441 0 0.3852648 0.6942035 0 0.7913283 0.7315447 0 0.7919247 0.7323359 0 0.7154068 0.7500592 0 0.7160587 0.7501186 0 0.7757293 0.6662183 0 0.7763352 0.6669878 0 0.7156163 0.6854156 0 0.7162688 0.6854691 0 0.1484362 0.7553217 0 0.1417402 0.7115911 0 0.1416904 0.7108989 0 0.0151292 0.7369149 0 0.02185892 0.729377 0 0.02185886 0.7300553 0 0.3655932 0.6854401 0 0.3588971 0.6417058 0 0.3588472 0.6410135 0 0.2480821 0.6670315 0 0.2548124 0.6594932 0 0.2548124 0.6601716 0 0.4805559 0.6947646 0 0.47386 0.6510247 0 0.4738103 0.6503324 0 0.3785357 0.6763536 0 0.3852669 0.6688138 0 0.3852668 0.6694925 0 0.7960589 0.7506794 0 0.789362 0.7069342 0 0.7893122 0.7062418 0 0.7093285 0.7322661 0 0.7160611 0.7247259 0 0.7160609 0.7254044 0 0.7806851 0.6852845 0 0.7735103 0.6416559 0 0.7734534 0.6409636 0 0.7093292 0.6676911 0 0.715979 0.6600325 0 0.7159865 0.660724 0 0.1437065 0.7300435 0 0.143651 0.7293373 0 0.1503422 0.7376339 0 0.02185888 0.7108452 0 0.02185888 0.7115374 0 0.01512879 0.7547028 0 0.3608633 0.6601598 0 0.3608079 0.6594536 0 0.3674995 0.6677508 0 0.2548125 0.6409599 0 0.2548124 0.6416521 0 0.2480816 0.684821 0 0.4758264 0.6694807 0 0.475771 0.6687743 0 0.4824632 0.6770737 0 0.3852671 0.6502788 0 0.385267 0.6509713 0 0.3785352 0.6941448 0 0.7913287 0.7253928 0 0.7912733 0.7246865 0 0.7979663 0.7329859 0 0.7160612 0.7061884 0 0.7160611 0.7068807 0 0.7093281 0.7500597 0 0.7756624 0.6600786 0 0.7755994 0.6593859 0 0.7823849 0.667566 0 0.7157935 0.6414863 0 0.7158004 0.6421784 0 0.7095369 0.6854897 0 0.02129899 0.7553497 0 0.2542524 0.6854678 0 0.3847065 0.6947917 0 0.7155004 0.7507067 0 0.7157173 0.6860615 0 0.1422296 0.7553406 0 0.1417434 0.7040708 0 0.02129943 0.7362681 0 0.3593862 0.6854589 0 0.3589008 0.634185 0 0.2542528 0.6663846 0 0.4743484 0.6947829 0 0.4738645 0.6435031 0 0.384707 0.6757067 0 0.7898504 0.750698 0 0.7893674 0.6994115 0 0.7155007 0.7316192 0 0.7744757 0.6853763 0 0.7734416 0.6341314 0 0.7154946 0.6669745 0 0.144272 0.7363724 0 0.02186211 0.7040171 0 0.3614289 0.6664891 0 0.2548163 0.6341314 0 0.476392 0.6758114 0 0.3852714 0.6434494 0 0.7918941 0.7317234 0 0.7160665 0.6993581 0 0.7762966 0.6663758 0 0.7157317 0.634655 0 0.1490668 0.7555196 0 0.1484421 0.7560183 0 0.01447753 0.7368289 0 0.01504491 0.7362641 0 0.3662238 0.6856379 0 0.365599 0.6861366 0 0.2474304 0.6669455 0 0.2479978 0.6663807 0 0.4811867 0.6949625 0 0.4805617 0.6954613 0 0.3778839 0.6762677 0 0.3784514 0.6757029 0 0.7966896 0.7508774 0 0.7960645 0.7513762 0 0.7086766 0.7321801 0 0.7092441 0.7316152 0 0.7813183 0.685475 0 0.7806991 0.6859812 0 0.7086763 0.6676137 0 0.7092373 0.6670403 0 0.1504953 0.7370369 0 0.150999 0.7376679 0 0.01504449 0.7553537 0 0.01447716 0.7547889 0 0.3676526 0.6671537 0 0.3681563 0.6677847 0 0.2479974 0.6854717 0 0.2474298 0.684907 0 0.4826163 0.6764765 0 0.4831199 0.6771078 0 0.3784508 0.6947956 0 0.3778834 0.6942307 0 0.7981194 0.7323886 0 0.7986231 0.7330197 0 0.7092438 0.7507106 0 0.7086762 0.7501457 0 0.782531 0.6669666 0 0.7830423 0.6675919 0 0.7094601 0.6861427 0 0.708886 0.6855826 0 0.8891002 0.2896307 0 0.887184 0.3074345 0 0.7673059 0.3074925 0 0.7673064 0.2895867 0 0.3608084 0.7229252 0 0.3588919 0.7407305 0 0.2548106 0.7407884 0 0.2548113 0.7228812 0 0.4757714 0.7322472 0 0.4738543 0.7500542 0 0.3852648 0.7501121 0 0.3852655 0.7322032 0 0.8844545 0.7322511 0 0.8825373 0.7500608 0 0.8092398 0.7501186 0 0.8092405 0.7322073 0 0.69182 0.6482763 0 0.6901104 0.6661083 0 0.6324059 0.6668327 0 0.6321978 0.6489168 0 0.7673075 0.2642681 0 0.8871889 0.2643218 0 0.8890996 0.2820681 0 0.7673075 0.2821078 0 0.2548124 0.6975607 0 0.358897 0.6976145 0 0.3608078 0.7153623 0 0.2548124 0.7154018 0 0.385267 0.7068797 0 0.47386 0.7069333 0 0.475771 0.7246829 0 0.3852669 0.7247224 0 0.8092421 0.7068807 0 0.8825431 0.7069342 0 0.8844545 0.7246865 0 0.8092421 0.724726 0 0.6319376 0.623542 0 0.6896473 0.6230196 0 0.6917364 0.6407495 0 0.632116 0.6413963 0 0.8878405 0.3073977 0 0.8897514 0.2897153 0 0.8957909 0.2903647 0 0.8938848 0.3080526 0 0.7673102 0.25744 0 0.8871417 0.2574936 0 0.887139 0.2636297 0 0.7673075 0.263576 0 0.7666546 0.2896464 0 0.7666541 0.307433 0 0.7605774 0.3074337 0 0.7605779 0.2896457 0 0.889155 0.2889244 0 0.7673073 0.2889083 0 0.7673074 0.2827861 0 0.8891551 0.2827743 0 0.3595483 0.7406937 0 0.3614595 0.7230099 0 0.3674994 0.7236595 0 0.3655931 0.7413487 0 0.2548156 0.6907321 0 0.3588503 0.6907856 0 0.3588472 0.6969222 0 0.2548124 0.6968685 0 0.2541594 0.7229409 0 0.2541588 0.740729 0 0.2480816 0.7407296 0 0.2480821 0.7229401 0 0.3608631 0.722219 0 0.2548121 0.7222029 0 0.2548123 0.7160802 0 0.3608632 0.7160684 0 0.4745109 0.7500176 0 0.4764227 0.7323322 0 0.4824632 0.7329823 0 0.480556 0.7506732 0 0.3852707 0.7000504 0 0.473814 0.7001038 0 0.4738103 0.706241 0 0.3852671 0.7061874 0 0.3846135 0.7322629 0 0.384613 0.7500526 0 0.3785352 0.7500532 0 0.3785357 0.7322623 0 0.4758261 0.7315407 0 0.3852665 0.7315245 0 0.3852668 0.725401 0 0.4758264 0.7253893 0 0.8831937 0.750024 0 0.8851059 0.732336 0 0.8911474 0.732986 0 0.8892399 0.7506794 0 0.8092467 0.7000504 0 0.882498 0.7001038 0 0.8824936 0.7062418 0 0.8092422 0.7061885 0 0.8085884 0.7322668 0 0.8085878 0.7500591 0 0.8025093 0.7500598 0 0.8025097 0.732266 0 0.8845094 0.7315447 0 0.8092416 0.7315285 0 0.809242 0.7254045 0 0.8845099 0.7253928 0 0.6907671 0.6660643 0 0.6924722 0.6483516 0 0.6985219 0.6489297 0 0.6968222 0.6666481 0 0.6318747 0.616711 0 0.6895345 0.616188 0 0.6895905 0.6223273 0 0.6319305 0.6228498 0 0.6315461 0.6489863 0 0.6317533 0.6667793 0 0.6256738 0.6668533 0 0.6254662 0.6490549 0 0.6918662 0.6475822 0 0.6321902 0.6482256 0 0.6321235 0.6420878 0 0.6917993 0.6414422 0 0.8876783 0.3080714 0 0.7667481 0.2889989 0 0.3593861 0.7413675 0 0.2542527 0.7222933 0 0.4743485 0.7506915 0 0.3847069 0.7316153 0 0.8830317 0.750698 0 0.8086818 0.7316191 0 0.6906126 0.6667401 0 0.6316316 0.6483383 0 0.8897207 0.2891032 0 0.7667477 0.3080805 0 0.3614288 0.7223977 0 0.2542523 0.7413765 0 0.476392 0.7317199 0 0.3847065 0.7507001 0 0.8850753 0.7317234 0 0.8086815 0.7507068 0 0.6924336 0.6477396 0 0.6318543 0.667425 0 0.8945154 0.3082503 0 0.8938908 0.3087491 0 0.7599261 0.2895597 0 0.7604935 0.2889949 0 0.3662238 0.7415466 0 0.3655989 0.7420453 0 0.2474303 0.7228542 0 0.2479977 0.7222894 0 0.4811867 0.7508711 0 0.4805617 0.7513698 0 0.3778839 0.7321762 0 0.3784513 0.7316114 0 0.8898707 0.7508774 0 0.8892458 0.7513762 0 0.8018577 0.7321801 0 0.8024253 0.7316152 0 0.6974553 0.6668386 0 0.6968362 0.6673449 0 0.6248132 0.6489773 0 0.6253743 0.648404 0 0.895944 0.2897677 0 0.8964476 0.2903986 0 0.7604931 0.3080845 0 0.7599257 0.3075197 0 0.3676525 0.7230623 0 0.3681562 0.7236934 0 0.2479973 0.7413805 0 0.2474298 0.7408156 0 0.4826164 0.7323851 0 0.4831199 0.7330163 0 0.3784508 0.7507041 0 0.3778834 0.7501392 0 0.8913006 0.7323885 0 0.8918043 0.7330197 0 0.8024249 0.7507106 0 0.8018573 0.7501458 0 0.6986679 0.6483303 0 0.6991793 0.6489555 0 0.6255971 0.6675063 0 0.6250229 0.6669463 0 0.7673106 0.2567479 0 0.8871921 0.2568016 0 0.2548162 0.69004 0 0.3589008 0.6900936 0 0.3852715 0.6993581 0 0.4738646 0.6994116 0 0.8092475 0.6993581 0 0.8825487 0.6994115 0 0.6318687 0.6160186 0 0.6895785 0.6154951 0 0.7235703 0.2256757 0 0.002155611 0.1262267 0 0.7226333 0.2351895 0 0.001751345 0.1610435 0 0.001624185 0.1366271 0 0.001311414 0.174028 0 0.7225724 0.2335971 0 0.7239062 0.2458136 0 0.7142854 0.3120131 0 0.7167186 0.3509226 0 0.7150354 0.3220199 0 0.713931 0.3366676 0 0.7145979 0.3136437 0 0.7131959 0.2993786 0 0.7147549 0.3236706 0 0.7144122 0.3390724 0 0.005828627 0.04604214 0 0.724128 0.2111755 0</float_array>
          <technique_common>
            <accessor source="#geom-Iona_Shelving_Unit-map1-array" count="2547" stride="3">
              <param name="S" type="float"/>
              <param name="T" type="float"/>
              <param name="P" type="float"/>
            </accessor>
          </technique_common>
        </source>
        <source id="geom-Iona_Shelving_Unit-map1-textangents">
          <float_array id="geom-Iona_Shelving_Unit-map1-textangents-array" count="7668">-0.007862117 -0.3343232 0.4011192 0.004380882 0.0176849 0.999761 4.36428e-4 0.01947653 0.9997701 -0.02722424 0.1242021 0.5211334 0.006398708 -0.3702062 -0.6802857 -8.50702e-4 -0.0694967 -0.3583899 -4.99219e-4 -0.08531788 -0.9962522 -0.004206554 -0.08418159 -0.9963725 -0.01586958 -0.4801401 0.140198 0.01194698 -0.9822018 0.1383915 -0.00479481 -0.02112283 0.9996845 -2.21618e-4 -0.02201267 0.9996793 0.01088766 -0.4701379 0.6280202 -0.00610672 -0.05088768 0.2457349 0.005448005 -0.1323219 -0.9911348 0.02390296 -0.2667726 -0.4169289 -0.007612923 -0.3886895 -0.4898168 4.29323e-4 -0.1292666 -0.9914541 -0.007707746 -0.4933658 -0.06950591 0.002785653 0.001441483 -0.03058502 -0.1325911 0.1991403 0.03629159 0.1460004 0.2538327 0.04354042 0.313853 0.321146 0.00382467 -0.005432757 -0.1545604 0.01664945 0.02085071 -0.005146319 0.9997325 0.02082671 5.05442e-5 0.9997097 0.08333679 0.008630719 0.6063569 0.0253369 -0.00433377 0.5416437 -0.1709552 -0.01648629 0.5493076 -0.008910086 2.72753e-6 0.3332142 0.4287464 -0.05101201 0.4995044 -0.02651064 -0.002608874 0.2580912 -0.1323307 -0.04263448 -0.5532589 -0.1869566 -0.04983552 -0.2656879 0.3491995 -0.03636706 -0.666392 -0.003211164 -0.02719265 -0.2504179 -0.1944698 -0.1130362 -0.7830404 -0.1139013 -0.04580656 -0.5577913 -0.02439352 -0.106472 -0.9939407 -0.02396887 -0.1124986 -0.993298 -0.1321777 0.1966153 0.03285947 -0.1503098 0.3722389 0.01337309 0.06730343 0.2137585 -0.01110201 -0.004868296 -0.1458615 0.01341509 -0.03912844 -0.3293382 -0.004653448 0.0473265 -0.1528209 -0.001570276 -0.009158189 -0.6263766 -0.03428021 0.00978756 -0.333198 -0.001577785 0.1538901 -0.9879133 -0.0182569 0.5710466 -0.4949092 -0.05082152 0.03880631 -0.04155452 0.004663195 0.05055547 -0.3290726 0.006025464 -0.009049299 -0.3201643 -0.09707698 0.02421912 -0.3017932 -0.2087309 -0.004802883 -0.9981492 0.04476948 0.009936207 -0.99276 0.08111832 -0.05615668 -0.2912279 0.008816916 0.07516626 -0.3245613 0.009863802 0.06669233 -0.9911664 -0.009460061 -0.2234471 -0.7452054 0.0798503 -0.09856011 -0.4900933 8.8752e-4 -0.1832315 -0.9827759 0.0232162 -0.1277806 -0.3203432 -0.01590704 -0.2252305 -0.04298653 -0.02336873 -0.09074663 -0.88161 1.53337e-4 0.02835342 -0.2584486 5.33636e-4 -0.4388089 0.03811616 0.3985357 -0.263725 0.1807065 0.02426787 -0.0479743 -0.4570806 0.3545541 0.2323201 0.02773823 0.2357716 0.2879528 -0.03317668 -0.5785339 0.3714395 -0.1952389 -0.03986385 -0.002235353 -0.004973267 -0.2376801 0.1446499 -0.05713421 -0.3503024 0.02472101 -0.2201933 0.2477847 0.01673348 0.1446121 -0.3535123 -0.4501257 0.05414409 0.3546123 0.0244032 -0.2330833 0.2357656 -0.02770918 -0.03071122 -0.2466658 0.013984 0.1268616 -0.3339328 -0.01653519 0.004535879 0.9998136 0.01899372 -0.1023463 -0.994483 6.43292e-4 -1.16584e-4 -7.90655e-5 0.002182794 -0.9998378 4.16062e-4 0.01479874 0.2045635 0.1316954 -0.05605941 0.1972892 0.1316957 0.1122755 -0.3084721 7.4884e-8 -4.72722e-9 -0.3282689 6.24035e-8 -0.1201552 0.1662177 0.1316954 0.2110074 -0.2514687 -2.49613e-8 -0.1697589 0.1150983 0.1316949 0.2842896 -0.1641348 -1.24807e-8 -0.1988862 0.05009629 0.1316951 0.323282 -0.05700375 -1.24807e-8 -0.2040252 -0.02094832 0.1316956 0.3232819 0.05700374 0 -0.1845561 -0.08946547 0.1316958 0.2842896 0.1641348 1.24807e-8 -0.1428279 -0.1471931 0.1316951 0.2110074 0.2514687 1.24807e-8 -0.08387183 -0.1871662 0.1316949 0.1122755 0.3084721 -7.4884e-8 -0.01479875 -0.2045635 0.1316954 -6.30298e-9 0.3282689 -7.4884e-8 0.0560594 -0.1972892 0.1316958 -0.1122755 0.3084721 3.7442e-8 0.1201552 -0.1662177 0.1316955 -0.2110074 0.2514687 2.49613e-8 0.1697589 -0.1150983 0.1316949 -0.2842896 0.1641348 1.24807e-8 0.1988862 -0.05009629 0.1316951 -0.323282 0.05700375 1.24807e-8 0.2040252 0.02094786 0.1316952 -0.3232822 -0.05700299 0 0.1845574 0.08946624 0.1316951 -0.2842894 -0.1641346 -1.24807e-8 0.1428275 0.1471924 0.1316951 -0.2110075 -0.2514688 -1.24806e-8 0.08387189 0.1871661 0.131695 -0.1122755 -0.3084721 -2.49614e-8 -0.02868975 -0.3779079 -0.03271478 -0.1562107 -0.3453034 -0.03271501 -2.17287e-7 -3.83147e-8 3.34957e-15 0.1022918 -0.3649286 -0.03271532 0.2209392 -0.3079341 -0.03271468 0.3129337 -0.2137988 -0.03271474 0.3671848 -0.09387661 -0.03271495 0.377148 0.0373684 -0.03271507 0.3416202 0.1641084 -0.0327151 0.2648893 0.2710532 -0.03271444 0.156211 0.3453046 -0.03271508 0.02868976 0.377908 -0.03271484 -0.1022918 0.3649286 -0.03271538 -0.2209392 0.3079341 -0.03271475 -0.3129337 0.2137988 -0.0327148 -0.3671848 0.09387662 -0.03271495 -0.3771471 -0.03736951 -0.03271498 -0.3416205 -0.1641077 -0.03271484 -0.2648926 -0.2710529 -0.03271491 0.01774147 0.1641801 -0.1614917 0 0 0.3333333 0 0 0.3333333 0.07282472 0.1482108 -0.161492 0 0 0.3333333 0.1191237 0.1143655 -0.1614917 0 0 0.3333333 0.1510551 0.06672572 -0.1614917 0 0 0.3333333 0.1647667 0.01103781 -0.1614917 0 0 0.3333333 0.158605 -0.0459817 -0.1614918 0 0 0.3333333 0.1333136 -0.09745462 -0.1614919 0 0 0.3333333 0.09194255 -0.1371733 -0.1614916 0 0 0.3333333 0.0394818 -0.1603469 -0.1614918 0 0 0.3333333 -0.01774146 -0.16418 -0.1614916 0 0 0.3333333 -0.07282472 -0.1482108 -0.1614919 0 0 0.3333333 -0.1191237 -0.1143655 -0.1614917 0 0 0.3333333 -0.1510551 -0.06672572 -0.1614917 0 0 0.3333333 -0.1647667 -0.01103781 -0.1614917 0 0 0.3333333 -0.1586053 0.04598143 -0.1614917 0 0 0.3333333 -0.1333135 0.09745468 -0.1614917 0 0 0.3333333 -0.09194229 0.1371734 -0.1614917 0 0 0.3333333 -0.03948179 0.1603469 -0.1614917 0.2266102 -0.3650516 -0.07184934 -9.25679e-8 1.10318e-7 -9.64431e-15 0.3377956 -0.2655306 -0.07184943 0.08808815 -0.4205396 -0.07185004 -0.06105813 -0.4253052 -0.07184928 -0.2028391 -0.378773 -0.07184913 -0.3201547 -0.2865563 -0.07184929 -0.3988557 -0.1597768 -0.07184967 -0.4294457 -0.01372282 -0.07184972 -0.4082416 0.1339843 -0.07184908 -0.3377955 0.2655306 -0.07184936 -0.2266102 0.3650516 -0.07184942 -0.08808815 0.4205396 -0.07185011 0.06105813 0.4253052 -0.07184933 0.2028391 0.378773 -0.07184917 0.3201547 0.2865563 -0.07184936 0.3988541 0.1597752 -0.07184944 0.4294467 0.01372367 -0.07184954 0.4082429 -0.1339836 -0.07184929 0.01774148 0.1641801 -0.1614917 0 0 0.3333333 0 0 0.3333333 0.07282472 0.1482108 -0.161492 0 0 0.3333333 0.1191237 0.1143655 -0.1614917 0 0 0.3333333 0.1510551 0.06672572 -0.1614917 0 0 0.3333333 0.1647667 0.01103781 -0.1614917 0 0 0.3333333 0.158605 -0.0459817 -0.1614918 0 0 0.3333333 0.1333136 -0.09745462 -0.1614919 0 0 0.3333333 0.09194255 -0.1371733 -0.1614916 0 0 0.3333333 0.03948181 -0.1603469 -0.1614917 0 0 0.3333333 -0.01774146 -0.16418 -0.1614916 0 0 0.3333333 -0.07282472 -0.1482108 -0.1614919 0 0 0.3333333 -0.1191237 -0.1143655 -0.1614917 0 0 0.3333333 -0.1510551 -0.06672573 -0.1614917 0 0 0.3333333 -0.1647667 -0.01103781 -0.1614917 0 0 0.3333333 -0.1586053 0.04598143 -0.1614917 0 0 0.3333333 -0.1333135 0.09745468 -0.1614917 0 0 0.3333333 -0.09194229 0.1371734 -0.1614917 0 0 0.3333333 -0.03948179 0.1603469 -0.1614917 0.2266102 -0.3650516 -0.07184933 -9.25679e-8 1.10318e-7 -9.64431e-15 0.3377956 -0.2655306 -0.07184943 0.08808815 -0.4205396 -0.07185004 -0.06105813 -0.4253052 -0.07184928 -0.2028391 -0.378773 -0.07184913 -0.3201547 -0.2865563 -0.07184929 -0.3988557 -0.1597768 -0.07184967 -0.4294457 -0.01372282 -0.07184972 -0.4082416 0.1339843 -0.07184908 -0.3377955 0.2655306 -0.07184936 -0.2266102 0.3650516 -0.07184941 -0.08808815 0.4205396 -0.07185011 0.06105813 0.4253052 -0.07184934 0.2028391 0.378773 -0.07184917 0.3201547 0.2865563 -0.07184936 0.3988541 0.1597752 -0.07184945 0.4294467 0.01372367 -0.07184954 0.4082429 -0.1339836 -0.0718493 0.01479873 0.2045635 0.1316953 -0.0560594 0.1972893 0.1316957 0.1122755 -0.3084721 -3.7442e-8 1.57574e-9 -0.3282689 -2.49612e-8 -0.1201552 0.1662177 0.1316955 0.2110074 -0.2514687 7.48841e-8 -0.1697589 0.1150983 0.1316949 0.2842896 -0.1641348 8.73647e-8 -0.1988862 0.05009629 0.1316951 0.323282 -0.05700375 -1.24807e-8 -0.2040253 -0.02094832 0.1316956 0.3232819 0.05700374 0 -0.1845561 -0.08946548 0.1316957 0.2842896 0.1641348 -8.73647e-8 -0.1428279 -0.1471931 0.1316951 0.2110074 0.2514687 -8.73647e-8 -0.08387184 -0.1871662 0.131695 0.1122755 0.3084721 2.49613e-8 -0.01479874 -0.2045635 0.1316954 0 0.3282689 3.7442e-8 0.05605941 -0.1972892 0.1316957 -0.1122755 0.3084721 -7.48838e-8 0.1201552 -0.1662177 0.1316955 -0.2110074 0.2514687 -7.48838e-8 0.1697589 -0.1150983 0.1316949 -0.2842896 0.1641348 2.49614e-8 0.1988862 -0.05009629 0.1316951 -0.323282 0.05700375 0 0.2040252 0.02094786 0.1316952 -0.3232822 -0.05700299 0 0.1845574 0.08946624 0.1316951 -0.2842894 -0.1641346 0 0.1428275 0.1471924 0.1316951 -0.2110075 -0.2514688 7.48842e-8 0.0838719 0.1871661 0.131695 -0.1122755 -0.3084721 7.48841e-8 -0.02868975 -0.3779079 -0.03271478 -0.1562107 -0.3453034 -0.03271502 -2.17287e-7 -3.83147e-8 3.34957e-15 0.1022918 -0.3649286 -0.03271532 0.2209392 -0.3079341 -0.03271468 0.3129337 -0.2137988 -0.03271474 0.3671848 -0.09387661 -0.03271495 0.377148 0.0373684 -0.03271507 0.3416202 0.1641084 -0.0327151 0.2648893 0.2710532 -0.03271444 0.156211 0.3453046 -0.03271508 0.02868976 0.377908 -0.03271483 -0.1022918 0.3649286 -0.03271538 -0.2209392 0.3079341 -0.03271476 -0.3129337 0.2137988 -0.0327148 -0.3671848 0.09387662 -0.03271495 -0.3771471 -0.03736951 -0.03271498 -0.3416205 -0.1641077 -0.03271484 -0.2648926 -0.2710529 -0.03271491 -0.001805915 0.0885784 -0.554052 0.01702238 0.1216228 -0.5784401 -0.01389641 -0.1411539 -0.6171566 0.0169488 -0.1512004 -0.3158892 0.004424965 0.2636492 0.6000121 0.01035753 0.1810677 0.3966582 7.47605e-4 0.04643814 0.6648619 -0.03736506 0.3716862 0.4977445 -0.01942864 0.5922749 0.2681543 0.002452416 0.1963101 0.02321081 -0.02362599 0.5760377 -0.2128859 -0.005349228 0.334165 0.0564198 -0.007802276 0.04858057 -0.9983451 -0.01799415 0.1219938 -0.4895061 0.01005706 0.4101204 -0.391158 0.002922912 0.05128203 -0.998293 0.007184812 0.1489882 0.988655 -7.88377e-4 0.1439509 0.9891788 -0.005020525 0.2712373 0.494015 0.03142351 0.3216114 0.4689599 0.001881374 0.600869 0.03158736 0.00612299 0.5589691 0.07141781 0.01599669 0.5973139 -0.1352344 0.03239763 0.6079961 -0.3234097 0.4341391 -0.2641285 0.02394302 0.1970747 -0.004448718 0.02374724 0.3286687 -0.01757462 -0.03701559 0.367355 -0.1739344 -0.06142097 0.05030227 0.008745894 -0.9984667 0.120623 0.01513918 -0.2343214 0.1032172 -0.01026307 -0.9213367 0.05011237 -0.003624475 -0.9983688 0.07719774 -0.004898975 -0.8804982 -0.05278304 0.004024441 -0.9981925 -0.05826299 -0.009619111 -0.9982079 -0.01973276 -9.66979e-4 -0.3327459 0.04354673 0.1094237 0.9928134 0.182227 0.06838415 0.4474137 0.0549325 0.04002179 0.4170799 0.04692116 0.09901879 0.9939471 0.08515538 0.05255738 0.5833716 -0.04046951 0.1145041 0.9924022 -0.04075334 0.1043313 0.9935121 0.1002392 0.05150778 0.3433553 -0.2230759 -0.233036 -0.04704059 -0.1971675 0.005970917 -0.02321633 -0.1865526 0.1373727 0.0093422 0.09955288 0.1264676 -0.001370828 0.1499539 0.3555899 -0.01886967 -0.06476137 0.5251566 -0.007804942 -0.2514626 0.739666 -0.0298195 8.11788e-5 0.197379 7.42389e-6 -0.0283596 0.9991628 -0.004050066 -0.0184625 0.4687796 0.002177329 -0.1164344 0.453274 0.01726746 0.117829 0.988535 0.02049221 0.002473406 0.6823747 0.02185248 -0.001138163 0.1134582 0.01582377 -0.01003197 0.3734833 0.1010816 0.02960439 0.3886048 0.3948422 0.2421798 0.1503497 -0.04826889 0.09138162 0.2206514 -0.004264026 -0.03873469 0.3271735 0.02237443 0.09950259 0.3861144 0.01734461 0.1887059 0.7314346 -0.0225528 0.09102354 0.5278843 0.0115991 -0.1250997 0.4837691 0.00668655 0.104786 0.3773426 0.003300929 -0.4199085 0.5724455 0.04824181 -0.2639992 0.963826 -0.03167063 0.05871173 0.3264423 -0.02327488 0.1240425 0.1210413 0.006988972 0.2320235 -0.05160582 -0.2323231 0 0 0 0.2572346 0.05228658 0.02466906 0.3468198 0.03136741 -0.2085855 0.02824591 -0.004031968 0.2362792 3.00664e-4 0.09965663 0.9074875 0.4453313 0.5227675 0.06354778 0.4328488 0.09962121 0.4011754 0.003004782 0.04786249 0.2331775 0.3053791 0.1074559 0.6822056 0.2605667 -0.03177095 -4.92511e-4 0.04757812 -0.4258718 0.3551891 0.003287201 0.02494085 0.2363032 0.3059486 0.03558883 0.7081178 0.2606953 -0.03553255 -0.02076944 0.03428586 -0.3730142 0.3620629 -0.04441612 -0.007931998 -0.9986202 0.03344448 0.1006094 0.9940625 0.03169322 0.2370133 0.003546908 0.7752625 -0.2203072 0.09111611 0.2581556 -0.07193479 0.02926069 -0.05825457 7.2543e-4 -0.9136835 0.06350482 3.86933e-4 -0.9959506 0.06383038 -1.41853e-4 -0.9959089 -0.05333369 -0.00154201 -0.8315519 -0.05824821 7.38897e-4 -0.913684 0.06349919 2.62136e-4 -0.9959514 0.06381639 -2.68187e-4 -0.9959107 -0.05332768 -0.001741785 -0.8315512 -0.05824083 8.26272e-4 -0.9136829 0.02116394 9.92597e-5 -0.3319841 0.05853921 8.29097e-4 -0.9137212 -0.05332009 -0.002095885 -0.8315467 -0.02639218 -0.001437026 -0.4142647 0.02115972 1.06904e-4 -0.3319734 0.05851709 9.52066e-4 -0.9137126 -0.02127805 1.08199e-4 -0.3319695 -0.02638284 -0.001684699 -0.4142695 0.02115497 1.34708e-4 -0.331974 0.05849437 0.001136329 -0.9137093 -0.02126996 1.31431e-4 -0.3319705 0.06383205 1.72118e-4 0.9959087 0.06350675 -3.56544e-4 0.9959504 -0.05563496 -0.001142711 0.8725456 -0.05596814 0.00110158 0.8726361 -0.06381779 -2.68206e-4 -0.9959105 -0.06350098 2.62157e-4 -0.9959512 0.05562942 0.001241079 -0.8725459 0.05596123 -0.001240071 -0.8726359 0.05591187 -0.00167792 0.8726215 0.05563215 0.00105567 0.8725466 -0.03174131 -4.14695e-5 0.4979768 -0.05595152 0.00121282 0.8726331 -0.06377874 -3.47897e-4 -0.9959155 -0.06348282 3.4252e-4 -0.9959534 0.05561414 0.001617184 -0.8725323 0.05594078 -0.001614627 -0.8726209 -0.03187468 -2.0533e-4 -0.497968 -0.05561876 -0.001898314 -0.8725489 0.03172628 -2.03348e-4 -0.4979786 0.007885449 0.002315447 -0.1232954 0.1244113 -0.03317473 -0.4640861 0.2877365 0.01263873 -0.3316208 0.1147304 0.009070557 -0.08960005 7.36405e-4 -0.01264831 -0.1991952 -1.12493e-5 0.02111939 -0.3320314 -0.1485712 -0.02712181 -0.3577612 -0.1147528 -0.03316272 -0.5744008 7.39267e-4 0.01264861 -0.1991951 -0.8633762 -0.00123382 0.0258806 -0.8633761 0.001233756 0.02588052 -0.8633762 -0.001233756 -0.0258806 -0.8633761 0.00123382 -0.02588052 -0.8633718 -0.001232822 -0.02588044 -0.8633718 0.001235742 -0.02588037 -0.863374 -0.001232877 0.0258805 -0.8633739 0.001233765 0.02588041 0.01000318 -0.02068478 -0.3318498 0.1545738 0.02713921 -0.3574311 0.1247428 0.03264328 -0.5743125 0.005262707 -0.01274223 -0.199115 -0.1324717 0.03321778 -0.4638527 -0.2925644 -0.01236716 -0.3316323 -0.1227865 -0.009262485 -0.08943898 -0.005566255 0.01242671 -0.1991467 0.8633737 -0.001240487 0.02587603 0.8633755 0.001308374 0.02588571 0.8633765 -0.001259291 -0.02588545 0.8633747 0.001158295 -0.02587569 0.8633722 -0.001111425 -0.02588471 0.8633703 0.001376045 -0.02587631 0.8633715 -0.001221802 0.02587587 0.8633733 0.001269466 0.02588548 0.1150651 -0.03289453 -0.4639927 0.2821268 0.01279841 -0.3315431 0.1053835 0.008790016 -0.08950829 -0.004870853 -0.01280825 -0.1991165 0.02169765 -0.02043649 0.3313172 -0.1370305 -0.001470397 0.0401952 -0.09304383 0.008392711 0.08895693 0.01227633 -0.013004 0.1987719 0.8633727 0.001380747 -0.02587828 0.8633727 -0.001380889 -0.02587821 0.4995514 -6.30851e-5 0.01496965 0.1357301 0.001506904 0.004061009 -0.8633684 -0.001381722 -0.02587812 -0.8633683 0.001380767 -0.02587805 -0.4995514 6.22652e-5 0.01496963 -0.1357323 -0.001508695 0.004061061 -0.00999735 0.02069124 0.331941 0.1440526 0.001653074 0.04080631 0.1047417 -0.008733906 0.08946994 -0.005259835 0.01274246 0.1991151 -0.1324812 0.03321718 -0.4638507 -0.2925693 -0.01236753 -0.3316328 -0.1227953 -0.009262472 -0.08943262 -0.005571982 0.01242625 -0.1991466 -0.8633711 0.001145289 -0.02587196 -0.8633742 -0.001607039 -0.02588438 -0.8633742 0.00156052 0.02588409 -0.8633711 -0.00124763 0.02587243 0.8633698 -0.001672047 -0.02588448 0.8633668 0.00109892 -0.02587171 0.4995516 5.69859e-5 0.01496695 0.8633721 0.001514014 0.02588388 0.1238035 -0.0331575 -0.4640934 0.2873708 0.01264937 -0.3316214 0.1141218 0.009053463 -0.08961227 3.71682e-4 -0.01265901 -0.1991948 -0.001201108 -0.0211484 0.3319292 -0.1507698 -0.001848113 0.04060687 -0.1159426 0.009105172 0.08957822 -0.001465848 -0.0126271 0.1991938 -0.9991032 1.42819e-4 0.02993354 -0.9991032 -1.42834e-4 0.02993361 -0.863371 -0.001544825 -0.02587492 -0.863371 0.001563416 -0.02587506 -0.8633666 -0.001649896 -0.02587526 -0.8633667 0.001394138 -0.0258741 -0.8633687 -0.0017814 0.02587594 -0.8633688 0.001296942 0.02587369 6.1617e-4 -0.02096752 -0.3319539 0.1489413 0.02697796 -0.357503 0.1153551 0.03292676 -0.574434 -3.69775e-4 -0.01258253 -0.1992046 -0.1263279 0.03304393 -0.4639626 -0.2888769 -0.01247931 -0.331688 -0.1166421 -0.00908844 -0.0895412 -0.001880975 0.01253842 -0.1992016 0.8633693 -0.001484583 0.02586886 0.8633728 0.001714133 0.02588175 0.8633728 -0.001626462 -0.02588138 0.8633692 0.001419419 -0.0258685 0.9991027 8.05953e-4 -0.02993613 0.9991032 5.22766e-4 -0.02993054 0.863367 -0.001031762 0.02586681 0.8633704 0.002150443 0.02588396 0.1229026 -0.03313067 -0.4640937 0.2868331 0.0126649 -0.3316161 0.1132237 0.009027877 -0.08962446 -1.68187e-4 -0.01267459 -0.1991931 0.001110439 -0.02108069 0.3319321 -0.1493856 -0.001807977 0.04060013 -0.1136339 0.009038482 0.08959617 -7.63784e-5 -0.01266799 0.199194 0.8633771 0.001798052 -0.02587024 0.8633771 -0.001798421 -0.02587028 0.8633771 0.001798421 0.02587025 0.8633771 -0.001798052 0.02587026 -0.4995518 8.21203e-5 -0.01496242 -0.8633727 0.00179808 -0.02587013 -0.4995518 8.21035e-5 0.01496241 -0.1357288 -0.001962675 0.004054663 -0.001400058 0.02095237 0.3320798 0.149209 0.001796222 0.04093266 0.1133361 -0.008992366 0.08956624 -9.89754e-5 0.01259618 0.1992031 -0.123066 0.03294851 -0.4639718 -0.2869235 -0.01253652 -0.3316861 -0.1133834 -0.00899279 -0.08954381 7.60387e-5 0.01259605 -0.1992032 -0.8633672 0.001464307 -0.02586402 -0.8633789 -0.002292899 -0.02588012 -0.8633702 0.002252766 0.0258796 -0.8633585 -0.001384007 0.0258634 0.9991031 9.25674e-4 -0.02992704 0.9991035 5.98841e-4 -0.02992487 0.4995606 4.4703e-4 0.01495897 0.8633767 0.002343479 0.02588035 0.1237745 -0.0331566 -0.4640986 0.2873568 0.01264968 -0.3316177 0.1140957 0.009054266 -0.08963614 3.54329e-4 -0.01265927 -0.1991948 -6.69864e-4 0.02110205 -0.332063 -0.1489648 -0.0271364 -0.3578095 -0.1154144 -0.03314091 -0.5743807 3.42691e-4 0.01266025 -0.1991947 0.4995521 -9.97813e-5 -0.01495738 0.863374 -0.002125835 -0.02586571 0.4995521 -9.97813e-5 0.01495738 0.1357302 0.002313973 0.004049151 -0.4995521 9.36608e-5 -0.01495741 -0.8633697 0.002116889 -0.02586549 -0.4995521 9.36608e-5 0.0149574 -0.1357324 -0.002317253 0.004049188 -0.005319574 0.02083637 0.3320668 0.146855 0.001727065 0.04092984 0.1094166 -0.008875172 0.0895349 -0.002448565 0.01266374 0.1991795 -0.1304656 -0.008812306 0.2000151 -0.2898851 0.0127351 0.06668925 -0.1207834 0.0327663 0.5744498 -0.002884332 -0.0126767 0.199172 -0.999104 7.06134e-4 -0.02991511 -0.9991036 0.001093855 -0.02991635 -0.4995429 3.34447e-4 0.01496416 -0.863355 -0.001478687 0.02585565 0.9991036 0.001090641 -0.02991637 0.999104 7.06185e-4 -0.02991512 0.4995609 5.26696e-4 0.01495265 0.8633739 0.00276494 0.02587854 -0.05825607 7.60316e-4 -0.9136809 0.05302093 -0.001335858 -0.8314151 0.05856651 8.46051e-4 -0.913722 -0.0533362 -0.001543999 -0.8315475 0.05827575 4.51296e-4 0.913685 -0.05300166 -0.001574628 0.8314078 -0.05858627 5.40675e-4 0.9137248 0.0533166 -0.001811841 0.8315427 0.0582496 -7.38942e-4 0.9136814 -0.05301842 0.001795289 0.8314142 -0.0585537 -6.79457e-4 0.9137205 0.02128707 -8.83813e-5 0.3319683 0.02641397 -0.001085351 0.4142466 -0.02115813 8.84373e-5 0.3319849 -0.05857755 7.38221e-4 0.9137249 0.02127798 8.9446e-5 0.3319695 -0.05824312 0.001018235 -0.9136803 0.05301318 -0.001767893 -0.8314115 0.0585404 0.001108553 -0.9137183 -0.0533214 -0.001873133 -0.8315424 0.05826884 8.25266e-4 0.9136852 -0.05298942 -0.00226223 0.8314029 -0.05856533 7.15231e-4 0.9137233 0.05329601 -0.001915485 0.8315342 0.05823259 -9.63352e-4 0.9136733 -0.05301023 0.002632378 0.8314074 -0.05851878 -7.52197e-4 0.9137102 0.05331146 0.002268338 0.8315257 0.02640533 -0.001421804 0.414245 -0.02114959 1.14757e-4 0.3319859 -0.05855063 9.53557e-4 0.9137155 0.02126579 1.08732e-4 0.3319598 0.05821994 -0.001142477 0.9136713 -0.02115689 -1.39675e-4 0.3319963 -0.02650155 0.001683753 0.4141861 0.021271 -1.36264e-4 0.3319704 0.02639835 -0.001677819 0.4142481 -0.02114293 1.35463e-4 0.3319868 -0.05853054 0.001127345 0.9137125 0.02125684 1.29625e-4 0.3319609 0 0 0 -0.2355159 0.2357247 0.006255409 0 0 0 0.01417452 -0.2357119 -0.2349211 -0.01592918 8.18318e-4 -0.2498022 -0.3743672 -0.3561685 -0.01256097 0 0 0 -0.2355191 0.2357268 0.00615894 0 0 0 0.01406788 -0.2357117 -0.2349461 -0.01592865 9.15842e-4 -0.249811 -0.3743576 -0.3564775 -0.01272055 0 0 0 -0.2355231 0.2357293 0.006038752 0 0 0 0.01393507 -0.2357129 -0.2349729 -0.01592816 0.001037042 -0.2498211 -0.3743477 -0.3568636 -0.01291871 0 0 0 -0.2355288 0.2357322 0.005884796 0 0 0 0.01376281 -0.2357219 -0.2349962 -0.01592868 0.001192919 -0.2498489 -0.3743426 -0.3573687 -0.01317391 0 0 0 -0.235536 0.235736 0.005670739 0 0 0 0.01352758 -0.2357223 -0.2350472 -0.01592846 0.001408705 -0.2498693 -0.3743253 -0.3580545 -0.01352861 -0.007031127 0.2365856 -0.001101527 -0.01850646 0.7084939 -0.3296931 -0.007027042 0.2366889 -0.001207939 -0.01819019 0.7086553 -0.329719 -0.007021794 0.236819 -0.001340294 -0.01779668 0.7088583 -0.3297486 -0.00701452 0.2369918 -0.001510552 -0.01729081 0.7091277 -0.3297764 -0.007005145 0.2372232 -0.001746989 -0.01658857 0.709488 -0.3298297 0 0 0 -0.01409158 0.2357979 -0.2346733 0 0 0 0.2355188 -0.2357262 0.006086712 0.007031137 -0.2365856 -0.001101481 0.01839146 -0.7084895 -0.3298392 0 0 0 -0.01398577 0.2358066 -0.2346681 0 0 0 0.2355219 -0.2357288 0.005969852 0.007027048 -0.236689 -0.001208041 0.01807557 -0.708651 -0.3298644 0 0 0 -0.01385405 0.2358197 -0.2346587 0 0 0 0.235526 -0.2357318 0.005824863 0.007021799 -0.2368191 -0.00134041 0.01768259 -0.708854 -0.3298929 0 0 0 -0.01368293 0.2358405 -0.2346218 0 0 0 0.2355312 -0.2357354 0.005638032 0.007014515 -0.2369921 -0.001510815 0.01717649 -0.7091235 -0.3299204 0 0 0 -0.01344801 0.2358644 -0.2346009 0 0 0 0.2355379 -0.2357404 0.005380072 0.007005165 -0.2372228 -0.001746987 0.01647597 -0.709483 -0.3299709 0.01601721 -8.17704e-4 -0.2497058 0.3743716 0.3561686 -0.01256118 0.01601488 -9.15128e-4 -0.2496934 0.3743619 0.3564771 -0.01272054 0.01601218 -0.001036204 -0.249679 0.3743521 0.3568633 -0.01291868 0.01600871 -0.001191907 -0.2496584 0.374347 0.3573679 -0.01317364 0.01600434 -0.001407453 -0.2496302 0.3743296 0.358055 -0.01352875 -0.2425481 -9.43014e-4 -0.007274444 -0.02678757 0.3561006 -0.3970446 0.001846238 0.2365761 -0.01498867 0.3427316 0.70853 -0.007348614 0.2425499 -8.6013e-4 0.00727257 0.02679828 0.3560834 0.3971823 -0.00184704 0.2365725 0.01507776 -0.3427292 0.7084667 0.007604229 0.001826059 -0.2365716 0.01482434 0.3427315 -0.7084644 0.007604456 -0.2425484 8.60091e-4 0.007272515 -0.02662661 -0.3560866 0.3969288 0.2425489 7.77213e-4 -0.007270801 0.02663743 -0.3560695 -0.3970727 -0.001827007 -0.236568 -0.01491638 -0.3427291 -0.708401 -0.007860011 -0.2425472 -0.001055462 -0.007274467 -0.0269404 0.3564034 -0.3970085 0.001951277 0.2366799 -0.01497877 0.3427427 0.7086973 -0.006998088 0.2425475 -9.6255e-4 0.007272399 0.02695282 0.3563844 0.3971683 -0.001952379 0.2366757 0.01508048 -0.3427402 0.708625 0.007284787 0.00193025 -0.236675 0.01480698 0.3427424 -0.7086229 0.007284576 -0.2425461 9.62656e-4 0.007272345 -0.02678145 -0.3563877 0.3969149 0.2425464 8.69744e-4 -0.007270278 0.02679356 -0.356369 -0.3970742 -0.001931326 -0.2366708 -0.01490868 -0.34274 -0.7085506 -0.0075712 -0.2425461 -0.001194971 -0.007274651 -0.02713139 0.3567793 -0.3969683 0.002081898 0.2368088 -0.01496642 0.3427566 0.7089065 -0.006563016 0.2425463 -0.001089884 0.007272173 0.02714493 0.3567584 0.3971479 -0.002083184 0.2368038 0.01508091 -0.3427541 0.7088243 0.006887325 0.00205984 -0.2368033 0.01478465 0.3427564 -0.7088222 0.006887075 -0.2425448 0.001090003 0.00727212 -0.02697394 -0.3567618 0.396895 0.242545 9.84916e-4 -0.007269728 0.0269879 -0.3567411 -0.3970749 -0.002061036 -0.2367984 -0.01489911 -0.3427538 -0.7087399 -0.007211447 -0.2425502 -0.001374365 -0.007274903 -0.02737688 0.3572624 -0.3969129 0.002250023 0.2369741 -0.01495055 0.3427756 0.7091863 -0.006002456 0.2425502 -0.001253437 0.007271887 0.02739221 0.3572388 0.3971136 -0.002251246 0.2369684 0.01507805 -0.3427728 0.7090885 0.006375938 0.002225338 -0.2369681 0.01473546 0.342775 -0.7090867 0.006375229 -0.2425487 0.001253703 0.007271835 -0.02722167 -0.3572425 0.3968613 0.2425377 0.001132831 -0.007269328 0.0272404 -0.3572192 -0.3971142 -0.002228059 -0.2369623 -0.01488671 -0.3427721 -0.7089886 -0.006749686 -0.2425482 -0.001622532 -0.007276087 -0.02771793 0.3579309 -0.396837 0.002483051 0.237203 -0.0149286 0.3427998 0.7095552 -0.005227051 0.2425479 -0.001480208 0.007272188 0.02773665 0.357904 0.3970775 -0.002484909 0.2371961 0.01508141 -0.342797 0.7094424 0.005667052 0.002456519 -0.2371958 0.01469301 0.3427997 -0.709439 0.005667174 -0.2425465 0.001480218 0.007272133 -0.02756642 -0.3579073 0.3968261 0.2425352 0.001337957 -0.007268823 0.02758822 -0.3578807 -0.3971187 -0.002459756 -0.2371889 -0.01486959 -0.3427969 -0.7093258 -0.006108073 0.04777655 -0.001961228 -0.7491548 0.04803949 0.002902206 -0.7493567 0.0477774 -0.003046847 -0.749153 0.04802811 0.002426104 -0.7493487 -0.7276263 -0.002954785 0.0218089 0 0 0 -0.7276045 -0.003398533 0.0218077 1.74283e-5 1.11332e-7 -5.21477e-7 -0.727597 -0.004013923 0.02180618 1.74285e-5 1.31433e-7 -5.21066e-7 0.04803956 -0.002717404 0.7493475 0.04777772 0.002064716 0.7491454 -0.04802919 0.002556232 -0.7493411 -0.04777792 -0.002954258 -0.7491458 0.7276389 -0.003269987 -0.02181652 0 0 0 -0.04800564 0.003273806 -0.7493171 -0.04777204 -0.003557323 -0.7491513 0.727649 0.004867561 0.02182839 1.74285e-5 1.08375e-7 5.21136e-7 0.001201783 -0.06253548 -0.9142532 -1.79193e-4 0.05725025 -0.8331945 0.001415909 0.05887597 -0.9137611 -6.41069e-4 -0.053658 -0.8317674 0.00197541 -0.8594968 -0.01509974 5.58785e-5 -0.8594969 -0.01509412 0.002010395 -0.8594968 0.01510002 1.61719e-4 -0.8594969 0.01509401 -4.74045e-4 -0.06244269 -0.9142028 0.001134221 0.05689899 -0.832972 -4.74102e-4 0.06244312 -0.9141641 0.001134126 -0.05690143 -0.8330489 -7.99287e-4 0.8595369 0.01534318 -0.002665589 0.8595508 0.01539613 -0.001910117 0.9996948 -0.0172575 -0.001812518 0.9996961 -0.01722438 -8.33587e-4 0.06260439 0.9142658 6.41414e-4 -0.0572534 0.8331955 -9.82179e-4 -0.05972515 0.9138691 9.84403e-4 0.05443445 0.8321032 4.32299e-4 -0.8627663 -0.02412949 -0.001428689 -0.8627662 -0.02413231 3.79822e-4 -0.8627663 0.02412934 -0.001361569 -0.8627662 0.02413212 -4.74043e-4 -0.06244412 -0.914203 -1.85992e-4 0.06798552 -0.9953563 1.85988e-4 0.06798566 -0.9953563 0.001134125 -0.05690274 -0.8330495 0.002580011 0.8628455 0.02458872 7.71115e-4 0.8628315 0.02452909 0.00165345 0.999232 -0.0274301 0.001806936 0.9992293 -0.02747324 0.001751786 -0.06698479 -0.9147759 -2.47247e-4 0.06139956 -0.8348948 0.001546764 0.06293977 -0.9142634 1.8095e-4 -0.05743578 -0.8333768 -3.68031e-4 0.8615724 0.02077307 0.001584674 0.8615723 0.02077649 -0.00127187 0.8615716 -0.02077357 6.11405e-4 0.8615717 -0.02077178 -0.002221724 -0.06256957 -0.9142181 -0.001136536 0.05708994 -0.8330298 -0.002685219 0.06733963 -0.9147093 -3.0332e-4 -0.06178276 -0.8350491 -9.3982e-4 -0.8598244 -0.0161749 9.39651e-4 -0.8598244 -0.01617494 5.1068e-5 -0.9996688 0.0179912 -5.11799e-5 -0.9996688 0.01799123 -2.95513e-4 -0.06300304 -0.914334 -0.001706933 0.0572727 -0.8332071 -2.38581e-4 0.06542246 -0.9145524 -0.001971322 -0.05964787 -0.8343031 -3.43731e-4 0.8609272 0.01898688 0.002102097 0.8609266 0.0189918 -0.001359874 0.8609274 -0.01898971 9.29854e-4 0.8609277 -0.01898857 -0.00139835 -0.06251161 -0.9142127 5.04322e-6 0.05699784 -0.8329831 -0.001593851 0.06489646 -0.9144395 4.11526e-4 -0.05934421 -0.8340607 -9.24323e-4 -0.8616306 -0.02119186 9.24415e-4 -0.8616314 -0.02119375 6.67812e-5 -0.9994338 0.02352425 -6.67782e-5 -0.9994337 0.02352641 -1.72647e-4 -0.06891822 -0.9952275 -0.001299162 0.05728437 -0.8332126 3.50426e-4 0.07106779 -0.9151563 2.35907e-4 -0.07706527 -0.9940252 9.32627e-4 -0.860668 -0.01827654 -9.31016e-4 -0.860668 -0.01827658 9.32626e-4 -0.8606681 0.01827655 -9.3209e-4 -0.8606681 0.01827659 1.33625e-4 -0.06875552 -0.9149152 0.002219359 0.06269743 -0.8352815 0.001146346 0.06282648 -0.9141778 1.22461e-4 -0.05691486 -0.8330585 9.31911e-4 0.8607561 0.01881394 -9.3204e-4 0.8607561 0.018814 9.3192e-4 0.8605795 -0.01773927 -9.3231e-4 0.8605796 -0.0177393 -0.02096041 0.01258928 -0.3320701 0.01280731 0.007117912 -0.1990492 0.01039492 0.1343137 -0.1991895 -0.009268042 0.2924306 -0.0664059 -0.008127658 0.1182716 -0.08940259 0.02698228 -0.1442626 -0.3594852 0.02264142 0.002196248 -0.331483 -1.3904e-4 0.1478351 -0.03926213 -0.02233402 0.007136845 -0.3314395 0.01361878 0.003542756 -0.1990365 0.009937723 0.1310985 -0.1989125 -0.01254418 0.2902548 -0.06750119 -0.008864468 0.1132433 -0.08925672 0.02716621 -0.1491035 -0.3575538 0.02140351 -0.001721462 -0.3322587 0.001457757 0.1484513 -0.04040063 0.00883745 0.1181734 0.08886991 -0.01349532 0.002284197 0.199075 -0.03467357 0.1258707 0.4653059 0.01576861 0.2884817 0.3312615 -0.009357567 0.1195785 -0.08863825 0.03002198 -0.1445294 -0.3607783 0.02453989 0.004146248 -0.3311853 7.6596e-4 0.1508949 -0.03771892 0.007923765 0.116799 0.08980066 -0.01195095 0.001244149 0.1992792 -0.03061051 0.1239273 0.4642183 0.01383009 0.2871469 0.3329474 -0.008596974 0.1151075 -0.08971128 0.02769033 -0.1469274 -0.3599936 0.02255177 -5.00535e-4 -0.3312127 5.00953e-4 0.1475037 -0.03931955 0.02249856 -0.005091344 0.3318361 -0.01359801 -0.002492674 0.1990554 -0.03665834 -0.1207881 0.574619 0.01664727 0.2833082 0.3307798 -0.01086454 -0.1281705 -0.1987223 0.01059255 -0.2887216 -0.06759566 0.02248729 -0.005662367 -0.3318397 3.16337e-4 0.1441766 -0.03928807 9.33765e-4 -0.8604729 -0.01773246 -9.33765e-4 -0.8604729 -0.0177325 9.33764e-4 -0.860473 0.01773267 -9.33765e-4 -0.860473 0.01773271 2.43964e-5 -0.8604726 -0.01772992 -0.001791176 -0.8604726 -0.01773488 5.93812e-5 -0.860473 0.01773024 -0.001790133 -0.8604729 0.01773509 2.26383e-5 0.8604727 -0.01773001 0.001917708 0.8604725 -0.01773544 -3.60107e-6 0.8604726 0.01772987 0.00189761 0.8604725 0.01773517 9.22002e-4 -0.8618298 0.0214824 -9.22002e-4 -0.8618298 0.02148244 9.22002e-4 -0.8618298 -0.0214824 -9.22002e-4 -0.8618298 -0.02148244 -0.0026932 -0.8605352 -0.01808039 -8.42618e-4 -0.8605195 -0.01802175 -0.001826954 -0.9995823 0.02020845 -0.001943147 -0.9995804 0.02024796 8.82525e-4 0.8618947 0.02186039 -9.48336e-4 0.8618948 0.02186065 -6.92978e-5 0.99939 -0.02447157 6.91454e-5 0.99939 -0.02447161 -5.72609e-5 0.999583 -0.02023345 5.7261e-5 0.999583 -0.02023349 9.33722e-4 0.8605301 0.01804593 -9.33722e-4 0.8605301 0.01804598 0.001902367 0.9995821 -0.02020845 0.002017121 0.9995803 -0.02024755 0.002765883 0.8605351 0.0180808 9.51001e-4 0.8605194 0.01802175 9.26074e-4 -0.8612627 -0.01990277 -9.28709e-4 -0.8612627 -0.01990283 9.26074e-4 -0.8612627 0.01990277 -9.26952e-4 -0.8612627 0.01990282 -2.44596e-4 -0.8601793 -0.0169321 -0.002100637 -0.8601792 -0.01693874 -2.62088e-4 -0.8601789 0.01693129 -0.002238588 -0.8601787 0.01693828 4.28464e-4 -0.8612626 0.01990139 -0.001424855 -0.8612626 0.0199042 4.10971e-4 -0.8612626 -0.01990134 -0.001391042 -0.8612626 -0.0199041 -9.26111e-4 0.8612625 -0.0199023 9.28637e-4 0.8612625 -0.01990235 6.58421e-5 0.9994664 0.0230939 -6.41584e-5 0.9994664 0.02309396 0.002518186 0.8613307 0.02028319 7.15792e-4 0.8613173 0.02023228 0.001627774 0.9994752 -0.02266685 0.001758485 0.9994735 -0.02270072 -9.26834e-4 -0.8613249 -0.02025469 9.27045e-4 -0.861325 -0.02025475 -9.2693e-4 -0.8612003 0.01955092 9.27001e-4 -0.8612003 0.01955096 9.27001e-4 0.8612005 -0.0195514 -9.27e-4 0.8612005 -0.01955143 9.26905e-4 0.8613248 0.02025422 -9.26905e-4 0.8613248 0.02025427 0.002611707 0.8601143 -0.01661008 7.2219e-4 0.8601306 -0.01665018 0.002618304 0.8602401 0.01726985 7.28052e-4 0.8602242 0.0172111 -0.02243641 0.005407265 -0.3317281 -2.32863e-4 -0.1441445 -0.03936011 0.008274211 -0.1103535 -0.08897663 -0.01358648 0.002696778 -0.1990551 -0.02243446 0.005505428 -0.3313979 0.01359294 0.002755962 -0.1990526 0.008301317 -0.1102549 -0.08929021 -0.0104401 0.2884958 -0.06778499 -0.02284979 0.01056989 0.3313043 -4.64755e-4 0.1537384 0.03865604 0.008629531 0.1263548 0.08905092 -0.01344284 0.00688999 0.1989728 -0.03494596 0.1344147 0.464713 0.01536635 0.2936405 0.3307092 0.009136175 0.1264503 0.08885289 -0.01336767 0.007326527 0.1989673 0.03363987 -0.1036765 0.4643689 -0.01690064 -0.2751073 0.3302867 -0.007974114 -0.0970416 0.08851587 0.0137324 0.01067266 0.1987662 -0.01025537 -0.1213633 -0.1995313 0.009982173 -0.2846444 -0.06663243 0.02119618 0.00102694 -0.3323506 4.02187e-4 0.1479982 -0.04057464 0.03215194 0.1230795 -0.4640429 -0.01540744 0.2866811 -0.3313895 -0.008057232 0.1164266 -0.08929824 0.01271377 9.26257e-4 -0.1991862 0.02280948 0.008800759 -0.3317002 0.001075163 0.1539084 -0.03929273 -0.009082693 0.1241118 -0.08890721 0.02789797 -0.1420206 -0.35877 0.02248248 -0.002429265 0.3318487 -0.02770245 -0.1483431 0.358735 -0.03637136 -0.1179304 0.5746133 0.01354148 -8.46414e-4 0.1990769 0.03628037 -0.008798795 0.4972751 -0.0139015 0.1763948 0.2359947 -0.05972765 -0.1826271 0.8620741 0.02440326 -0.004933148 0.3314975 -0.02260354 -0.001503328 0.3315835 -6.76261e-4 0.1472095 0.03893241 0.008665906 0.1140242 0.08920307 -0.01358443 -2.85809e-4 0.1990726 -0.03449234 0.1233813 0.4649506 0.01605777 0.2869672 0.3307698 0.008693206 0.1159978 0.08907508 -0.01354125 8.9508e-4 0.1990767 -0.01051396 -0.1315928 -0.1987147 0.01114814 -0.2907264 -0.06744976 0.03620869 -0.124153 -0.5745513 -0.01362714 -0.004587533 -0.1990141 -0.01657011 -0.1923089 -0.2979687 0.02268 -0.00516513 -0.3317399 0.03727132 -0.004712971 -0.5487279 8.79647e-5 0.1435059 -0.03929225 0.03286339 0.1226105 -0.4642134 -0.01499885 0.2864827 -0.3312775 -0.008389519 0.1151603 -0.08924655 0.01289911 3.92388e-4 -0.199164 0.02262988 5.26465e-4 -0.331837 6.73113e-4 0.1484244 -0.03933216 -0.00869225 0.1160275 -0.08905451 0.02776728 -0.1465611 -0.358861 3.92347e-4 -0.8605538 -0.0179633 -0.001491741 -0.8605537 -0.0179664 0.001228779 -0.8605539 0.01796563 -6.89109e-4 -0.8605539 0.01796417 -9.39332e-4 0.8597645 0.0158249 9.39796e-4 0.8597645 0.01582493 -9.39332e-4 0.8597646 -0.0158249 9.40722e-4 0.8597646 -0.01582494 -6.08931e-4 0.8605539 -0.0179639 0.001301008 0.8605539 -0.01796587 -0.001397374 0.8605538 0.01796609 5.12566e-4 0.8605539 0.01796367 -0.00123092 -0.8606302 -0.01838678 6.69231e-4 -0.8606148 -0.01833776 3.9591e-6 -0.999575 0.02038056 -1.10571e-4 -0.999573 0.02042879 -5.37209e-4 -0.8616438 -0.02120118 0.001345612 -0.8616642 -0.02126704 1.43511e-4 -0.9994302 0.02359688 9.49748e-6 -0.9994333 0.0235315 -1.23945e-4 0.9995728 -0.02043303 -7.65167e-6 0.9995752 -0.02037619 5.39148e-4 0.8606136 0.01833379 -0.001396455 0.8606317 0.01839227 6.62956e-4 -0.8615588 -0.02073594 -0.001170931 -0.8615588 -0.02073748 0.001146433 -0.8615588 0.02073729 -7.51701e-4 -0.8615588 0.02073624 -9.24371e-4 0.8615596 0.02073868 9.24371e-4 0.8615596 0.02073872 -9.24373e-4 0.8615583 -0.02073476 9.24372e-4 0.8615583 -0.02073481 -0.001143169 0.8623076 -0.02283995 7.09743e-4 0.8623077 -0.02283881 -6.40395e-4 0.8623079 0.02283857 0.001264527 0.8623079 0.02284035 -7.74574e-4 -0.8623902 -0.02332498 9.7412e-4 -0.8624017 -0.02336138 1.16882e-4 -0.9993133 0.02590284 -3.00341e-5 -0.9993153 0.0258653 -3.05959e-4 -0.8609892 -0.01935959 0.001668738 -0.8610212 -0.01946356 1.78132e-4 -0.9995222 0.02160905 5.19122e-5 -0.9995268 0.02150379 -1.06427e-4 0.9994329 -0.02354123 2.73498e-5 0.9994346 -0.02350476 7.24242e-4 0.8616343 0.02117735 -0.001193387 0.8616374 0.02121348 -0.02260579 -0.001316549 -0.3321121 -3.5294e-4 -0.1482587 -0.03938749 0.008415257 -0.1170496 -0.08861006 -0.01351112 -0.001340943 -0.1990752 -0.02264786 -0.002798128 -0.3317302 0.01351311 -0.002167972 -0.1990708 0.008202741 -0.1187861 -0.08897026 -0.009703076 0.2832634 -0.06745032 -0.0241681 -0.002787681 0.3312997 -2.4296e-4 0.1458122 0.03743423 0.008779197 0.1130036 0.08861898 -0.01454888 -0.001077863 0.1989328 0.03671886 -0.1205492 0.4654092 -0.01840975 -0.2853174 0.3291141 -0.00883702 -0.1138768 0.08841168 0.01467323 5.18482e-4 0.1989167 -0.01138839 -0.118851 -0.1986828 0.009698531 -0.2831746 -0.06762452 0.02266352 0.003041959 -0.3318219 -2.70044e-6 0.1485891 -0.03928245 0.03426888 0.1235883 -0.4647929 -0.01673114 0.2870436 -0.330613 -0.008444469 0.1168917 -0.08874014 0.01356706 0.001249518 -0.1990744 -0.02246031 0.003543999 -0.3319291 -7.69182e-4 -0.1462578 -0.03942955 0.008662947 -0.1118559 -0.08876183 -0.01355738 0.001492801 -0.1990709 -0.02247494 0.003697515 -0.3317335 0.01356532 0.001580156 -0.1990691 0.008680658 -0.1117025 -0.08893717 -0.01136063 0.2877694 -0.06728716 -0.02267185 0.001192678 0.3320181 -0.001110324 0.1474508 0.03977949 0.009076982 0.1163758 0.08894515 -0.01346076 0.003762159 0.199054 -0.01110881 -0.1236897 -0.1982758 0.01153958 -0.2859486 -0.06809229 0.03791633 -0.1159639 -0.5746909 -0.01408193 3.16297e-4 -0.199003 -0.01059953 -0.1236945 -0.1987941 0.01131956 -0.2859652 -0.06753698 0.02255375 -5.72578e-4 -0.3318671 8.05933e-4 0.1480371 -0.03938233 0.0362404 0.1229905 -0.4654386 -0.01604779 0.2868995 -0.3302288 -0.009275969 0.114528 -0.08886064 0.01412109 3.4883e-4 -0.1989973 -4.28735e-4 -0.8606668 -0.01827274 -0.002321573 -0.8606666 -0.01828041 -6.99951e-4 -0.8606663 0.01827197 -0.002631693 -0.8606659 0.01828127 -0.001058818 0.8606679 -0.0182769 8.21778e-4 0.860668 -0.01827628 -2.71756e-4 0.8606678 0.0182747 0.001733416 0.8606676 0.01827881 -0.001062363 -0.8607522 -0.0187706 7.82249e-4 -0.8607727 -0.01885788 -0.0010208 -0.8605873 0.01778285 8.92808e-4 -0.8605668 0.01769444 -1.59456e-4 0.8605597 -0.01770409 -0.002018839 0.8605745 -0.01778059 -1.74376e-4 0.9995344 0.02188104 -6.10436e-5 0.9995376 0.02180856 0.02483239 -0.002856679 0.3319802 -0.03007191 -0.1480671 0.3603588 -0.04066588 -0.1185917 0.5744534 0.01494328 -0.001092535 0.198874 -0.02259689 -0.005132075 0.3323978 -2.45328e-4 0.1444977 0.04034259 0.008354159 0.1106065 0.08879053 -0.01362567 -0.002511849 0.1990513 -0.01072716 -0.1318864 -0.1982378 0.01058188 -0.2909478 -0.066988 0.03649077 -0.1250359 -0.5747989 -0.0136467 -0.005065219 -0.1989999 0.03844034 0.1125361 -0.4665754 -0.0196732 0.2805321 -0.3288603 -0.009023391 0.1058133 -0.08831247 0.01547671 -0.005323271 -0.1987236 -4.38742e-4 0.05945394 -0.8735131 -0.002079704 0.05603963 -0.8726005 -9.39185e-5 -0.05596266 -0.8726377 -0.001764653 -0.05973787 -0.8736419 0.0021671 0.05613245 -0.872632 5.98769e-4 0.05963183 -0.8735668 0.001837764 -0.05970348 -0.8736327 2.52182e-4 -0.05587505 -0.872614 7.6461e-4 0.05997576 0.8737764 -8.54687e-4 0.05997603 0.8737764 8.04059e-4 -0.05997282 0.8737046 -8.0232e-4 -0.0599728 0.8737046 0.001484627 0.05960708 0.8736595 -1.55415e-4 0.05610754 0.8727288 0.001881175 -0.05603593 0.8726557 2.28441e-4 -0.05988327 0.8736817 -0.001430934 0.07289979 -0.994656 -0.001048044 0.06828364 -0.9953148 -3.81001e-4 -0.05985422 -0.8736741 -0.001990506 -0.06443362 -0.8748451 -8.39207e-6 0.05959403 -0.8735277 -0.001605441 0.0569 -0.8728088 3.28023e-4 -0.05684551 -0.8728757 -0.001257283 -0.05981517 -0.8736626 -8.026e-4 -0.05997567 -0.8737705 8.04955e-4 -0.05997498 -0.8737703 -8.0268e-4 0.05997361 -0.8737048 8.02318e-4 0.05997288 -0.8737046 6.56952e-4 0.05704336 0.8730078 -9.76226e-4 0.05975997 0.8737291 2.66674e-4 -0.059806 0.8736611 -0.001438732 -0.05684599 0.8728747 -8.0369e-4 -0.05976251 0.8735843 8.04332e-4 -0.05976372 0.8735846 -8.03584e-4 0.05976652 0.8736545 8.03778e-4 0.05976777 0.8736548 0.001417222 -0.06016178 0.8736716 0.002973008 -0.06475134 0.8748405 8.1691e-4 0.06481856 0.8749468 0.00230896 0.05987801 0.8736809 -0.002299419 -0.06473397 -0.8750062 -7.48391e-4 -0.06016131 -0.8738414 -0.001939222 0.06007454 -0.8737333 -3.74499e-4 0.06506445 -0.8750086 -8.0352e-4 0.05985979 -0.8736788 8.03531e-4 0.05986072 -0.8736791 -8.03414e-4 -0.0598629 -0.8737487 8.03445e-4 -0.05986379 -0.8737489 -8.03739e-4 -0.05976172 0.8735611 8.04376e-4 -0.05976366 0.8735616 -8.03588e-4 0.05976599 0.8736544 8.03777e-4 0.05976796 0.8736549 0.00302109 -0.05317001 0.8717899 0.00462217 -0.05951526 0.8734973 0.001592495 0.05960842 0.8736113 0.002627474 0.05273972 0.8717502 -0.003441868 -0.05938977 -0.8736239 -0.001923092 -0.05310109 -0.8719294 -0.002607577 0.05296378 -0.8718137 -0.001405547 0.05992609 -0.8736957 -8.03745e-4 0.05985915 -0.8736785 8.03104e-4 0.05986106 -0.873679 -8.03612e-4 -0.05986365 -0.8737718 8.0342e-4 -0.0598648 -0.8737723 8.03647e-4 0.05979315 -0.8735539 -8.04285e-4 0.05979253 -0.8735537 8.03479e-4 -0.05979844 -0.8736628 -8.03658e-4 -0.05979787 -0.8736627 -1.89115e-4 0.0682589 0.9953188 1.88553e-4 0.06825803 0.9953189 8.02153e-4 -0.05992329 0.8736954 -8.06549e-4 -0.05992246 0.8736951 8.03784e-4 0.05974917 0.8737036 -8.03802e-4 0.0597493 0.8737037 8.03864e-4 -0.05974809 0.8736459 -8.03882e-4 -0.05974827 0.8736459 2.75637e-4 0.05619291 0.8727596 -0.001395575 0.05964472 0.8736773 -7.15875e-5 -0.05970143 0.8736338 -0.001710997 -0.05594681 0.8726316 5.42583e-4 -0.05967708 0.8735717 0.002216981 -0.05623703 0.8726538 1.10373e-4 0.05616068 0.8726914 0.001692642 0.0599637 0.8737011 8.05579e-4 0.05989435 -0.8736131 -8.03927e-4 0.05989496 -0.8736133 8.05486e-4 -0.05989704 -0.8736848 -7.98795e-4 -0.05989763 -0.873685 8.03773e-4 0.05975084 0.8737118 -8.03784e-4 0.05975028 0.8737116 8.03854e-4 -0.05974732 0.8736456 -8.03885e-4 -0.05974679 0.8736454 -1.55207e-5 0.06011337 0.8737987 -0.001588775 0.06433081 0.8748764 -4.11992e-4 -0.06439177 0.8748367 -0.001905229 -0.05983697 0.8736675 5.35972e-6 0.05974562 -0.8735809 -0.001634186 0.05703738 -0.8728612 2.97979e-4 -0.0569804 -0.8729121 -0.001374258 -0.05996484 -0.8737018 -8.04204e-4 -0.05989524 0.8736191 8.03911e-4 -0.05989511 0.873619 -8.04108e-4 0.05989702 0.873685 8.0153e-4 0.05989691 0.873685 0.002309981 0.06451437 0.8749436 7.86502e-4 0.05997327 0.8737846 0.001896769 -0.05988558 0.8736839 3.54495e-4 -0.06484301 0.8749533 -0.002653295 -0.06394725 0.8746477 -0.001093453 -0.06012194 0.8736697 -0.002166168 0.06005807 0.8737286 -6.15212e-4 0.06422657 0.8747989 0.001584728 0.0621464 0.8743537 5.17405e-5 0.05987625 0.8737601 0.00144002 -0.05983065 0.8736705 -1.0667e-4 -0.06230803 0.8743127 4.31267e-4 -0.06011087 0.8736524 0.002025155 -0.06240843 0.8742439 2.66484e-5 0.06244533 0.8743475 0.00156191 0.05996401 0.8737049 7.16061e-4 0.06017939 0.8738624 -8.73287e-4 0.06583951 0.8753072 -9.56365e-4 -0.06591876 0.8752199 -0.002472088 -0.05981735 0.8736646 0.002377458 -0.06037914 0.8737097 0.003925234 -0.06774209 0.8755655 0.001451832 0.06784026 0.8756901 0.002886478 0.05994824 0.8736974 0 0 0 0.2357017 0.2356153 0.004934382 0 0 0 -0.2354183 -0.01542464 -0.2355457 0.2363555 0.00484107 -7.56941e-4 0.7081303 0.0205894 -0.3278456 6.03169e-4 0.01614673 -0.2505897 -0.3554957 0.3679468 -0.008570014 0 0 0 -0.2357444 0.01538798 0.2347383 0 0 0 0.2357139 -0.2356157 -0.004199412 0.2363554 -0.004755858 7.53371e-4 0.7081279 -0.02047612 0.3281382 5.98103e-4 -0.01711244 0.2505066 -0.3554935 -0.367758 0.008432505 0 0 0 0.2357049 0.2355895 0.005386379 0 0 0 -0.2354937 -0.01543534 -0.2353081 0.2363549 0.005428045 -7.82052e-4 0.7081303 0.02059016 -0.3278447 6.01912e-4 0.01638105 -0.2506365 -0.3554914 0.3696715 -0.009529174 0 0 0 -0.2357444 0.0153889 0.2347467 0 0 0 0.2357156 -0.2355916 -0.004788693 0.2363548 -0.005332686 7.77566e-4 0.70813 -0.02047646 0.3281493 5.98112e-4 -0.01711108 0.2504927 -0.3554913 -0.3694616 0.009374024 0 0 0 0.2356965 0.235611 0.00499319 0 0 0 -0.2354329 -0.01654416 -0.2353248 0.2363527 0.004903998 -7.59496e-4 0.7081284 0.02203569 -0.3259364 5.99025e-4 0.01731288 -0.2514801 -0.3554911 0.3681277 -0.008672244 0 0 0 -0.235742 0.01536818 0.2340127 0 0 0 0.2357141 -0.2356133 -0.004262566 0.2359842 -0.004797008 1.1125e-5 0.708613 -0.02057793 0.326389 6.39768e-4 -0.01846331 0.2508007 -0.3571381 -0.3679011 0.009637437 0 0 0 0.2357269 0.2355509 0.005338959 0 0 0 -0.2359311 -0.01549865 -0.2339288 0.2363513 0.006220186 -8.20639e-4 0.7081261 0.02059599 -0.3278415 5.94513e-4 0.0179595 -0.251034 -0.3554814 0.3719889 -0.01083802 0 0 0 -0.2357417 0.01537995 0.2343837 0 0 0 0.2357162 -0.2355816 -0.00501482 0.2361694 -0.005529191 3.98737e-4 0.7083891 -0.02053105 0.327252 6.19188e-4 -0.01778681 0.2506222 -0.3563403 -0.370052 0.01028979 0 0 0 0.2357342 0.2356064 0.003374018 0 0 0 -0.2363093 -0.0155463 -0.2327721 0.2363526 0.004988547 -7.62979e-4 0.7081261 0.02060048 -0.3278357 5.88447e-4 0.01953388 -0.251525 -0.3554905 0.3683758 -0.008809723 0 0 0 -0.235747 0.01705294 0.2354575 0 0 0 0.2357143 -0.23561 -0.004347259 0.2367986 -0.004841232 0.001663505 0.7075575 -0.02245763 0.3275602 5.46035e-4 -0.01728001 0.2514075 -0.3535044 -0.3680496 0.007202425 0 0 0 -0.2357167 0.2355722 -0.005216831 0 0 0 -0.235712 0.2356413 -0.003482267 -6.41599e-4 -0.240457 0.004956416 0.3554071 -0.02830149 0.3999408 0.2363415 0.001790701 0.01673485 0.7081042 0.3461621 0.00516369 0 0 0 0.2357139 -0.2356156 -0.004199409 0 0 0 0.2357422 -0.01435763 0.23404 0 0 0 0.235745 -0.01547858 0.2352342 0 0 0 0.2357446 -0.01545356 0.2345376 0.2366784 -0.004755238 0.001412494 0.7077023 -0.02037986 0.3297066 0.2360242 -0.004054324 5.84727e-5 0.7085659 -0.0192873 0.3281765 -6.3775e-4 0.2413798 -0.005912371 0.3554102 0.02838495 -0.3998559 -5.97679e-4 0.01721937 0.2508507 0.3554884 0.3711461 0.01039959 -0.2363546 0.005957034 8.07437e-4 -0.7081304 0.02055617 0.3277196 -0.2366869 0.004198399 0.00140408 -0.7076959 0.02041003 0.3294307 -0.2360299 0.004928658 1.03299e-4 -0.7085565 0.01929138 0.3279433 5.63976e-4 -0.01607689 0.2503372 -0.3540444 -0.3677474 0.007434385 0 0 0 -0.2357156 0.2355916 -0.004788561 0 0 0 -0.2357187 0.235536 -0.005933256 -6.42424e-4 -0.2402488 0.004730921 0.001776031 -0.05558161 0.7550627 0.7090219 0.005739821 0.05165239 0.7081036 0.3464981 0.004851447 0.7090302 -0.005237275 -0.04808497 0.2357133 -0.2356239 -0.003982711 0 0 0 0.2357451 -0.01537137 0.233874 0 0 0 0.2357428 -0.01460106 0.2341333 0 0 0 0.2357446 -0.01545416 0.234546 0.2366974 -0.004542223 0.001437536 0.7062161 -0.04956661 0.7045083 0.2366022 -0.00645269 0.001342743 0.7077972 -0.02043602 0.3293576 -6.39383e-4 0.240975 -0.005471663 0.3554102 0.02838656 -0.3998746 -5.97679e-4 0.01721837 0.2508383 0.3554915 0.3698818 0.009684713 -0.236355 0.005523532 7.86623e-4 -0.7081304 0.02055714 0.3277321 -0.2361016 0.00668421 3.36976e-4 -0.7084585 0.0195749 0.3278663 -0.05136322 -0.01264304 0.7507869 -0.7080463 0.01412408 1.84233e-4 -0.7082629 0.04654975 0.7028653 0.001667576 -0.05159094 0.7519668 9.68078e-5 -0.7206093 0.01391636 -0.03435434 -0.7078853 0.7046503 0 0 0 -0.2357106 0.2355809 -0.005024568 -6.43594e-4 -0.2399556 0.004417712 0.3554101 -0.02838111 0.4000583 0.2363423 0.001747633 0.01609444 0.7080987 0.3469656 0.004414836 0 0 0 0.2357125 -0.2356345 -0.003680496 0 0 0 0.2357418 -0.01542458 0.2345471 0 0 0 0.2357462 -0.01683544 0.2350601 0.2363531 -0.004228858 7.33642e-4 0.7081343 -0.02050718 0.3280952 9.07651e-5 0.2411758 -0.005678438 0.3552707 0.02852305 -0.4011287 -5.51213e-4 0.01732891 0.2516738 0.3538569 0.3706227 0.008988875 -0.2367184 0.005786343 0.00154526 -0.7076623 0.02211819 0.3272248 -0.236359 0.004419303 7.40951e-4 -0.7081259 0.02051857 0.3277781 5.98027e-4 -0.01713957 0.2505196 -0.3555035 -0.3662133 0.007579845 0 0 0 -0.2357147 0.235602 -0.004540601 -6.38515e-4 -0.2412318 0.005806692 0.3554101 -0.02838091 0.4000576 0.2363423 0.001749164 0.01611686 0.7081021 0.3448914 0.006334319 0 0 0 0.2357162 -0.2355812 -0.005015352 0 0 0 0.2357418 -0.01542237 0.2345136 0 0 0 0.2357436 -0.01553023 0.2358086 0.2363517 -0.005529968 7.86402e-4 0.7081427 -0.02050921 0.3281201 6.13187e-4 0.2407136 -0.005180309 0.3552204 0.02507093 -0.3968342 -5.39154e-4 0.01526298 0.2505772 0.3526573 0.3691798 0.007372192 -0.2369781 0.005292316 0.002061415 -0.70729 0.02030957 0.3308591 -0.2363633 0.005777075 7.98755e-4 -0.7081259 0.02051465 0.3277282 5.98055e-4 -0.01713743 0.2504819 -0.3555022 -0.3700632 0.009697574 -6.4106e-4 -0.240596 0.005110194 0.3554103 -0.0284129 0.4001044 0.2363423 0.001751733 0.01614703 0.7081004 0.3459324 0.005376411 0 0 0 0.2357143 -0.23561 -0.00434726 0 0 0 0.2357416 -0.01543688 0.234489 0.2363524 -0.004842682 7.56636e-4 0.7081426 -0.02052262 0.3281392 -5.97414e-4 0.01720955 0.2509196 0.3554907 0.3686891 0.009046043 -0.236364 0.005134158 7.69482e-4 -0.7081262 0.02053383 0.3276665 5.9802e-4 -0.01714407 0.2504559 -0.3555069 -0.3680615 0.008573766 0.2363415 0.00179894 0.01679372 0.7081042 0.3461621 0.005163691 0.2363423 0.001753179 0.01614235 0.7081068 0.3445765 0.006621991 0.2363434 0.00156949 0.01439646 0.7081022 0.3472723 0.004127874 -6.41599e-4 -0.2404568 0.004956411 0.3554106 -0.0283252 0.3999732 -0.2363424 -0.001735106 0.01591603 -0.7081042 -0.346162 0.005163775 6.44324e-4 0.2397675 0.004212507 -0.3554071 0.0282999 0.3999387 6.3772e-4 0.2414268 0.006018989 -0.3554103 0.02839956 0.4000817 6.41599e-4 0.2404567 0.004956354 -0.3554209 0.02654629 0.39735 0.2363425 -0.001740811 -0.01599915 0.7081043 -0.346032 -0.005286362 -6.3766e-4 0.01707444 0.2500968 0.3569424 0.36814 0.00971364 -5.62874e-4 0.01611211 0.2505968 0.3540201 0.3659945 0.006516434 -0.001283317 0.2404217 -0.00487983 0.3555303 0.02827709 -0.3987565 -0.2363035 0.001578936 -0.01508626 -0.7075974 0.3462929 -0.007001423 0 0 0 0.2357445 0.01544883 -0.2347471 0 0 0 0.2354139 0.01540381 -0.235722 6.42975e-4 -0.2404974 -0.005044451 -0.3554106 -0.02833659 -0.4001554 0.2363417 0.001789454 0.01665442 0.7081057 0.3452454 0.006009939 0.2363423 0.001752577 0.01613377 0.708106 0.3452449 0.00601017 0.2363416 0.001785552 0.0166379 0.7081084 0.3434524 0.007641011 -6.39354e-4 -0.2410197 0.005570744 0.3554105 -0.0283248 0.3999726 -0.2363424 -0.001734287 0.01590446 -0.7081057 -0.3452454 0.006009941 6.34979e-4 0.2421053 0.006772533 -0.3554187 0.02688405 0.3978516 6.39355e-4 0.2410196 0.005570842 -0.3554105 0.02839955 0.4000819 6.39354e-4 0.2410197 0.005570743 -0.3554186 0.02695103 0.3979507 0.2363425 -0.001740788 -0.01599929 0.7081059 -0.3450994 -0.00614644 -6.37657e-4 0.01846515 0.2511123 0.003950398 0.7208766 0.01448198 0.01015217 0.7140503 0.3260443 -6.28469e-4 0.0171215 0.2503131 0.3565947 0.3732659 0.01238819 -0.001134683 0.2409799 -0.005480935 0.3555034 0.0283102 -0.3990087 -0.2363118 0.001614748 -0.01529538 -0.7077113 0.3453903 -0.007389886 0 0 0 0.2357443 0.01544818 -0.2347387 0 0 0 0.2359933 0.0146461 -0.2341065 6.39326e-4 -0.2410642 -0.005669739 -0.3554106 -0.02833876 -0.4001809 0.23634 0.001958995 0.01789209 0.7081002 0.346064 0.005254586 0.236342 0.001703257 0.01541734 0.7081104 0.3448768 0.006348309 -6.41382e-4 -0.2405145 0.005022011 0.3554135 -0.02839432 0.4000748 -0.23634 -0.0019756 0.01795118 -0.7081002 -0.346064 0.005254586 6.4405e-4 0.2412418 0.005817985 -0.3553959 0.03087477 0.4036729 6.41382e-4 0.2405145 0.00502201 -0.3554127 0.02847974 0.4002 0.2362942 -0.001700133 -0.01606155 0.7075267 -0.3458969 -0.007627732 -5.97887e-4 0.01718585 0.2508239 0.3554955 0.3666266 0.007885225 -0.001262 0.2404712 -0.004921607 0.3555249 0.03041274 -0.4018517 -0.2363011 0.001712951 -0.01610282 -0.7076238 0.3462279 -0.006978756 0 0 0 0.2353776 0.01674688 -0.23569 0.001361469 -0.2405695 -0.005146887 -0.3555475 -0.03072831 -0.4025591 0.2363422 0.0017316 0.01580945 0.7081036 0.3440003 0.007145186 0.2363435 0.001435026 0.01300199 0.7081009 0.3456312 0.005654159 -6.38515e-4 -0.2412322 0.005807199 0.3554122 -0.02836673 0.4000357 -0.2363414 -0.001851251 0.01691261 -0.7081021 -0.3448923 0.006333551 6.40323e-4 0.2407808 0.005311706 -0.3554037 0.02825552 0.39988 6.36339e-4 0.2417723 0.006404716 -0.3554028 0.02967663 0.4019388 0.2363174 -0.001720049 -0.01603416 0.707816 -0.3447017 -0.007665404 -5.97946e-4 0.01718908 0.250873 0.3554858 0.3705915 0.01010119 -2.60493e-4 0.2417036 -0.006256331 0.3553376 0.02849267 -0.4005263 -0.2363673 0.001863844 -0.01669117 -0.7084063 0.3442106 -0.005796055 0 0 0 0.235104 0.01539658 -0.2366895 0.001015055 -0.241289 -0.005943528 -0.3554796 -0.02954155 -0.4014361 0.2363415 0.001680369 0.01506605 0.7081001 0.3459329 0.005376423 -6.4106e-4 -0.2405955 0.005110185 0.355393 -0.03143059 0.4044491 -0.2363416 -0.001671259 0.01496509 -0.7081004 -0.3459324 0.005376409 6.4106e-4 0.2405958 0.005110191 -0.3553876 0.03240775 0.4058296 0.2364049 -0.002032878 -0.01757561 0.7087939 -0.34571 -0.002887313 4.6522e-4 0.2405218 -0.0049469 0.3551961 0.02863196 -0.4018223 -0.2364227 0.002126882 -0.0180684 -0.7089681 0.3461556 -0.001779373 -2.43267e-4 -0.2406617 -0.005251178 -0.3552444 -0.02856491 -0.4019631 -0.001924897 0.7212484 -0.01460494 0.001924896 0.7212483 -0.01460491 0.001794358 0.05135262 -0.7517633 -0.001794311 0.05135272 -0.7517634 -0.001837366 0.7213799 -0.01470456 0.001871256 0.7214186 -0.0147587 -0.001821386 0.7235261 -0.01701789 0.001975158 0.7235344 -0.01705146 -0.005467187 -0.05875075 -0.7575709 -0.001839488 -0.05211578 -0.7526483 0.7100926 0.01411812 0.00433234 4.22142e-6 -4.42748e-7 -8.27205e-9 -0.7080373 -0.0136325 1.64387e-4 -0.00171497 0.721227 -0.01458084 -0.005529504 0.7212616 -0.01464876 0.005683681 0.7192104 -0.01245505 0.001712907 0.7191814 -0.01239122 0.001971475 0.05158105 -0.7519575 0.005515594 0.05533666 -0.7547595 -7.98011e-4 0.726136 -0.01993192 -0.004643 0.7261665 -0.01999486 8.41402e-5 -2.57963e-6 0.001148585 0.7091617 0.005678274 -0.04910189 -1.17653e-6 8.45802e-5 0.001148523 -0.01755383 -0.7203655 0.05052903 6.16211e-5 1.7843e-6 9.06139e-4 -0.7090302 0.005237275 0.04808497 -7.45616e-7 -6.21565e-5 9.06067e-4 0.01692322 -0.7203747 -0.04515823 -0.001930745 -0.7197403 0.01295872 0.001930746 -0.7197403 0.01295875 -0.001915599 -0.7235388 0.01703578 0.001915432 -0.7235403 0.0170374 -0.001793197 0.05159642 0.752289 0.001793106 0.05159712 0.7522895 0.001854935 -0.7212266 0.01458083 0.005599485 -0.7212614 0.01464914 0.001913251 0.7241393 -0.01773708 -0.001913251 0.7241393 -0.01773711 -0.001918065 0.7230588 0.01671249 0.001918064 0.7230588 0.01671253 -7.40116e-4 0.7229089 -0.01639333 -0.004523782 0.7229379 -0.01644828 6.57978e-5 8.07974e-7 -8.97167e-4 0.7090187 -0.005732511 0.05162513 -0.7088925 -0.00528738 -0.05060844 -0.001901445 -0.7213823 0.01470862 0.00201677 -0.7214152 0.01475522 -0.001860963 -0.7235735 0.01709531 0.002039451 -0.7235292 0.0170345 -0.001718769 -0.7251377 0.01880385 0.002099478 -0.7251123 0.01877053 -0.001774995 -0.7222187 0.01562937 0.002157089 -0.722147 0.01553052 0.004868517 0.7220171 0.01583869 0.001009691 0.7219846 0.01575381 0.01476296 -0.4059902 0.1262285 0.009512785 -0.8561488 -0.03299344 -0.003472312 -0.4998715 5.11842e-4 -0.01779099 -0.3562382 -0.1453393 0.01513501 -0.4059227 0.1254466 0.01051836 -0.8565158 -0.03366669 -0.003899642 -0.4998631 -3.10218e-4 -0.01827751 -0.3559915 -0.1461832 0.01562121 -0.4058285 0.1243642 0.01185218 -0.8569949 -0.03460526 -0.004459264 -0.4998483 -0.001443878 -0.01892326 -0.3556622 -0.1473496 0.02789822 -0.2787897 0.2640619 0.01377368 -0.8576721 -0.03598853 -0.005258359 -0.4998207 -0.003104157 -0.01529279 -0.06469151 -0.1422274 -0.008430457 0.9045014 -0.02635856 0.002239795 0.3333039 -0.002992446 -0.00978428 0.5085284 0.1457876 -0.005487499 0.5428858 0.009701457 -0.009457023 0.9047027 -0.02785515 0.002532673 0.3332912 -0.003793852 -0.009112696 0.5082935 0.1443946 -0.00603779 0.5430299 0.008725544 -0.01082674 0.9049563 -0.03000745 0.002911872 0.3332693 -0.004937455 -0.008210832 0.5079744 0.1423911 -0.006753863 0.5432116 0.007338631 -0.01281562 0.9052949 -0.03337789 0.003443943 0.3332266 -0.006720812 -0.01001121 0.2654958 0.1412963 -0.02286803 0.4077674 0.1731543 -0.9999836 0.003133182 -0.003293188 -0.9999873 0.003454527 -0.002404908 -0.9999834 -0.003519375 -0.002435378 -0.9999818 -0.004163088 -0.001831485 0.9999831 0.003384122 -0.002635191 0.9999832 0.003819561 -0.002073212 0.9999848 -0.003374971 -0.002739569 0.9999867 -0.003799808 -0.001864956 -0.9999836 0.003133212 -0.003293182 -0.9999873 0.003454607 -0.002404934 -0.9999834 -0.003519486 -0.002435332 -0.9999818 -0.004163088 -0.001831497 0.9999831 0.003384031 -0.002635198 0.9999832 0.003819596 -0.002073587 0.9999848 -0.003374935 -0.00273969 0.9999867 -0.003799733 -0.001864825 -0.9999836 0.003133317 -0.003292819 -0.9999873 0.003454712 -0.002404639 -0.9999834 -0.0035196 -0.002435002 -0.9999818 -0.004163008 -0.001831034 0.9999831 0.003383897 -0.002635213 0.9999832 0.003819597 -0.002073576 0.9999848 -0.003374904 -0.002739678 0.9999867 -0.003799653 -0.001864993 -0.9999836 0.003133444 -0.00329245 -0.9999873 0.003454843 -0.002404371 -0.9999834 -0.003519766 -0.002434645 -0.9999818 -0.004162934 -0.00183066 0.9999831 0.003383723 -0.002635197 0.9999832 0.003819575 -0.002073353 0.9999848 -0.003374858 -0.002739701 0.9999867 -0.003799533 -0.001865045 -0.03439865 -0.3526655 -0.06947057 -0.1357569 -0.1625811 0.02404314 -0.16163 0.007644002 0.001586187 -0.003172982 -0.3329405 0.01132951 -0.9970272 -0.008335692 -0.0541789 -0.9970134 0.01247847 0.05276359 -0.9999138 0.002463142 -0.00856083 -0.9999369 0.00189723 0.008274526 -0.1368694 0.629583 -0.1149649 0.009903448 0.3215659 0.06095143 0.1737625 8.14147e-4 0.001476646 0.006240875 0.3328921 0.01117107 0.99677 0.008686163 -0.05639473 0.9967709 -0.0126313 0.05500805 0.9999056 -0.002254934 -0.009038907 0.9999302 -0.001648452 0.008715521 -0.120564 -0.3137245 -0.05199996 -0.4324886 -0.0638982 0.03725775 -0.156107 -0.7909381 -0.02809337 0.003407223 -0.3329738 0.01067289 0.9968335 -0.008651139 -0.05583464 0.9968182 0.0126213 0.05458481 0.9999077 0.00224531 -0.008930859 0.9999315 0.001656107 0.008632036 -0.1444456 0.1726917 -0.04153082 -0.009695974 0.3219493 0.06010243 0.1614238 0.7819496 -0.02681316 -0.006010234 0.3329056 0.01115188 -0.996608 0.008564855 -0.05782791 -0.9965953 -0.01298252 0.05649478 -0.999897 -0.002325953 -0.009392541 -0.9999249 -0.001732255 0.009071323 -0.004715715 -0.3138418 0.07042344 -0.02793959 0.03903765 0.2112099 -0.01265795 -0.349618 -0.06761099 -0.02047508 -0.4267593 -0.2142527 -0.9999829 -0.002840934 0.003204666 -0.9999858 0.003965596 0.001628237 -0.9999797 0.00382598 0.002509409 -0.9999834 -0.003919096 0.002368962 0.005908327 0.3171709 0.07649485 0.02693491 -0.0268665 0.219328 0.0135772 0.3468872 -0.06705703 0.01949716 0.4143135 -0.2152732 0.9999819 0.003376254 0.002713879 0.999985 -0.003946471 0.001804443 0.9999819 -0.003377473 0.002713871 0.999985 0.003947687 0.001803818 -0.03241129 -0.63729 -0.1185663 0.05483242 -0.4326198 0.08371228 -0.1604512 0.007493023 0.00181218 -0.002072586 -0.3329851 0.01076495 -0.9960821 -0.00932387 -0.06215686 -0.9960586 0.01348136 0.06082068 -0.999883 0.002498981 -0.01011679 -0.9999102 0.001857485 0.009840537 -0.1421505 0.9128419 -0.1603049 -0.1889452 0.6138824 0.1246809 0.1718589 0.001023709 0.001738683 0.004504409 0.3329542 0.01067777 0.9957372 0.009723853 -0.06475026 0.9957304 -0.01368487 0.06343925 0.9998716 -0.002290829 -0.01067549 0.9999004 -0.00160769 0.01036342 -0.1293664 -0.7785652 -0.1312644 -0.2257836 -0.4138776 0.0909867 -0.1575743 -0.7908807 -0.02710252 0.002267423 -0.3330153 0.01016452 0.9958038 -0.009702171 -0.06423866 0.9957793 0.01368613 0.06305847 0.9998738 0.002282355 -0.01057812 0.9999018 0.00161508 0.01028986 -0.1417668 0.6361027 -0.126242 -0.2228085 0.6506722 0.10171 0.1635862 0.7818954 -0.02591229 -0.004310975 0.3329665 0.01062415 -0.9954997 0.009642376 -0.06656236 -0.9954776 -0.0140753 0.06530157 -0.9998595 -0.002362944 -0.01112221 -0.9998923 -0.001690835 0.01081273 -0.00536915 -0.3136647 0.06932619 -0.02783209 0.03964218 0.210441 -0.01184784 -0.3498294 -0.06889172 -0.0217189 -0.4273976 -0.2147243 -0.9999829 -0.002840577 0.003204909 -0.9999858 0.003965415 0.00162859 -0.9999797 0.003825944 0.002509651 -0.9999834 -0.00391903 0.00236913 0.006528904 0.3169898 0.07486624 0.02680609 -0.02744357 0.2182765 0.01275169 0.3471315 -0.06892425 0.0206996 0.4149245 -0.2161191 0.9999819 0.003376488 0.002714113 0.999985 -0.003946758 0.001804653 0.9999819 -0.003377479 0.002714348 0.999985 0.003947848 0.001804636 -0.02916615 -0.6401327 -0.1140777 0.05359179 -0.4361673 0.08108659 -0.1638199 -0.7202 -0.02051877 -0.1160252 -0.9414449 0.03040184 -0.9951264 -0.01008583 -0.0693004 -0.9950927 0.01425439 0.06803315 -0.9998515 0.002526924 -0.01150676 -0.9998822 0.001826424 0.01124032 -0.1448817 0.9154073 -0.152061 -0.1920422 0.6135654 0.1214519 0.1705262 0.7289369 -0.02074741 0.11441 0.9470478 0.03029784 0.9946913 0.01052753 -0.07223644 0.994676 -0.01450017 0.07099243 0.9998367 -0.002318559 -0.01213974 0.9998692 -0.001575532 0.01183856 -0.1327045 -0.7818376 -0.1245407 -0.2264265 -0.4149787 0.08964565 -0.1602206 -0.8693029 -0.0286574 -0.1164149 -0.3965943 0.01005753 0.9947589 -0.01051739 -0.07177086 0.9947247 0.01451155 0.07065218 0.9998389 0.0023106 -0.01205118 0.9998706 0.001582434 0.01177314 -0.1389957 0.6376042 -0.1223374 -0.22357 0.6548157 0.09552695 0.1598543 0.8600255 -0.02735523 0.108937 0.3907378 0.01054635 -0.9943733 0.01048129 -0.07439639 -0.9943413 -0.01492543 0.07319971 -0.9998209 -0.002391662 -0.01266759 -0.999858 -0.001658414 0.01236945 -6.87003e-4 -0.9204991 0.07446002 -0.01849646 -0.3253565 0.1122921 -0.01212172 -0.4153745 -0.07173681 -0.009421134 -0.4658311 -0.112288 -0.9999829 -0.002840265 0.003205336 -0.9999858 0.003965309 0.001628972 -0.9999797 0.003825913 0.002510089 -0.9999834 -0.003918977 0.002369678 5.80522e-4 0.9238205 0.07387165 0.01772377 0.3340835 0.1168699 0.01201172 0.4126393 -0.06368249 0.008645355 0.4568159 -0.1092042 0.9999819 0.003376735 0.0027137 0.999985 -0.003946932 0.0018044 0.9999819 -0.003377598 0.002713692 0.999985 0.003947757 0.001803618 -0.02651388 -0.6427571 -0.1098324 0.05224403 -0.439396 0.0785638 -0.1629356 -0.7204025 -0.01940256 -0.1153699 -0.9412991 0.02927044 -0.994147 -0.01068927 -0.07592871 -0.9941025 0.01486554 0.07472525 -0.9998188 0.002549084 -0.01279653 -0.9998526 0.001800969 0.01253967 -0.1468146 0.9177224 -0.1443739 -0.1945535 0.6131642 0.1184458 0.1692179 0.7291735 -0.01953435 0.1133661 0.9469152 0.02923922 0.9936179 0.01116693 -0.0791886 0.9935933 -0.01514916 0.07800628 0.9998005 -0.002340817 -0.01349673 0.9998363 -0.001549778 0.01320638 -0.1354013 -0.7848375 -0.1182098 -0.2267952 -0.4159531 0.08836437 -0.1613806 -0.8692655 -0.02774445 -0.1175367 -0.3968216 0.009385953 0.9936858 -0.01116591 -0.07876145 0.9936416 0.01516691 0.07769864 0.9998028 0.002333188 -0.01341587 0.9998377 0.001555898 0.01314786 -0.136962 0.6389952 -0.1186794 -0.2245829 0.6585451 0.08966731 0.161381 0.8600015 -0.0265137 0.1103388 0.3909682 0.00987829 -0.9932149 0.01115108 -0.08167197 -0.9931725 -0.01560379 0.08053374 -0.9997809 -0.002414431 -0.01409881 -0.9998219 -0.001632149 0.01381174 -0.001751226 -0.9204333 0.07330884 -0.01789666 -0.3251507 0.1116994 -0.01171256 -0.4154737 -0.07285495 -0.01011642 -0.4660505 -0.1128146 -0.9999829 -0.002840075 0.003205488 -0.9999858 0.003965209 0.001629092 -0.9999797 0.003825908 0.002510285 -0.9999834 -0.003918968 0.00236985 0.001688934 0.9237522 0.07238409 0.01714652 0.3338919 0.1160841 0.01160579 0.4127619 -0.06517645 0.009310362 0.4570246 -0.1099578 0.9999819 0.003376852 0.002713894 0.999985 -0.003947092 0.001804538 0.9999819 -0.003377623 0.00271382 0.999985 0.003947843 0.001804041 -0.03970809 -0.5787078 0.4227572 -0.5716073 0.1474087 0.7463227 -0.04021527 -0.5789391 0.4219911 -0.5716018 0.1474095 0.746327 -0.04087992 -0.5792395 0.4209287 -0.571613 0.1474086 0.746319 0 0 0 -0.5716129 0.1474079 0.7463191 0.08195526 -0.003551246 -0.2717527 -0.4720073 0.04356446 0.4516045 0.08195284 -0.003551667 -0.271775 -0.4720094 0.04356259 0.4515807 0.08195038 -0.003552164 -0.2718006 -0.4720137 0.04355953 0.4515427 0.08195069 -0.003552656 -0.2718309 -0.4720202 0.04355531 0.4514909 0.001376537 -0.4291809 0.02010788 -0.7096388 0.008550322 -0.06460818 0.001931536 -0.428918 0.01918606 -0.7096388 0.008550305 -0.06460831 0.002669283 -0.4285681 0.01790886 -0.7096388 0.008550199 -0.06460849 -0.006022759 0.3673494 0.01674828 -0.7096388 0.008550251 -0.06460828 -0.0292742 0.7191236 -0.2870608 -0.5716058 -0.1472907 -0.7464011 -0.03010152 0.7192726 -0.2882915 -0.5716004 -0.1472915 -0.7464054 -0.03120609 0.7194633 -0.2900641 -0.5716115 -0.1472905 -0.7463975 -0.02283721 -0.07571893 -0.2786591 -0.5716115 -0.1472898 -0.7463976 0 0 0 -0.1875229 0.02295395 0.2555232 0 0 0 -0.1875195 0.0229558 0.2555397 0 0 0 -0.187516 0.02295819 0.2555632 0 0 0 -0.1875125 0.02296138 0.2555934 -0.7096381 -0.00857302 0.06473317 -0.002217842 0.1437611 -0.03580374 -0.7096381 -0.00857302 0.06473331 -0.002149051 0.143356 -0.0367617 -0.7096381 -0.008572937 0.06473348 -0.00207003 0.142812 -0.03814159 -0.7096381 -0.008573021 0.06473325 -0.04729655 -0.4770065 -0.4510361 -0.1112345 -0.02297858 0.1895431 -0.752679 0.03989855 0.1834286 0.1067663 0.04744852 0.2072286 0.7605469 -0.02360551 0.2117386 -0.1155845 0.002533409 -0.1721551 -0.7605923 -0.0236276 -0.2118967 0.1112636 -0.02296526 -0.1894136 0.7668667 0.001431749 -0.2347978 -0.111238 -0.02297095 0.189497 -0.7526679 0.03989515 0.1833992 0.1067627 0.04746353 0.2072778 0.7605496 -0.02360795 0.2117767 -0.115583 0.002534329 -0.1721838 -0.7605923 -0.02362551 -0.2118993 0.1112636 -0.02295951 -0.1893839 0.7668671 0.001432329 -0.2347975 -0.1112417 -0.02296515 0.1894588 -0.7526624 0.03989205 0.1833759 0.10676 0.04747426 0.207314 0.7605551 -0.02360934 0.2117983 -0.1155822 0.00253491 -0.1722086 -0.7605896 -0.02362462 -0.2119065 0.1112628 -0.02295556 -0.1893649 0.7668644 0.001432708 -0.2348029 -0.1112446 -0.02296077 0.1894308 -0.7526566 0.03989041 0.1833611 0.1067581 0.04748118 0.2073353 0.7605605 -0.02360958 0.2118094 -0.1155821 0.002535337 -0.1722179 -0.7605909 -0.02362314 -0.2119053 0.1112632 -0.02295237 -0.1893482 0.7668649 0.00143309 -0.2348081 -0.7078552 -0.02917826 -0.1321785 6.89653e-8 1.42704e-5 -1.54298e-4 -0.7078552 -0.02917835 -0.1321784 8.07573e-8 1.61732e-5 -1.74871e-4 -0.7078558 -0.02917841 -0.1321789 9.95911e-8 1.90273e-5 -2.0573e-4 -0.7078555 -0.02917834 -0.1321784 1.26841e-7 2.28325e-5 -2.46875e-4 -2.10435e-4 -7.55099e-4 -0.003774971 0.7096381 0.00857302 -0.06473317 -2.09061e-4 -7.5008e-4 -0.003749886 0.7096381 0.00857302 -0.06473331 -2.07671e-4 -7.4407e-4 -0.003719833 0.7096381 0.008572937 -0.06473348 -2.0496e-4 -7.36021e-4 -0.003679596 0.7096381 0.008573021 -0.06473325 -0.9999781 0.003191334 -0.00300267 -0.9999873 -0.004104943 -0.001541268 0.9999796 -0.003403894 -0.002426644 0.9999884 0.00379061 -0.001760596 -0.9999781 0.003191342 -0.003002777 -0.9999873 -0.004104929 -0.00154121 0.9999796 -0.003403848 -0.002426875 0.9999884 0.003790645 -0.001760981 -0.9999781 0.003191481 -0.003002248 -0.9999873 -0.00410488 -0.001540906 0.9999796 -0.003403897 -0.002425996 0.9999884 0.003790609 -0.001760565 -0.9999781 0.003191583 -0.003001996 -0.9999873 -0.004104799 -0.001540494 0.9999796 -0.003403806 -0.002426502 0.9999884 0.003790627 -0.00176077 0.01446334 -0.4060406 0.126807 0.008718173 -0.8558548 -0.03249652 -0.0031284 -0.4998769 0.001117045 -0.01740822 -0.3564357 -0.1447219 -0.00762273 0.9043382 -0.0252679 0.002003714 0.3333119 -0.002394316 -0.01030989 0.5087121 0.1468078 -0.005044095 0.5427685 0.01042143 -0.9999836 0.003133163 -0.003293294 -0.9999873 0.003454536 -0.002404986 -0.9999834 -0.003519385 -0.002435443 -0.9999818 -0.00416311 -0.001831589 0.9999831 0.0033841 -0.002635429 0.9999832 0.003819616 -0.002073797 0.9999848 -0.00337494 -0.002739901 0.9999867 -0.003799827 -0.001865169 -0.02427844 -0.6452238 -0.1057409 0.05083295 -0.4423857 0.07612195 -0.1622958 -0.7205899 -0.01832128 -0.1149187 -0.9411583 0.0282458 -0.9931382 -0.01117221 -0.08219886 -0.993083 0.01535416 0.08105214 -0.9997854 0.002565943 -0.01399469 -0.9998221 0.001781021 0.01374769 -0.1482252 0.9198306 -0.1371158 -0.1966952 0.612707 0.1155858 0.1682918 0.7293764 -0.01841525 0.1126453 0.9467871 0.02819945 0.9925153 0.01167173 -0.08574425 0.9924808 -0.01566239 0.08462058 0.9997623 -0.002359907 -0.01479759 0.9998013 -0.001528173 0.01451712 -0.137651 -0.7876234 -0.1121608 -0.2269937 -0.4168373 0.08712852 -0.1622772 -0.8692212 -0.02688438 -0.118426 -0.3970362 0.008751717 0.9925807 -0.01168235 -0.08536477 0.9925258 0.01569055 0.08435403 0.9997652 0.002352075 -0.01470373 0.9998032 0.001535024 0.01444556 -0.1354081 0.6402936 -0.1152027 -0.225713 0.6619706 0.08403603 0.1625151 0.859965 -0.02571979 0.1114015 0.3911848 0.009247963 -0.9920203 0.01168798 -0.08854847 -0.9919671 -0.01614705 0.08746476 -0.9997394 -0.002432506 -0.01544884 -0.999784 -0.001610497 0.01517253 -0.002574826 -0.9203761 0.07245102 -0.01743757 -0.3249906 0.1112551 -0.01139503 -0.4155474 -0.07370084 -0.01064915 -0.4662169 -0.1132055 -0.9999829 -0.002840053 0.003205586 -0.9999858 0.003965209 0.001629098 -0.9999797 0.003825921 0.002510339 -0.9999834 -0.003918983 0.00237005 0.002550061 0.9236951 0.07129298 0.01670714 0.3337429 0.1155131 0.01128471 0.4128522 -0.06626487 0.009816959 0.4571816 -0.1105055 0.9999819 0.00337683 0.002714067 0.999985 -0.003947062 0.001804299 0.9999819 -0.003377566 0.002714276 0.999985 0.003947916 0.00180463 -0.03930218 -0.5785212 0.4233404 -0.5715993 0.1474098 0.7463277 0.08195483 -0.003551244 -0.2717527 -0.4720073 0.04356446 0.4516045 9.3869e-4 -0.4293886 0.02080158 -0.7096388 0.008550322 -0.06460818 -0.028624 0.7190024 -0.2861761 -0.5715978 -0.1472918 -0.7464061 0 0 0 -0.1875229 0.02295395 0.2555232 -0.7096381 -0.00857302 0.06473317 -0.002279187 0.1440793 -0.03510996 -0.1112446 -0.02296077 0.1894308 -0.7526569 0.03989034 0.1833612 0.1067599 0.04748096 0.2073349 0.7605605 -0.02360958 0.2118094 -0.1155825 0.002535172 -0.1722178 -0.7605909 -0.02362314 -0.2119053 0.1112632 -0.02295237 -0.1893482 0.7668656 0.001432945 -0.2348068 -0.70785 -0.02917844 -0.1321795 6.89653e-8 1.42704e-5 -1.54298e-4 -2.1108e-4 -7.55126e-4 -0.003775119 0.7096381 0.00857302 -0.06473317 -0.9999781 0.003191316 -0.003002773 -0.9999873 -0.004104949 -0.001541292 0.9999796 -0.003403894 -0.002426639 0.9999884 0.003790652 -0.001761052 -0.004738367 -0.2585277 -0.1411149 -7.15452e-4 -0.1840031 -4.71369e-4 0.001542022 -0.3333929 -0.001179853 0.004712749 0.1517998 0.2156804 -0.004883582 -0.2585201 -0.1410895 -8.23547e-4 -0.184003 -4.72449e-4 0.00176755 -0.3333898 -0.001154229 0.004641021 0.151922 0.2156988 -0.005075371 -0.258509 -0.1410413 -9.66064e-4 -0.1840031 -4.7336e-4 0.002065814 -0.3333851 -0.001124732 0.004545213 0.1520933 0.2157039 -0.005343836 -0.2584976 -0.1409991 -0.001164067 -0.1840018 -4.73971e-4 0.002481265 -0.333378 -0.001072588 0.004411894 0.1523177 0.2157501 -0.005641892 -0.2584427 -0.136325 -0.001530692 -0.1839859 0.00181456 0.003011602 -0.3333433 0.002824925 0.004296659 0.1526957 0.2196165 -0.002328497 -0.5199773 6.85994e-4 0.01165662 -0.5013528 0.3627269 0.002039871 -0.5179533 5.46193e-4 0.006875602 -0.5346722 -0.3610882 -0.002680966 -0.5199722 7.01248e-4 0.01195093 -0.5015524 0.3627276 0.002346088 -0.517949 5.5572e-4 0.006603817 -0.5344787 -0.3611166 -0.003146944 -0.5199642 7.20085e-4 0.01233921 -0.501815 0.3627221 0.002750371 -0.5179437 5.78796e-4 0.006243727 -0.5342234 -0.3611467 -0.003796516 -0.5199528 7.47287e-4 0.01287954 -0.5021788 0.3627212 0.003313814 -0.5179343 6.01245e-4 0.005740732 -0.5338637 -0.361194 -0.004953445 -0.5199048 -0.004252301 0.01357908 -0.5027146 0.35762 0.00431943 -0.5178906 -0.004411689 0.005081381 -0.5332749 -0.3662735 0.4384076 0.0467096 0.1953215 0.1977486 0.01206678 -0.02321175 0.3293846 -0.02969823 -0.03313363 0.4886734 -0.04834764 -0.1719212 -8.72396e-4 -0.5179525 -0.002197328 -0.3776555 -0.5011392 0.02961848 -8.56305e-4 -0.4820285 0.001633324 0.3774205 -0.4626506 0.02698506 -0.2224668 0.02250013 -0.2382646 -0.1989336 0.01455992 -3.98769e-4 -0.1973949 -0.01121909 0.124312 -0.03793955 0.001093366 -0.1486456 7.57119e-4 -0.5199815 -0.001744123 -0.3755587 -0.5385556 -0.02407662 7.37755e-4 -0.4799993 0.002032821 0.3775003 -0.5011206 -0.02957867 0.4384076 0.04670894 0.1953024 0.1977483 0.01206687 -0.02321396 0.3293847 -0.02969769 -0.03312402 0.4886735 -0.0483483 -0.1719177 -9.31876e-4 -0.517948 -0.002535135 -0.3776642 -0.5013103 0.02988008 -9.13555e-4 -0.4820276 0.001885647 0.3773996 -0.4624369 0.02667148 -0.2224661 0.02249994 -0.2382741 -0.1989337 0.0145595 -4.02661e-4 -0.1973952 -0.0112186 0.1243127 -0.03793956 0.001093034 -0.1486333 7.80362e-4 -0.5199777 -0.002009795 -0.3755864 -0.5383401 -0.02373145 7.58408e-4 -0.4799976 0.002340583 0.377484 -0.5012859 -0.02983012 0.438408 0.04670692 0.1952643 0.1977468 0.0120653 -0.02322741 0.3293835 -0.02969893 -0.03312926 0.4886753 -0.04834936 -0.1719167 -0.001000147 -0.5179421 -0.002983081 -0.3776652 -0.5015368 0.03022869 -9.78883e-4 -0.4820249 0.002221163 0.3773795 -0.4621517 0.0262561 -0.2224695 0.02249998 -0.2382986 -0.1989337 0.01455902 -4.02643e-4 -0.1973954 -0.01121779 0.1243248 -0.03794022 0.001092449 -0.1486047 8.10918e-4 -0.5199717 -0.002359914 -0.3756281 -0.5380544 -0.02327677 7.85577e-4 -0.4799955 0.002746059 0.3774674 -0.5015033 -0.03016106 0.4384101 0.04670723 0.1952454 0.197747 0.01206659 -0.0232243 0.3293858 -0.02969494 -0.03308659 0.4886773 -0.04834919 -0.1718931 -0.001105544 -0.5179319 -0.003609663 -0.377677 -0.5018528 0.03071594 -0.001080181 -0.482021 0.002690143 0.3773447 -0.4617528 0.0256759 -0.2224695 0.02250027 -0.2383241 -0.1989338 0.01455832 -4.04575e-4 -0.1973958 -0.01121728 0.1243169 -0.03794038 0.00109247 -0.1486002 8.532e-4 -0.5199636 -0.00284635 -0.3756788 -0.5376589 -0.0226465 8.23179e-4 -0.4799903 0.003309242 0.377437 -0.5018045 -0.03062188 0.4388137 0.0470541 0.1991089 0.1979796 0.0123956 -0.02090409 0.32979 -0.02920204 -0.02915962 0.4889113 -0.04817601 -0.1695097 0.003686471 -0.5178887 -0.00496643 -0.3727289 -0.5023271 0.03111305 0.0037205 -0.4819906 0.003788607 0.3822416 -0.4611126 0.02515687 -0.2224548 0.02239713 -0.2344632 -0.1989171 0.01461543 0.001859412 -0.197381 -0.01111363 0.1282235 -0.03792182 0.00103026 -0.1461481 -0.004466287 -0.5199162 -0.003992961 -0.3810414 -0.5370174 -0.02204682 -0.004505966 -0.4799485 0.004557172 0.3719016 -0.5022411 -0.03092822 0.01693869 0.2489158 0.002390118 0.2344961 0.2357572 -0.01648015 0.01692277 0.2490509 0.002553767 0.2345065 0.2357651 -0.01635616 0.01690007 0.2492391 0.002770598 0.2345205 0.2357752 -0.01619208 0.01687021 0.249487 0.00307495 0.2345397 0.2357889 -0.01596482 0.01682512 0.2498766 0.003550697 0.2345684 0.2358092 -0.01561296 0.4012941 0.2970424 -0.02950401 0 0 0 0.4012761 0.2974795 -0.02969301 0 0 0 0.4012559 0.2980614 -0.02994266 0 0 0 0.401223 0.2988596 -0.03029149 0 0 0 0.4011736 0.3000727 -0.03083413 0 0 0 9.70093e-4 0.2372937 -0.004476362 0.3254054 0.7279433 -0.02183718 0.001100245 -0.2366288 0.006149023 0.3259154 -0.7084784 0.02157679 0.00110158 0.2374206 -0.004501559 0.3254434 0.7281618 -0.021353 0.001239471 -0.236766 0.006134167 0.3259521 -0.7086787 0.02120796 0.001276074 0.2375881 -0.004535043 0.3254975 0.7284641 -0.02071081 0.001422755 -0.2369467 0.006093708 0.3260025 -0.7089507 0.02072085 0.001520597 0.2378228 -0.004580487 0.3255678 0.7288634 -0.01981122 0.001678818 -0.2371972 0.006071647 0.3260707 -0.7093194 0.02004426 0.001903953 0.2381879 -0.004677199 0.3256785 0.7294887 -0.01841004 0.002074206 -0.2375829 0.006003637 0.3261757 -0.7098849 0.01899766 0.2502492 0.02570938 0.01749005 0.01305951 0.3977734 0.3750396 0.2517189 7.64226e-4 -0.01856866 0.01119772 -0.3563108 -0.3720152 0.2502497 0.02556752 0.01747338 0.013319 0.3982378 0.3749878 0.2517171 8.79803e-4 -0.01856509 0.01139043 -0.3567217 -0.3719872 0.2502533 0.02537981 0.01745142 0.0136616 0.3988492 0.374912 0.2517072 0.001033166 -0.01856139 0.011648 -0.3572641 -0.3719968 0.2502541 0.02512067 0.0174218 0.01413921 0.3997044 0.3748114 0.2517012 0.00124785 -0.01855572 0.01200818 -0.3580191 -0.3719475 0.2502555 0.02471895 0.0173773 0.01487807 0.4010254 0.3746082 0.2516917 0.001583502 -0.01854771 0.0125757 -0.3591897 -0.3719285 -1.52808e-4 0.03592925 -9.22321e-4 -0.01909239 -0.002728762 -0.7252048 -1.72404e-4 0.03592678 -9.16681e-4 -0.01905852 -0.003136024 -0.7251662 -1.98918e-4 0.03592507 -9.31144e-4 -0.01901709 -0.00367402 -0.7251437 -2.35478e-4 0.03592107 -9.3008e-4 -0.01896347 -0.004423701 -0.7250872 -2.92028e-4 0.03591367 -9.08176e-4 -0.01889047 -0.005587789 -0.7250057 0.005403179 -0.4005395 -0.1449753 -0.008131244 -0.06044227 0.3242233 -0.002914917 -0.6187406 -0.003959757 -0.008413727 -0.1994737 -0.3449518 0.005632843 -0.4006189 -0.1449595 -0.008181497 -0.06030864 0.3242379 -0.003334308 -0.6188153 -0.003926756 -0.008296358 -0.1993951 -0.3449545 0.005936908 -0.4007234 -0.1449424 -0.008247387 -0.0601307 0.3242353 -0.003888636 -0.6189136 -0.003876663 -0.00814179 -0.1992911 -0.3449533 0.006361297 -0.4008682 -0.1449135 -0.008339738 -0.05988145 0.3242536 -0.004661674 -0.6190493 -0.003806894 -0.007927264 -0.1991463 -0.3449542 0.006902776 -0.4010653 -0.1402831 -0.008576872 -0.05946867 0.3280811 -0.005746507 -0.6192344 1.37151e-4 -0.007535832 -0.1989078 -0.342666 0.002255873 -0.4999898 9.64307e-5 0.003619962 -0.9999868 -3.12475e-4 -0.001980889 -0.4999921 8.07648e-5 4.34102e-6 -6.24366e-8 -1.62794e-4 0.002594819 -0.4999865 1.10982e-4 0.004166985 -0.9999825 -3.59686e-4 -0.002276384 -0.4999896 9.285e-5 4.976e-6 -8.21687e-8 -1.86633e-4 0.003042867 -0.4999815 1.29491e-4 0.004892047 -0.9999759 -4.22796e-4 -0.002666807 -0.4999858 1.08261e-4 5.81785e-6 -1.12318e-7 -2.18249e-4 0.003667466 -0.4999731 1.55341e-4 0.00590645 -0.9999649 -5.11195e-4 -0.003210699 -0.4999794 1.29665e-4 6.98827e-6 -1.6197e-7 -2.62226e-4 0.004785507 -0.4999307 -0.004840061 0.007366196 -0.9999196 -0.005631333 -0.004185694 -0.4999412 -0.004873696 1.44604e-4 2.34133e-5 -0.005420071 -0.4871638 0.04042998 0.07602424 -0.3484391 -0.04326815 -0.2306573 -0.03802278 -0.005583054 -0.01993113 -0.2071694 0.05947312 0.3257285 3.72527e-4 -0.4999914 -0.002157155 -7.72821e-5 -0.9999827 -0.004365777 3.68247e-4 -0.499993 0.001732475 2.22744e-4 1.07975e-7 1.64282e-5 0.1741362 0.01589208 -0.1204793 0.3394918 -0.02637351 0.0579171 0.379886 -0.0308723 -0.1170452 0.1892829 0.004870739 -0.3452262 -1.51961e-4 -0.4999932 -0.001719566 -6.58287e-5 2.1187e-8 -4.85528e-6 -1.45393e-4 -0.4999915 0.002161312 3.21186e-4 -0.9999831 0.004320358 -0.4871635 0.04043001 0.07602337 -0.3484395 -0.04326827 -0.230658 -0.0380221 -0.005581867 -0.019922 -0.2071687 0.05947461 0.3257375 4.28755e-4 -0.4999887 -0.002483424 -8.90426e-5 -0.9999771 -0.005026075 4.23836e-4 -0.4999907 0.001994557 2.56424e-4 1.43083e-7 1.8908e-5 0.1741362 0.01589192 -0.1204808 0.3394918 -0.02637311 0.05791321 0.3798879 -0.0308716 -0.1170502 0.189283 0.004870184 -0.3452223 -1.74755e-4 -0.4999911 -0.001974971 -7.59144e-5 2.80817e-8 -5.59812e-6 -1.67246e-4 -0.4999888 0.002481843 3.68602e-4 -0.9999776 0.004961111 -0.4871605 0.04042924 0.07600159 -0.3484394 -0.04326909 -0.2306592 -0.03801949 -0.005584277 -0.01994084 -0.2071669 0.0594726 0.3257225 5.02704e-4 -0.4999844 -0.002915218 -1.05125e-4 -0.9999684 -0.005899881 4.96992e-4 -0.4999872 0.002342168 3.00618e-4 1.96799e-7 2.21614e-5 0.1741362 0.01589104 -0.1204742 0.3394879 -0.02637137 0.05790909 0.3798863 -0.03087031 -0.1170469 0.1892828 0.004870074 -0.3452122 -2.04439e-4 -0.4999878 -0.002311605 -8.88978e-5 3.84838e-8 -6.5535e-6 -1.95709e-4 -0.4999847 0.002904177 4.3139e-4 -0.9999694 0.005805298 -0.4871615 0.0404327 0.07602015 -0.3484412 -0.04326861 -0.2306375 -0.03802092 -0.005580268 -0.019909 -0.2071672 0.05947593 0.3257425 6.0689e-4 -0.4999772 -0.003519893 -1.25904e-4 -0.999954 -0.007123728 6.00052e-4 -0.4999814 0.002828751 3.62153e-4 2.85936e-7 2.66864e-5 0.1741363 0.01589069 -0.1204725 0.339488 -0.02637093 0.057913 0.3798865 -0.03086904 -0.1170485 0.1892827 0.004869386 -0.34521 -2.45845e-4 -0.4999823 -0.002779283 -1.0736e-4 5.59132e-8 -7.91141e-6 -2.35443e-4 -0.4999779 0.003490754 5.18636e-4 -0.9999558 0.006977791 -0.4875624 0.04078377 0.0799317 -0.3486759 -0.04309393 -0.2282507 -0.03842317 -0.005090515 -0.01601642 -0.2073985 0.0598061 0.3280739 -0.004196245 -0.4999396 -0.004843256 -0.005126929 -0.9999091 -0.008649527 -0.004207157 -0.499947 0.003955403 -0.004506821 1.81115e-5 -3.32043e-4 0.1741215 0.01578689 -0.116575 0.3394693 -0.02642971 0.0603062 0.3798682 -0.03076499 -0.113161 0.1892655 0.004926813 -0.34293 0.005080424 -0.49994 -0.00389736 0.005362625 2.62868e-5 3.95116e-4 0.005095868 -0.4999324 0.004775182 0.00593735 -0.9999039 0.008416702 0.233883 0.2363805 -0.0169421 -0.2517207 -7.51585e-4 -0.01856887 0.2338935 0.2363903 -0.01678243 -0.2517148 -8.63248e-4 -0.0185659 0.2339084 0.2364036 -0.01656986 -0.2517134 -0.001010388 -0.01856139 0.2339274 0.236422 -0.01627276 -0.2517077 -0.001214837 -0.01855588 0.2339592 0.2364492 -0.01581187 -0.2517042 -0.00153031 -0.01854755 0.1466079 -0.3546092 0.01184742 0.8748816 0.001017062 -0.06455594 0.1465902 -0.3545968 0.0120737 0.8748789 0.001170955 -0.06454635 0.146569 -0.354581 0.01237127 0.8748666 0.001375098 -0.06453727 0.1465406 -0.3545595 0.01278501 0.8748614 0.001660874 -0.06452042 0.146499 -0.3545245 0.01342411 0.8748534 0.002107673 -0.06449593 -0.4716453 0.3735515 -0.03463001 0.004536188 0.247976 0.2226608 -0.4714672 -0.3549683 0.03353097 0.005347499 -0.2357736 -0.2355095 -0.4716676 0.3737698 -0.03437738 0.004413057 0.2479617 0.2226818 -0.4714888 -0.3551769 0.03334073 0.005208031 -0.235783 -0.2355063 -0.4717014 0.3740843 -0.03404021 0.004249328 0.24796 0.2226899 -0.4715201 -0.3554585 0.03308756 0.005024038 -0.2357999 -0.2354974 -0.4717459 0.3745027 -0.03356852 0.004020732 0.2479433 0.2227171 -0.4715618 -0.3558411 0.03273637 0.004768533 -0.2358175 -0.2354904 -0.4718123 0.3751598 -0.03283507 0.003663791 0.2479209 0.2227543 -0.4716275 -0.3564292 0.03219151 0.004374039 -0.235843 -0.2354802 -0.01729268 -0.2237377 0.002187977 0.005500954 -0.3875255 -0.1248831 -0.01722506 0.2365813 -0.002103088 0.005252862 0.3536182 0.1463941 -0.01728274 -0.2238881 0.002332071 0.005759606 -0.3875096 -0.1248657 -0.01721181 0.2367086 -0.002228318 0.005454533 0.3536195 0.1463942 -0.01726826 -0.2240873 0.002522146 0.006101184 -0.3874899 -0.1248446 -0.01719481 0.2368829 -0.002394683 0.005721631 0.3536292 0.1464032 -0.01724903 -0.2243601 0.002786752 0.006576454 -0.3874565 -0.1248109 -0.01717016 0.237119 -0.002627906 0.006094008 0.353631 0.1464043 -0.01722014 -0.224767 0.003196585 0.007310968 -0.3873824 -0.1247408 -0.01713038 0.2375039 -0.002993448 0.006674452 0.3536574 0.1464316 -6.49653e-10 -9.57628e-12 2.66204e-8 -0.003975105 0.9999841 3.43406e-4 -2.03943e-9 -3.45221e-11 8.33841e-8 -0.004568089 0.999979 3.95926e-4 4.17387e-9 8.25264e-11 -1.70155e-7 -0.005351546 0.9999712 4.645e-4 6.11386e-9 1.45143e-10 -2.48226e-7 -0.006442952 0.9999583 5.61535e-4 -2.45763e-9 -7.31286e-11 9.91475e-8 -0.008137313 0.9999335 7.11616e-4</float_array>
          <technique_common>
            <accessor source="#geom-Iona_Shelving_Unit-map1-textangents-array" count="2556" stride="3">
              <param name="X" type="float"/>
              <param name="Y" type="float"/>
              <param name="Z" type="float"/>
            </accessor>
          </technique_common>
        </source>
        <source id="geom-Iona_Shelving_Unit-map1-texbinormals">
          <float_array id="geom-Iona_Shelving_Unit-map1-texbinormals-array" count="7668">0.01986593 0.7678243 0.6403525 0.1062232 0.9941784 -0.01805161 -0.1090756 0.9938458 -0.0193135 -0.1624659 0.957883 -0.2367803 0.02290449 -0.8780403 0.4780382 -0.1247306 -0.973991 0.1891662 -0.1027192 -0.9910783 0.08492627 0.08191223 -0.9931303 0.08356184 -0.1099516 0.281937 0.9531118 0.08985573 0.1400283 0.9860619 -0.1089204 -0.9938175 -0.02152128 0.1067295 -0.9940477 -0.021865 0.02059747 -0.8001952 -0.5993858 -0.1686525 -0.9643566 -0.2038937 -0.102622 0.9858982 -0.1321869 -0.1149115 0.8337445 -0.5400607 0.0211797 0.7829949 -0.6216674 0.08168657 0.9882979 -0.1288197 -0.1133454 0.1403406 -0.9835941 -0.003529573 0.9989001 0.04675704 -0.8283318 -0.558808 0.0400018 -0.8620666 0.5043593 -0.04962708 -0.7056156 0.6914374 -0.1549869 0.9925495 -0.04699712 -0.112413 0.9923814 -0.1213444 -0.02132204 0.9924308 0.1210516 -0.02068119 0.9832853 0.1200911 -0.1368506 0.9916639 -0.1198374 -0.04734668 -0.9507238 -0.08412249 -0.2984084 -0.9957027 0.0886978 -0.02662563 -0.7507819 0.09318045 0.6539449 -0.9873764 -0.1206345 -0.1026409 -0.9658155 0.1363024 0.2205041 -0.8142817 -0.0344469 0.5794469 -0.8798813 -0.1426134 -0.4532883 -0.9944809 0.1049089 0.00136048 0.9615908 0.1043529 -0.2538771 0.9705997 -0.1532459 -0.1856123 0.9917083 -0.1280696 -0.01061979 0.9917726 0.1223091 -0.0377845 -0.8246669 -0.5631742 0.05252946 -0.9194583 -0.3661267 -0.1433443 -0.9471419 0.2912253 -0.1345734 0.9929379 -0.04329886 -0.1104517 0.9849857 -0.1187954 0.1252634 0.9427756 0.2902789 0.1640495 0.990422 -0.006933929 -0.1378994 0.9916159 0.02972381 -0.1257551 -0.9805134 -0.1549687 0.1207403 -0.6487876 -0.7567832 0.07971089 -0.726089 -0.6849005 -0.06087689 -0.9808379 -0.1528972 -0.1207456 0.08653331 -0.2913155 0.9527052 -0.09358173 -0.571409 0.8153123 0.09054505 -0.04505819 -0.9948725 -0.1139603 -0.08204092 -0.9900921 0.9717963 -0.1828814 0.1488836 0.96605 0.2274545 0.1225231 0.9897765 0.06779647 -0.1254833 0.9453311 -0.2977156 -0.1330963 -0.9755174 0.1963606 0.09903725 -0.9754557 0.1846988 0.1198854 -0.9209318 0.3729618 -0.1130672 -0.1872012 0.9823179 -0.002696252 -0.00820868 0.001018865 0.9999658 0.002319183 0.002319183 0.9999946 -0.6681387 0.06123478 -0.7415126 0.559301 0.8258662 -0.07160573 0.06687094 0.6071502 0.7917682 0.7043871 0.0876345 -0.7043856 -0.8894375 -0.1415664 -0.4345801 -0.462589 -0.8860835 0.02945338 0.08147946 -0.9964726 0.02008409 0.9174127 -0.07428598 0.3909419 0.07092291 -0.7420926 -0.6665347 0.09985453 0.9192618 0.3807712 0.6112902 -0.07682526 0.7876688 0.07747501 -0.7049822 -0.7049807 0.9858567 0.1119796 -0.1246882 0.07171292 0.9314066 0.356846 -0.9925124 0.1209602 -0.0169632 -0.993102 -0.1170493 -0.006921326 -0.1756297 -0.9842041 0.02228191 -0.9925141 -0.002115991 0.1221121 -0.09194483 0.5437119 -0.8342203 -0.2723607 0.4794735 -0.8342211 -7.80212e-8 2.1436e-7 1 2.73751e-15 1.90099e-7 1 -0.4199235 0.3574057 -0.8342215 4.8877e-8 -5.82493e-8 1 -0.5168376 0.1922278 -0.8342226 3.2926e-8 -1.90098e-8 1 -0.5514164 0.003866732 -0.8342212 3.74421e-8 -6.6021e-9 1 -0.5194866 -0.1849633 -0.8342195 0 0 1 -0.4248982 -0.351483 -0.8342189 -3.2926e-8 -1.90098e-8 1 -0.2790566 -0.4756059 -0.8342221 -2.44386e-8 -2.91247e-8 1 -0.09956042 -0.5423659 -0.8342224 7.80213e-8 2.1436e-7 1 0.09194479 -0.5437121 -0.8342202 -4.38001e-15 2.28118e-7 1 0.2723607 -0.4794736 -0.834221 3.90106e-8 -1.0718e-7 1 0.4199235 -0.3574058 -0.8342214 4.8877e-8 -5.82493e-8 1 0.5168377 -0.1922278 -0.8342225 3.2926e-8 -1.90098e-8 1 0.5514165 -0.00386674 -0.8342211 3.74421e-8 -6.6021e-9 1 0.5194859 0.1849623 -0.8342202 0 0 1 0.4248936 0.3514813 -0.834222 -3.29261e-8 -1.90099e-8 1 0.2790566 0.4756078 -0.834221 -2.44385e-8 -2.91246e-8 1 0.09956049 0.5423661 -0.8342222 -2.60072e-8 -7.14535e-8 1 0.9773261 -0.09075674 0.1913034 0.8873453 -0.4195482 0.1913052 0.1736527 -0.984807 8.60946e-8 0.9494267 0.2489801 0.1913058 0.8070082 0.5586952 0.1913045 0.5672576 0.8010128 0.1913044 0.2590882 0.9467186 0.191304 -0.08033097 0.9782381 0.191304 -0.4100684 0.8917658 0.1913054 -0.690342 0.6977325 0.1913041 -0.8873457 0.4195474 0.191305 -0.9773261 0.09075678 0.1913034 -0.9494267 -0.2489801 0.1913058 -0.8070082 -0.5586951 0.1913045 -0.5672576 -0.8010127 0.1913046 -0.2590882 -0.9467186 0.1913042 0.08033402 -0.9782377 0.1913045 0.410067 -0.8917666 0.1913047 0.6903372 -0.6977373 0.191304 -0.07899531 0.7033799 0.7064109 1.68005e-8 -1 0 -0.3420224 -0.9396918 0 0.1663409 0.687979 0.7064104 -0.6427878 -0.7660443 0 0.3916108 0.5895964 0.7064113 -0.8660253 -0.5000002 0 0.5696468 0.4201013 0.7064117 -0.9848075 -0.1736494 0 0.6789762 0.1999368 0.7064111 -0.9848075 0.1736494 0 0.7064116 -0.04434633 0.7064107 -0.8660253 0.5000002 0 0.6486423 -0.2832786 0.706411 -0.6427878 0.7660443 0 0.5126367 -0.4880429 0.7064119 -0.3420224 0.9396918 0 0.3148028 -0.6339418 0.7064114 1.92007e-8 1 0 0.07899527 -0.7033799 0.706411 0.3420224 0.9396918 0 -0.1663409 -0.6879789 0.7064105 0.6427878 0.7660443 0 -0.3916108 -0.5895964 0.7064114 0.8660253 0.5000002 0 -0.5696468 -0.4201013 0.7064117 0.9848075 0.1736494 0 -0.6789761 -0.1999367 0.7064112 0.984808 -0.1736471 0 -0.7064112 0.04434437 0.7064112 0.8660253 -0.5000002 0 -0.6486422 0.283278 0.7064112 0.6427878 -0.7660443 0 -0.5126378 0.4880426 0.7064112 0.3420224 -0.9396918 0 -0.314803 0.6339419 0.7064112 0.8308202 0.5412457 -0.1295798 -0.766044 -0.6427882 5.61943e-8 0.5956014 0.7927594 -0.1295816 0.9658324 0.2244469 -0.1295815 0.9843508 -0.1194257 -0.1295802 0.8841408 -0.4488918 -0.1295808 0.6772918 -0.7242132 -0.1295804 0.3887526 -0.9121844 -0.1295802 0.05331941 -0.9901342 -0.1295809 -0.2885424 -0.9486581 -0.1295803 -0.5956017 -0.7927593 -0.1295813 -0.8308202 -0.5412457 -0.1295798 -0.9658324 -0.224447 -0.1295815 -0.9843508 0.1194257 -0.1295802 -0.8841408 0.4488918 -0.1295809 -0.6772918 0.7242132 -0.1295806 -0.3887509 0.9121851 -0.1295806 -0.05332114 0.9901342 -0.1295806 0.28854 0.9486588 -0.1295805 -0.0789953 0.7033799 0.7064109 -2.40008e-9 -1 0 -0.3420224 -0.9396918 0 0.1663409 0.687979 0.7064104 -0.6427878 -0.7660443 0 0.3916108 0.5895964 0.7064113 -0.8660253 -0.5000002 0 0.5696468 0.4201013 0.7064117 -0.9848075 -0.1736494 0 0.6789762 0.1999368 0.7064111 -0.9848075 0.1736494 0 0.7064116 -0.04434633 0.7064107 -0.8660253 0.5000002 0 0.6486423 -0.2832786 0.706411 -0.6427878 0.7660443 0 0.5126367 -0.4880429 0.7064119 -0.3420224 0.9396918 0 0.3148027 -0.6339418 0.7064114 0 1 0 0.07899527 -0.7033799 0.706411 0.3420224 0.9396918 0 -0.1663409 -0.6879789 0.7064105 0.6427879 0.7660442 0 -0.3916108 -0.5895964 0.7064114 0.8660253 0.5000002 0 -0.5696468 -0.4201013 0.7064117 0.9848075 0.1736494 0 -0.6789761 -0.1999367 0.7064111 0.984808 -0.1736471 0 -0.7064112 0.04434436 0.7064112 0.8660253 -0.5000002 0 -0.6486422 0.283278 0.7064112 0.6427879 -0.7660442 0 -0.5126379 0.4880426 0.7064112 0.3420224 -0.9396918 0 -0.314803 0.6339419 0.7064112 0.8308202 0.5412457 -0.1295798 -0.766044 -0.6427882 5.61943e-8 0.5956014 0.7927594 -0.1295816 0.9658324 0.2244469 -0.1295815 0.9843508 -0.1194257 -0.1295802 0.8841408 -0.4488918 -0.1295808 0.6772918 -0.7242132 -0.1295804 0.3887526 -0.9121844 -0.1295802 0.05331941 -0.9901342 -0.1295809 -0.2885424 -0.9486581 -0.1295803 -0.5956017 -0.7927593 -0.1295813 -0.8308202 -0.5412457 -0.1295797 -0.9658324 -0.224447 -0.1295815 -0.9843508 0.1194257 -0.1295802 -0.8841408 0.4488918 -0.1295809 -0.6772918 0.7242132 -0.1295806 -0.3887508 0.9121851 -0.1295806 -0.05332114 0.9901342 -0.1295806 0.28854 0.9486588 -0.1295805 -0.09194485 0.5437118 -0.8342204 -0.2723607 0.4794734 -0.8342211 3.90106e-8 -1.0718e-7 1 3.64998e-16 -7.60389e-8 1 -0.4199235 0.3574058 -0.8342214 -1.46632e-7 1.74749e-7 1 -0.5168376 0.1922278 -0.8342226 -2.30482e-7 1.33069e-7 1 -0.5514164 0.003866731 -0.8342212 3.74421e-8 -6.6021e-9 1 -0.5194866 -0.1849633 -0.8342195 0 0 1 -0.424898 -0.351483 -0.834219 2.30482e-7 1.33069e-7 1 -0.2790566 -0.4756059 -0.8342221 1.7107e-7 2.03873e-7 1 -0.0995605 -0.5423661 -0.8342223 -2.6007e-8 -7.14532e-8 1 0.09194479 -0.5437121 -0.8342202 0 -1.14059e-7 1 0.2723607 -0.4794735 -0.8342211 -7.80211e-8 2.1436e-7 1 0.4199235 -0.3574058 -0.8342214 -1.46631e-7 1.74748e-7 1 0.5168377 -0.1922278 -0.8342226 6.58519e-8 -3.80196e-8 1 0.5514165 -0.003866735 -0.8342211 0 0 1 0.5194859 0.1849623 -0.8342202 0 0 1 0.4248936 0.3514813 -0.834222 0 0 1 0.2790567 0.4756079 -0.8342209 1.46632e-7 1.74749e-7 1 0.09956051 0.5423662 -0.8342222 7.80215e-8 2.14361e-7 1 0.9773261 -0.09075672 0.1913033 0.8873453 -0.4195482 0.1913052 0.1736527 -0.984807 8.60946e-8 0.9494267 0.2489801 0.1913058 0.8070082 0.5586952 0.1913045 0.5672576 0.8010128 0.1913044 0.2590882 0.9467186 0.191304 -0.08033097 0.9782381 0.191304 -0.4100684 0.8917658 0.1913054 -0.690342 0.6977325 0.1913041 -0.8873457 0.4195474 0.191305 -0.9773261 0.09075676 0.1913034 -0.9494267 -0.2489801 0.1913058 -0.8070083 -0.5586951 0.1913046 -0.5672576 -0.8010127 0.1913046 -0.2590882 -0.9467186 0.1913042 0.08033401 -0.9782377 0.1913045 0.410067 -0.8917665 0.1913047 0.6903372 -0.6977373 0.191304 -0.02524838 0.9871324 0.1578989 0.1718338 0.9630162 0.2075404 0.1068462 0.9687218 -0.2239685 -0.09468825 0.8959569 -0.4339302 -0.02385033 -0.91519 0.4023163 -0.07850713 -0.9061176 0.4156772 0.1027143 -0.9923014 0.06919308 0.1115329 -0.7922204 0.599956 -0.0660574 -0.4133458 0.9081749 0.1015679 -0.1180616 0.9877983 0.1009304 0.3485229 0.9318502 -0.0873465 -0.1672049 0.9820454 0.1087461 -0.9928531 -0.0491632 0.1707369 -0.9545822 -0.2441756 -0.0181148 -0.6898339 -0.723741 -0.1066897 -0.992967 -0.05132081 0.102515 0.9835151 -0.1489586 -0.08168389 0.9862602 -0.1435913 -0.02322673 0.8762325 -0.4813286 0.1138909 0.8157549 -0.5670739 -0.07554208 0.05258285 -0.9957552 -0.08452684 0.1271942 -0.9882696 0.1080132 -0.2222745 -0.9689826 0.08755385 -0.4714505 -0.8775356 0.5080763 0.8485164 0.1479137 0.03437139 0.9944999 -0.09893697 0.04098402 0.9933361 -0.1077205 0.433289 0.9002739 0.04204163 -0.9913245 -0.1211381 -0.05100354 -0.8813552 -0.1055267 -0.4605184 -0.9864035 0.1204082 -0.1118479 -0.9913826 0.1209973 -0.05020097 0.9922097 -0.08869164 0.08748552 0.9912435 -0.1209859 -0.05290337 0.9909387 0.1206624 -0.05900145 0.9943008 0.08864909 -0.05922243 0.9923273 0.1103859 -0.05569166 0.921774 0.05490313 -0.3838207 0.9860152 -0.1170468 -0.118634 0.9921747 -0.1198821 -0.03489462 -0.9802732 0.1491808 0.1296515 -0.9912361 0.1204192 -0.05431601 -0.9911705 -0.1298097 -0.02702563 -0.9512597 -0.0979863 0.2924102 0.7192007 -0.6942171 0.02851175 -0.03994609 -0.9957355 0.08315766 -0.5828375 -0.8008532 0.1376035 -0.7764577 0.612805 0.1469134 -0.9134408 0.3911629 0.1123278 -0.9851622 -0.1232633 -0.1194221 -0.9391406 -0.3238932 -0.1144905 -0.9928944 4.03886e-4 0.1189982 0.9927825 0.02865055 0.1164563 0.9927049 0.03962577 -0.1138718 0.9614932 0.2512276 -0.1114252 0.9863468 -0.1199081 0.1128803 0.1022585 -0.03221024 0.9942362 -0.07181295 -0.1384809 0.987758 0.09592795 0.2624419 -0.9601677 -0.05356234 0.7136955 -0.6984052 -0.5270311 0.8498412 0.002840856 -0.9093384 0.3730373 -0.1842468 -0.983246 -0.1062807 -0.1480936 -0.9552327 0.2382886 0.175354 -0.9609828 0.2514799 0.1151954 -0.9780479 0.1712542 -0.1187191 0.9633382 0.2476882 0.1031018 0.9582074 -0.2651496 -0.1073976 0.7992396 0.5939899 -0.0916084 0.9574459 0.2659365 0.1121388 0.9791085 -0.1824905 -0.08968699 0.6909716 -0.7144575 0.11004 -0.7066085 0.008364462 -0.7075553 0 0 0 0.1921926 -0.9788179 0.07055167 0.5120086 0.0435413 0.8578761 0.9855288 -0.1198602 -0.11986 0.9945471 -0.1037 0.01105841 0.7574553 -0.6511089 0.04815387 -0.6790151 -0.005943567 0.7341003 0.1019884 0.9742093 -0.2012824 0.9072279 0.06256126 -0.4159611 0.002152668 0.002153056 0.9999954 -0.06767182 0.6345615 0.7699041 0.1058296 0.9887367 -0.1058293 0.9100992 0.1123696 -0.398864 0.09222799 0.0974235 0.9909605 -0.04839045 0.6933852 0.7189404 0.9916552 0.1207849 -0.04506572 0.9927201 -0.1185273 -0.02140312 0.9843065 -0.1333503 0.115579 -0.2698486 -0.9624048 -0.03096343 -0.2643213 -0.9637167 -0.03720823 0.003657944 -0.9999928 -0.001027179 0.003710416 -0.9999931 -1.51916e-4 -0.003736918 -0.999993 -9.70741e-5 -0.00358838 -0.9999914 0.00208451 0.00409897 -0.999991 -0.001070007 0.004141744 -0.9999914 8.66801e-7 -0.004188873 -0.9999912 8.69627e-7 -0.004014684 -0.9999892 0.002352061 0.004642124 -0.9999885 -0.001200224 0.004689987 -0.999989 0 -0.004665243 -0.9999884 -0.001206262 -0.004536323 -0.9999858 0.002811306 0.005625874 -0.9999793 0.003110371 0.005393631 -0.9999855 2.17655e-5 -0.005365835 -0.9999846 -0.001385604 -0.005423953 -0.9999853 2.17298e-5 0.006641524 -0.9999713 0.003643591 0.00637115 -0.9999797 2.29149e-7 -0.006333836 -0.9999786 -0.0016491 -0.006405053 -0.9999795 1.44799e-5 0.003739026 -0.999993 -6.68264e-5 -0.00370865 -0.9999931 -1.2151e-4 -0.003625202 -0.9999922 -0.001540767 0.003626204 -0.9999923 0.001494923 -0.004189081 0.9999912 -8.69627e-7 0.004141949 0.9999914 -8.66801e-7 0.004060002 0.9999903 0.001681198 -0.0040577 0.9999904 -0.001681265 0.004600691 -0.999987 -0.002217607 -0.004594426 -0.9999883 0.001502791 -0.004694233 -0.9999889 -3.82488e-4 0.004608502 -0.999988 0.001685311 -0.005454667 0.9999851 0 0.00539539 0.9999854 0 0.00528805 0.9999836 0.002190461 -0.005284699 0.9999836 -0.002189073 -0.00643985 0.9999793 -1.15802e-7 0.006207764 0.9999774 -0.002571248 0.00640932 0.9999795 0 -0.007576818 0.999804 0.0182914 -0.9656144 0.01185894 -0.2597078 -0.7549815 0.06369769 -0.652645 -0.616755 0.03190466 -0.7865083 -0.9995634 -0.02949089 -0.001822702 -0.9995703 -0.02925592 -0.001827004 -0.923454 -0.002732745 0.3836994 -0.9802467 0.04111281 0.1934584 -0.9995634 0.02948821 -0.00183719 0.00154054 -0.9999919 0.003719226 -0.001540461 -0.9999919 -0.003719035 0.001540461 -0.9999919 -0.003719035 -0.00154054 -0.9999919 0.003719226 0.001539387 -0.9999919 -0.003719068 -0.001542771 -0.9999919 0.003719159 0.001539452 -0.9999919 0.003719259 -0.001540475 -0.9999919 -0.003719035 0.9991177 0.03114262 0.02817592 0.9177953 0.001866866 0.3970494 0.9768456 -0.04196638 0.2097892 0.9992223 -0.02758396 0.02817515 0.9612938 -0.01084071 -0.2753122 0.7495515 -0.0636803 -0.6588759 0.5900969 -0.03365193 -0.8066307 0.9991812 0.03100348 -0.02599303 -0.001537373 -0.9999932 0.003356317 0.001637702 -0.9999903 -0.00407912 -0.001580901 -0.9999904 -0.004080823 0.001442257 -0.9999933 0.003359171 -0.001409796 -0.9999907 -0.004085955 0.001694248 -0.9999929 0.003351616 -0.001515753 -0.9999932 0.003356963 0.001592682 -0.9999904 -0.004080472 -0.9702979 0.01315158 -0.2415556 -0.7612558 0.06341715 -0.6453432 -0.6485057 0.029326 -0.7606447 -0.9992722 -0.02769875 0.02622626 0.9974399 0.03333372 -0.06326531 0.2801143 0.06913363 0.957474 0.6920317 0.02554855 0.7214149 0.9976758 -0.02529133 -0.06327198 -0.001723983 0.9999899 -0.004162064 0.00172416 0.9999899 0.00416249 0 0.9999911 0.004214164 -0.01096553 0.9999296 -0.00454207 0.001725132 -0.9999898 -0.004162462 -0.001724013 -0.9999899 0.004162062 1.62671e-6 -0.9999911 0.004213683 0.01097852 -0.9999294 -0.004542891 -0.9991185 -0.03114101 -0.02815016 -0.2711766 -0.06866394 0.9600773 -0.6506185 -0.02885741 0.7588563 -0.9992227 0.02758485 -0.02816083 0.9612883 -0.01083929 -0.2753313 0.7495465 -0.06368155 -0.6588814 0.5900421 -0.03365736 -0.8066706 0.9991804 0.03100483 -0.02602174 0.001439323 0.9999919 -0.003764298 -0.001998052 0.9999876 0.004560575 0.00194422 0.9999877 0.004562187 -0.001557754 0.9999917 -0.003760751 -0.00207329 -0.9999875 -0.004558322 0.00138567 -0.9999919 0.003765905 0 -0.9999928 0.003807423 0.001890407 -0.9999878 -0.004563806 -0.9659297 0.01194436 -0.2585288 -0.7553949 0.06367926 -0.6521683 -0.618833 0.0317397 -0.7848811 -0.9995684 -0.02937602 1.75703e-6 0.9995638 0.02902443 0.005466238 0.2586578 0.06888635 0.9635096 0.6126546 0.03222333 0.7896936 0.9995433 -0.02971878 0.005471638 0 -0.9999886 0.004771139 0 -0.9999886 -0.004771627 0.001930541 -0.999987 -0.00471378 -0.001952041 -0.999987 0.004712644 0.002052141 -0.9999868 -0.004710136 -0.001756157 -0.9999873 0.004718515 0.002204301 -0.9999865 0.004705086 -0.00164369 -0.9999875 -0.004722375 0.9995685 0.0293745 -1.90607e-8 0.9230151 0.002796879 0.3847535 0.9800507 -0.04108993 0.1944538 0.9995685 -0.0293753 0 0.9645961 -0.0116853 -0.2634728 0.753756 -0.06350119 -0.6540791 0.6101855 -0.03211263 -0.7916075 0.9995259 0.0298473 -0.007559405 -0.001847033 -0.9999892 0.004256248 0.002140256 -0.9999844 -0.005167034 -0.002038801 -0.9999846 -0.00517007 0.001771623 -0.9999894 0.004258511 6.4934e-4 -0.999986 -0.005250638 6.5181e-4 -0.9999906 0.004292058 -0.001323022 -0.99999 0.004271945 0.002645167 -0.9999832 -0.005151901 -0.9663933 0.01206975 -0.2567846 -0.7559971 0.06365287 -0.6514728 -0.6218912 0.03149654 -0.78247 -0.9995698 -0.02920481 0.00270227 0.9995647 0.02946584 -0.001472577 0.2608669 0.06891259 0.962912 0.6203952 0.03161051 0.7836521 0.9995702 -0.02927755 -0.001478669 -0.002244948 0.9999828 -0.005419979 0.00224541 0.9999828 0.005421094 -0.002245409 0.9999828 0.005421093 0.002244949 0.9999828 -0.005419981 0 -0.9999849 -0.005488355 -0.002244992 -0.9999828 0.005419988 0 -0.9999849 0.005487233 0.01428183 -0.9998805 -0.005915567 -0.9995613 -0.0295227 -0.002351464 -0.2631662 -0.06857053 0.9623106 -0.6212518 -0.03124845 0.7829877 -0.99957 0.02922713 -0.002344758 0.9662913 -0.01213208 -0.2571652 0.7559584 -0.06340539 -0.6515417 0.6209977 -0.03126266 -0.7831887 0.9995703 0.02922818 0.002229712 0.001842921 0.9999863 -0.00490376 -0.002833476 0.9999784 0.005931735 0.002787059 0.9999785 0.005933106 -0.001750012 0.9999864 -0.004906531 7.45597e-4 -0.9999815 -0.006038965 7.47229e-4 -0.9999875 0.004936561 7.45673e-4 -0.9999873 0.004981286 0.002892015 -0.9999782 -0.005929985 -0.9659453 0.01195071 -0.2584702 -0.7554071 0.06367909 -0.6521542 -0.6190216 0.03172478 -0.7847329 -0.9995685 -0.02937213 8.86226e-5 -0.9995682 -0.02938212 1.49225e-4 -0.9231138 -0.00267365 0.3845175 -0.9800283 0.04117851 0.1945481 -0.9995688 0.02936229 1.46543e-4 5.71234e-6 0.999979 -0.006480121 0.002653933 0.999976 0.006400467 5.71234e-6 0.999979 0.006480121 -0.01683717 0.9998339 -0.006983165 6.52873e-6 -0.999979 -0.006479755 -0.002643592 -0.999976 0.006400777 6.52873e-6 -0.999979 0.006479755 0.01686102 -0.9998335 -0.006983876 -0.9994424 -0.0302625 -0.01411176 -0.2670951 -0.06861749 0.9612242 -0.6344665 -0.0301895 0.7723606 -0.9994949 0.02848191 -0.01409791 -0.8372999 0.05896388 -0.5435551 -0.2261477 -0.05483677 -0.9725483 -0.9782305 -0.04159984 -0.2033091 -0.9994659 -0.02833597 -0.01627737 8.81331e-4 0.9999826 -0.005830471 8.8133e-4 0.9999742 0.007129441 8.81474e-4 0.9999746 0.007076624 -0.001886399 0.9999814 -0.005800361 8.78117e-4 -0.9999742 -0.007129326 8.81382e-4 -0.9999826 0.005830452 8.78207e-4 -0.9999823 0.005883144 0.003412226 -0.9999697 -0.007000818 0.003655696 -0.9999928 -0.001065227 0.003583886 -0.9999919 0.001835267 -0.0036688 -0.9999926 -0.00116109 -0.003588314 -0.9999914 0.00208692 -0.003655269 -0.9999931 7.27063e-4 -0.003587291 -0.9999913 -0.002122601 0.003668293 -0.9999929 8.26926e-4 0.003589722 -0.9999907 -0.002409035 -0.004099165 0.999991 0.001070078 -0.003988109 0.9999891 -0.002413614 0.004124319 0.999991 0.001007907 0.004165561 0.9999913 -8.79723e-7 -0.004292556 -0.999988 -0.002346319 -0.004166187 -0.9999913 8.668e-7 0.004095919 -0.999991 0.001070501 0.004190155 -0.9999912 8.65143e-7 0.004629008 -0.9999883 -0.001409499 0.004536216 -0.9999868 0.00241559 -0.004645828 -0.9999881 -0.001510869 -0.00455354 -0.9999864 0.002544559 -0.004615067 -0.9999886 0.001197537 -0.004525498 -0.9999852 -0.003009371 0.004646057 -0.9999886 0.001080547 0.004577706 -0.9999862 -0.002596924 -0.005339099 0.9999848 0.001394642 -0.005172428 0.9999805 -0.003495901 0.005379655 0.9999848 0.001167763 0.005228835 0.9999816 -0.003063108 -0.005593063 -0.9999796 -0.003075689 -0.005425905 -0.9999853 0 0.005334599 -0.9999848 0.001385428 0.005455053 -0.9999851 -2.19174e-5 -0.006304477 0.9999788 0.001652125 -0.006372419 0.9999797 1.46144e-5 0.006672365 0.9999711 -0.003638162 0.006406144 0.9999795 -1.1178e-8 -0.006605193 -0.9999716 -0.003629239 -0.0064069 -0.9999795 0 0.006298727 -0.9999788 0.001637264 0.00644091 -0.9999793 -2.19635e-5 0 0 0 0.7069102 0.7069099 -0.02358838 0 0 0 -0.047897 -0.7065511 0.7060393 0.003500332 -0.9999878 -0.003499031 0.6888516 -0.7246809 0.01791678 0 0 0 0.7069049 0.7069056 -0.0238713 0 0 0 -0.04819947 -0.7065767 0.7059931 0.003917527 -0.9999847 -0.003915875 0.6891803 -0.7243761 0.01759978 0 0 0 0.7068982 0.7069003 -0.02422313 0 0 0 -0.04857566 -0.7065997 0.7059443 0.004435976 -0.9999803 -0.004433887 0.6895885 -0.723997 0.01720612 0 0 0 0.7068884 0.7068945 -0.02467591 0 0 0 -0.049059 -0.7066009 0.7059096 0.005102636 -0.999974 -0.005099746 0.690114 -0.723508 0.01669977 0 0 0 0.7068759 0.7068849 -0.0253025 0 0 0 -0.04973016 -0.7066481 0.7058154 0.00602569 -0.9999637 -0.006021683 0.6908364 -0.722834 0.01600158 -0.9991097 -0.0298316 -0.0298316 -0.05957446 -0.4224295 -0.9044358 -0.9991107 -0.0298147 -0.02981432 -0.05975471 -0.4223551 -0.9044587 -0.999112 -0.02979276 -0.02979238 -0.05997816 -0.4222585 -0.904489 -0.9991138 -0.02976163 -0.02976276 -0.06026918 -0.422119 -0.9045348 -0.9991161 -0.02972257 -0.02972379 -0.06066398 -0.4219472 -0.9045886 0 0 0 0.04766794 0.7060424 0.7065634 0 0 0 -0.7069011 -0.7069015 -0.02410815 0.9991097 0.02983164 -0.02983164 0.05923437 0.4225783 -0.9043887 0 0 0 0.04797572 0.7060095 0.7065755 0 0 0 -0.7068958 -0.7068949 -0.02445323 0.9991107 0.02981472 -0.02981434 0.05941637 0.4225031 -0.9044119 0 0 0 0.04835869 0.7059605 0.7065983 0 0 0 -0.7068891 -0.7068867 -0.02488134 0.999112 0.02979278 -0.0297924 0.05964249 0.4224054 -0.9044426 0 0 0 0.04885347 0.7058536 0.7066711 0 0 0 -0.7068801 -0.7068761 -0.02543086 0.9991138 0.02976161 -0.02976274 0.05993385 0.4222658 -0.9044885 0 0 0 0.04953544 0.7057579 0.7067192 0 0 0 -0.7068688 -0.7068596 -0.02619239 0.9991161 0.0297227 -0.02972383 0.0603363 0.4220918 -0.904543 -0.003497662 0.9999878 -0.003498984 -0.6888475 0.7246848 0.01791652 -0.003914377 0.9999847 -0.003916012 -0.6891758 0.7243804 0.01759996 -0.004432224 0.9999803 -0.004434307 -0.6895839 0.7240013 0.01720634 -0.005098007 0.999974 -0.005100926 -0.690109 0.7235128 0.0167004 -0.006019813 0.9999637 -0.00602389 -0.6908327 0.7228375 0.01600147 -0.004008093 0.9999839 0.004008042 0.03988479 0.7451923 0.6656558 0.06359536 -0.06359617 -0.9959474 0.8997222 -0.4355139 -0.02876765 0.003655765 0.9999866 -0.003655811 -0.03990742 0.7453235 -0.6655076 -0.06361638 -0.06397097 0.995922 -0.899709 -0.435552 0.02860495 0.06326819 0.06290171 0.9960123 0.8997073 0.4355555 0.02860486 -0.003655623 -0.9999866 -0.003655623 0.03966414 -0.7451003 -0.665772 0.003303345 -0.9999891 0.003303387 -0.03968578 -0.7452364 0.6656183 -0.06328896 0.06328896 -0.9959865 -0.899694 0.4355936 -0.02844228 -0.004486031 0.9999799 0.004485974 0.03956869 0.7448868 0.6660165 0.06355403 -0.06355484 -0.9959526 0.8997563 -0.4354295 -0.02897923 0.0040911 0.9999833 -0.0040911 -0.03959371 0.7450381 -0.6658457 -0.0635774 -0.06398264 0.9959238 -0.899741 -0.4354732 0.02879723 0.06323366 0.06282918 0.9960191 0.8997394 0.4354765 0.02879743 -0.004091571 -0.9999833 -0.004091519 0.03935038 -0.7448147 -0.66611 0.003696647 -0.9999863 0.003696647 -0.03937467 -0.7449654 0.6659401 -0.06325698 0.06325698 -0.9959905 -0.899724 0.4355202 -0.02861503 -0.005078984 0.9999742 0.005078919 0.03917641 0.7445112 0.6664595 0.06350253 -0.06350334 -0.9959592 0.8997989 -0.4353239 -0.02924176 0.0046323 0.9999785 -0.0046323 -0.03920395 0.744681 -0.6662681 -0.06352879 -0.06398469 0.9959267 -0.8997813 -0.4353741 0.02903564 0.06319112 0.06273598 0.9960276 0.8997796 0.4353774 0.02903587 -0.004632833 -0.9999785 -0.004632775 0.03896097 -0.7444578 -0.6665318 0.004186154 -0.9999825 0.004186154 -0.03898861 -0.7446277 0.6663404 -0.06321726 0.06321726 -0.9959956 -0.8997621 0.4354274 -0.02882998 -0.005841328 0.9999659 0.005841551 0.03867233 0.7440251 0.6670316 0.06343649 -0.06343729 -0.9959676 0.8998558 -0.4351835 -0.02957758 0.005327324 0.9999716 -0.005327594 -0.0387042 0.7442151 -0.6668177 -0.06346646 -0.06397301 0.9959315 -0.8998347 -0.4352431 0.02934068 0.06313735 0.06253021 0.996044 0.8998331 0.4352464 0.02934116 -0.005328484 -0.9999716 -0.005328688 0.0384616 -0.7439919 -0.6670807 0.004814937 -0.9999768 0.004814692 -0.03848935 -0.7442254 0.6668187 -0.06316585 0.06316585 -0.9960021 -0.899812 0.4353059 -0.02910688 -0.006896087 0.9999524 0.00689635 0.03797602 0.7433524 0.6678211 0.0633454 -0.063346 -0.9959792 0.8999313 -0.4349954 -0.03004367 0.006291137 0.9999604 -0.006291457 -0.0380125 0.7435792 -0.6675665 -0.06337997 -0.06398764 0.995936 -0.8999067 -0.4350656 0.02976502 0.06306216 0.06235369 0.9960598 0.8999045 0.4350701 0.02976502 -0.006291215 -0.9999604 -0.006291455 0.03777037 -0.7433567 -0.667828 0.005686794 -0.9999677 0.005686505 -0.0378026 -0.7436269 0.6675253 -0.06309515 0.06309515 -0.996011 -0.8998797 0.4351401 -0.02948899 0.003519477 -0.9999898 0.002842345 -0.003480586 -0.9999856 -0.004096006 0.003866738 -0.9999832 0.004313589 -0.003965048 -0.999986 -0.003491704 -0.004186255 0.9999825 -0.004186148 0 0 0 -0.004815049 0.9999768 -0.004814682 0.006202163 -0.9999615 -0.00620232 -0.005686931 0.9999677 -0.005686497 0.007321942 -0.9999464 -0.007322128 0.00349649 -0.9999865 -0.003850466 -0.003510866 -0.9999894 0.002979976 -0.003954163 0.9999855 0.0036647 0.003874782 0.9999837 -0.004190559 0.004632776 0.9999785 0.004632776 0 0 0 -0.005153673 0.9999757 0.004699121 0.005072041 0.9999743 -0.005071783 0.006895997 -0.9999524 -0.006896348 0.006037493 -0.9999635 0.006037493 -0.9999949 0.002810657 -0.001506741 -0.9999963 0.002708164 4.01149e-4 -0.9999951 -0.002633782 -0.001719233 -0.9999964 -0.002508028 9.32524e-4 0.9999935 0.002346493 -0.002742151 0.9999961 1.61274e-5 0.002783652 0.9999934 0.002387184 0.002741437 0.9999961 1.39231e-4 -0.002785815 0.9999961 0.002688081 -7.02135e-4 0.9999954 0.002630472 0.001541333 0.9999961 -0.002687725 -7.02204e-4 0.9999954 -0.00263084 0.00154111 0.9999996 9.30451e-4 -3.06245e-5 0.9999794 0.003200622 -0.005557395 0.9999824 0.001813214 -0.005645209 0.9999984 0.001811701 -7.92334e-5 0.9999955 -0.002798278 0.001103364 0.999996 -0.002670218 -9.53306e-4 0.9999957 0.002661065 0.001248655 0.9999959 0.002516097 -0.001347623 0.999996 5.78181e-4 -0.002757506 0.9999948 -0.001732159 0.002725231 0.9999961 5.17404e-4 0.002759208 0.9999949 -0.001654423 -0.002727406 0.9999961 0.002688075 -7.02137e-4 0.9999963 0.002735719 -2.39302e-9 0.9999963 -0.002735648 2.39296e-9 0.9999954 -0.00263084 0.001541112 0.9999834 -0.003127912 0.004837051 0.9999994 -8.75301e-4 -6.47279e-4 0.9999984 -0.001670513 -5.75357e-4 0.9999862 -0.001671631 0.004970945 -0.999994 0.0027599 -0.002117072 -0.9999962 0.002694875 4.94326e-4 -0.9999948 -0.002611431 -0.001871582 -0.9999967 -0.002562252 -4.05393e-5 -0.9999961 -4.93834e-4 0.0027653 -0.9999945 0.001905135 -0.00273127 -0.9999951 -0.001542282 -0.002740152 -0.9999959 7.76144e-4 0.00275862 0.9999933 0.002562936 -0.002605583 0.9999959 0.002609553 -0.001185494 0.9999914 -0.002716916 -0.003135589 0.9999962 -0.002742668 -1.60313e-4 -0.9999955 0.001144983 -0.00276161 -0.9999955 -0.001144787 0.00276161 -0.9999961 -1.01583e-6 0.002782042 -0.9999961 1.12768e-6 -0.002782045 -0.9999965 0.002640282 1.41268e-4 -0.9999942 0.002582694 0.002226147 -0.9999963 -0.002734737 6.52421e-5 -0.9999932 -0.002663921 0.002553276 -0.9999961 -4.60325e-4 0.002769101 -0.9999932 0.002501743 -0.002724073 -0.9999949 -0.001640042 -0.002743082 -0.9999956 0.0011408 0.002754092 0.9999951 0.002621998 -0.001708845 0.9999966 0.002615166 1.85e-4 0.9999945 -0.002704586 -0.001934913 0.9999962 -0.002684754 6.84421e-4 -0.9999956 0.00114039 -0.002749942 -0.9999956 -0.001140509 0.002750224 -0.9999961 -1.4608e-6 0.00277675 -0.9999961 1.45741e-6 -0.002776514 -0.9999971 0.002425026 5.5444e-6 -0.9999951 0.002616134 0.001739076 -0.9999963 -0.002671751 -5.90391e-4 -0.9999952 -0.003087122 2.0162e-6 0.9999956 0.001142123 -0.002755763 0.9999956 -0.001140252 0.002755804 0.9999956 0.001142122 0.002755763 0.9999956 -0.0011415 -0.002755779 0.9999963 0.002717537 -5.81704e-5 0.999992 0.002790966 0.002866492 0.9999961 -0.002563081 0.001077812 0.9999963 -0.002713378 3.3238e-4 0.9999955 -0.001142895 0.00275579 0.9999955 0.001143045 -0.002755786 0.9999956 -0.001139693 -0.002755503 0.9999956 0.001140146 0.002755498 0.01950002 0.999138 0.03664797 0.01485758 0.9992163 0.03668752 -0.04976874 0.8292917 0.5565953 0.05824428 0.2228239 0.9731172 -0.04384144 -0.6043483 -0.795513 -0.009392257 -0.9282615 0.3718095 -0.01668299 -0.9998307 -0.007763907 -0.07019007 -0.2561111 -0.9640957 0.02869557 0.9993963 0.01958623 0.02602563 0.9994697 0.01957086 -0.06005374 0.8348329 0.5472181 0.05978366 0.228559 0.9716927 -0.0335799 -0.6202919 -0.7836519 4.01395e-4 -0.9229535 0.3849113 -0.02759642 -0.9996134 0.003401376 -0.06935244 -0.2613301 -0.9627548 0.04012706 -0.6024687 0.7971332 -0.02425165 -0.9996576 0.009826101 0.004941548 -0.9652 0.2614661 0.0623409 -0.7541236 0.6537669 -0.04502467 -0.5971624 -0.8008557 -0.00554968 -0.9284281 0.3714707 -0.02253856 -0.9996453 -0.01418502 -0.07715685 -0.2414149 -0.9673498 0.0344334 -0.6106257 0.7911704 -0.02192751 -0.9997474 0.004926657 0.005351279 -0.9660627 0.2582522 0.05553073 -0.7572425 0.6507689 -0.04028533 -0.6160938 -0.7866419 -0.005711788 -0.925994 0.3774949 -0.02163949 -0.9997658 3.74648e-5 -0.07128053 -0.2566912 -0.9638614 -0.02169118 -0.9996685 -0.01386719 -0.01982587 -0.9997072 -0.01387321 0.03419117 -0.9784777 -0.2035002 0.05993575 -0.759626 0.6475925 0.05417085 -0.8404812 0.539126 -0.06137718 -0.2296609 0.9713335 -0.0218504 -0.9996399 0.01557671 -0.0710702 -0.262103 -0.9624194 0.9999955 0.001141987 -0.002757001 0.9999955 -0.001141987 0.002757002 0.9999955 0.001141987 0.002757001 0.9999955 -0.001141988 -0.002757002 0.9999961 8.56084e-5 -0.002778769 0.999994 -0.002138007 0.002736474 0.9999961 1.2625e-4 0.002777933 0.999994 -0.002136795 -0.0027365 -0.9999961 -3.09706e-5 -0.002779896 -0.9999937 0.002284994 0.002733445 -0.9999961 -6.14512e-5 0.002779267 -0.9999937 0.002261647 -0.002733926 0.9999956 0.001138316 0.002748138 0.9999956 -0.001138316 -0.002748138 0.9999956 0.001138316 -0.002748138 0.9999956 -0.001138316 0.002748138 -0.9999796 0.003245037 -0.005493431 -0.9999995 9.7876e-4 2.08388e-5 -0.9999983 0.001826957 -3.74846e-5 -0.9999827 0.001830538 -0.00559778 0.9999956 -0.001093663 0.002749303 0.9999955 0.00116997 -0.002747368 0.9999961 1.36491e-6 -0.002776014 0.9999961 -1.21242e-6 0.00277601 0.9999961 1.00917e-6 -0.002780143 0.9999961 -1.00917e-6 0.002780144 0.9999955 -0.001142866 0.002757011 0.9999955 0.001142867 -0.002757012 0.9999982 -0.00190237 3.90094e-5 0.9999825 -0.001904513 0.005599278 0.9999794 -0.003329463 0.005491657 0.9999994 -0.001104655 -2.34746e-5 0.9999956 0.00113884 -0.002751888 0.9999956 -0.001141898 0.002751816 0.9999956 0.00113884 0.002751888 0.9999956 -0.001139859 -0.002751863 0.9999961 -2.29515e-4 -0.002785909 0.9999932 -0.00249588 0.00273225 0.9999961 -2.49845e-4 0.002786308 0.9999927 -0.00265619 -0.002729094 0.999996 5.61378e-4 0.002765232 0.9999948 -0.001717659 -0.00273851 0.999996 5.41079e-4 -0.002765701 0.9999948 -0.00167842 0.002739417 -0.9999956 -0.001138882 -0.002751887 -0.9999956 0.001141813 0.002751821 -0.9999961 1.68223e-6 0.002778243 -0.9999961 1.56814e-9 -0.002778203 0.9999836 -0.003037976 0.004859097 0.9999995 -8.1587e-4 -6.45905e-4 0.9999985 -0.001641973 -5.88519e-4 0.9999863 -0.001646573 0.004967028 -0.9999956 0.001140764 -0.002751874 -0.9999956 -0.001141009 0.002751868 -0.9999956 0.001138791 0.002751857 -0.9999956 -0.001138873 -0.002751856 0.9999956 -0.001138874 -0.002751856 0.9999956 0.001138874 0.002751855 0.9999956 -0.001140844 0.002751872 0.9999956 0.001140845 -0.002751874 0.9999954 -0.003032623 1.98244e-4 0.9999834 -7.28971e-4 0.005715716 0.9999791 -0.003156833 0.005639044 0.9999996 -8.4879e-4 1.21912e-4 0.02115372 0.9996657 0.01486411 0.07066059 0.2626516 -0.9623 0.04010786 0.6289906 -0.7763776 -0.01916499 0.999706 0.01485202 0.0211976 0.9996602 0.0151721 0.01912661 0.9997023 0.0151474 0.04004457 0.6306669 -0.7750198 0.06143294 0.2304054 0.9711536 0.01788262 -0.9992916 0.03311462 0.07098701 -0.2430331 0.967417 0.04401625 -0.5775241 0.8151862 -0.02240339 -0.9992014 0.03308654 0.004464131 -0.9605243 0.2781601 0.06328861 -0.7477313 0.6609784 0.04154975 -0.5764392 0.816083 -0.02674817 -0.9990296 0.03498995 -0.004855132 0.9758851 0.218231 -0.05877428 0.7685205 0.63712 -0.03645997 0.6750923 0.7368317 0.01640717 0.9983658 -0.05474033 0.05018467 -0.8544372 0.5171253 -0.05727061 -0.2294579 0.9716322 -0.01989848 -0.9997925 -0.004358346 -0.0666591 -0.2636434 -0.9623142 -0.003099864 -0.9665212 -0.2565681 -0.05695182 -0.7563608 -0.6516708 -0.03827288 -0.6098143 -0.7916197 0.02036482 -0.999787 -0.003349358 -0.02247473 -0.9993535 -0.0280606 -0.07189121 -0.2462538 -0.9665354 -0.04097625 -0.5838387 -0.810835 -0.002398051 -0.9298611 0.3679028 -0.02298366 -0.9997192 -0.005761219 0.005014895 -0.9242319 -0.3817986 0.03564237 -0.9794017 -0.1987509 0.02223282 -0.9997362 -0.005762877 -0.0204163 -0.9996603 -0.01619847 -0.05903717 -0.8012459 0.5954155 0.03383742 -0.9782012 -0.2048838 0.01807096 -0.9997053 -0.01620731 0.02280346 -0.9997355 -0.002978106 0.07158642 -0.2547155 0.9643627 0.03963831 -0.6175486 0.7855333 -0.02240142 -0.9997447 -0.002963976 0.004336043 -0.9664587 0.2567853 0.06157116 -0.7553944 0.6523713 0.04012918 -0.6104487 0.7910386 -0.02280459 -0.9997356 0.002943797 0.0561422 -0.8338074 0.5491934 -0.06083831 -0.2277961 0.9718064 -0.03629558 -0.977266 0.208887 -0.02093661 -0.9994812 0.02447294 0.05289163 -0.8403669 0.5394312 0.01807604 -0.9996954 0.01680088 -0.01974074 -0.9997789 0.00724615 -0.0706011 -0.2633831 -0.9621044 -0.005299649 -0.9667377 -0.2557151 -0.0593655 -0.7563886 -0.6514231 -0.03719677 -0.613828 -0.788563 0.02262796 -0.9997438 -5.04145e-4 -0.02240459 -0.9997441 -0.00311401 -0.07153633 -0.2551969 -0.9642391 -0.04010959 -0.6102617 -0.7911839 -0.004827672 -0.9258888 0.3777653 0.999996 5.13736e-4 -0.002769627 0.9999946 -0.001790724 0.002742967 0.9999951 0.001485284 0.002749345 0.9999958 -8.58436e-4 -0.002762429 -0.9999955 -0.001143371 0.002761607 -0.9999955 0.001143911 -0.002761598 -0.9999955 -0.001143371 -0.002761608 -0.9999955 0.001144988 0.002761577 -0.9999959 -7.65307e-4 -0.002764375 -0.999995 0.00156918 0.002747592 -0.9999948 -0.001681113 0.002745257 -0.999996 6.53375e-4 -0.00276671 -0.9999842 0.001545891 -0.005413625 -0.9999997 -7.79718e-4 9.84986e-5 -1 -1.6384e-6 1.13903e-4 -0.9999852 -6.73565e-7 -0.005445378 -0.9999997 6.14017e-4 3.84163e-4 -0.9999812 -0.001706803 0.005882547 -0.9999825 -3.73241e-6 0.005923591 -0.9999999 -7.85958e-7 3.70226e-4 0.9999824 2.84667e-6 -0.005926547 0.9999999 1.6852e-7 -3.67253e-4 0.9999997 -6.18391e-4 -3.79183e-4 0.9999811 0.001748444 -0.005890386 0.9999958 8.35843e-4 -0.002757259 0.9999952 -0.001425103 0.002743075 0.9999953 0.001396684 0.002743761 0.9999958 -9.38789e-4 -0.002754779 -0.9999956 -0.001139094 0.002749962 -0.9999956 0.001139094 -0.002749962 -0.9999956 -0.001139086 -0.002749963 -0.9999956 0.001139085 0.002749959 -0.9999953 -0.001398227 -0.002738091 -0.9999958 8.95943e-4 0.002751395 -0.9999959 -8.15577e-4 0.002753526 -0.9999951 0.001538864 -0.002734365 -0.999999 9.28245e-4 -0.001111933 -0.9999896 -0.001248202 0.004380782 -0.9999903 -2.56704e-6 0.004413247 -0.9999994 6.60569e-7 -0.00113565 -0.9999965 2.95958e-4 0.002641669 -0.9999646 -0.00212217 0.008146256 -0.9999664 -1.0819e-6 0.008193071 -0.9999965 4.77657e-6 0.002636111 0.9999903 2.48552e-6 -0.004415296 0.9999994 -6.0268e-7 0.001137959 0.999999 -8.68019e-4 0.001117888 0.9999893 0.001492837 -0.004379774 0.02001601 0.9997855 -0.005325747 0.07070964 0.2559609 -0.9640976 0.04172347 0.6049608 -0.7951613 -0.02078216 0.9997699 -0.00532384 0.01733185 0.9998035 -0.009616574 0.01865773 0.9997796 -0.009621551 0.04358969 0.6008421 -0.7981784 0.06193333 0.2332046 0.9704534 0.02088584 -0.9997581 -0.006888735 0.07566131 -0.247834 0.9658435 0.04469606 -0.6186224 0.7844161 -0.01988379 -0.9997787 -0.00687122 -0.001279763 0.9680284 0.2508373 -0.06337542 0.7558253 0.6516991 -0.0454195 0.6148162 0.7873615 0.02007984 0.99979 -0.004087184 0.05022758 -0.8583581 0.5105865 -0.06187555 -0.2338363 0.9703051 -0.01731334 -0.9997966 -0.01034809 -0.0703411 -0.2549568 -0.9643906 -0.002168855 -0.9663772 -0.2571194 -0.06002659 -0.7552498 -0.6526826 -0.04183737 -0.606048 -0.794327 0.02070928 -0.9997737 -0.004863867 0.02412526 0.9996681 0.009040973 0.07145876 0.2592805 -0.9631549 0.03841089 0.6229682 -0.7813035 -0.02293899 0.9996958 0.009058779 0.02417212 0.9996626 0.00950462 0.02289809 0.9996927 0.009495647 0.03839199 0.6242441 -0.7802855 0.06066563 0.2295328 0.9714084 0.02553029 -0.9996598 0.005334321 0.07239277 -0.2592776 0.9630859 0.03828298 -0.608681 0.7924909 -0.02706447 -0.9994881 0.01706032 0.05717494 -0.848493 0.526109 -0.06312258 -0.2335984 0.9702821 -0.03690611 -0.9800443 0.1953231 -0.02351623 -0.9997235 7.50966e-5 0.05571392 -0.8490668 0.5253395 -0.06056229 -0.2316969 0.970901 -0.02356768 -0.9997222 1.2318e-4 -0.07163785 -0.2560636 -0.9640018 -0.006883121 -0.9666596 -0.2559722 -0.06593458 -0.7548366 -0.6525905 -0.04002247 -0.614539 -0.7878706 0.02586297 -0.9996655 8.29157e-5 0.999996 -4.38921e-4 -0.002789334 0.9999925 -0.002755196 0.002721506 0.9999958 -7.53904e-4 0.002796021 0.9999915 -0.003115359 -0.002713856 -0.9999954 -0.001288677 -0.002752651 -0.9999957 0.001013386 0.002758497 -0.9999961 -3.74608e-4 0.00277206 -0.9999941 0.002072133 -0.002736014 -0.9999972 0.001189711 0.002041179 -0.9999709 -0.001074216 0.007552794 -0.9999706 0.001342082 0.007547068 -0.9999974 -9.95575e-4 0.002037204 0.9999994 2.06696e-4 0.001040368 0.9999755 0.002481225 0.006551493 0.9999782 2.98632e-5 0.006604927 0.9999995 3.82944e-5 0.00104394 -0.02125333 -0.9997495 -0.007013046 0.009250588 -0.9251949 -0.3793795 0.03528181 -0.9792304 -0.1996573 0.02025625 -0.9997702 -0.007014387 0.02170605 -0.9996669 -0.0139588 0.0712018 -0.2681135 0.9607525 0.0401134 -0.6273435 0.7777088 -0.01981621 -0.999706 -0.01397187 0.05473865 -0.8326927 0.5510232 -0.06139954 -0.2260672 0.9721747 -0.0345915 -0.9770173 0.2103344 -0.01894545 -0.9994629 0.02673892 -0.00204198 -0.9720824 -0.2346307 -0.06576649 -0.7610876 -0.6453065 -0.04585202 -0.6423889 -0.765006 0.01851379 -0.9994304 0.02821392 0.9999957 0.002933444 -3.02612e-4 0.9999939 -0.002406006 -0.002537843 0.9999962 -0.002739936 6.80878e-5 0.9999942 0.00258528 -0.002196647 0.9999936 0.002399888 0.002637765 0.9999955 -0.002953973 4.83781e-4 0.9999941 -0.002575288 0.00227957 0.9999962 0.002747746 1.13052e-4 0.9999959 0.002663602 -0.001057889 0.9999958 -0.002656628 0.0011605 0.9999959 -0.002660093 -0.001102877 0.9999959 0.002660297 0.001100901 0.9999943 0.002788077 -0.001889532 0.9999967 -0.002544428 3.41659e-4 0.9999939 -0.00259521 -0.002322324 0.9999962 0.002740475 -7.36332e-5 0.9999947 0.003021458 -0.001217167 0.9999962 -0.002459633 -0.001221716 0.9999962 -0.002757291 -2.47191e-4 0.9999937 0.002549107 -0.002462998 0.9999959 0.002860325 1.85531e-4 0.9999949 -0.002473921 -0.002000666 0.9999962 -0.002706487 5.52053e-4 0.9999952 0.002624661 -0.001618784 -0.9999959 -0.002660601 0.001101167 -0.9999959 0.002660442 -0.00110385 -0.9999959 0.002660171 0.001101307 -0.9999959 -0.002660292 -0.001100899 0.9999963 0.002547914 -9.18997e-4 0.9999953 -0.002788083 0.001308 0.9999962 -0.002698656 -4.89971e-4 0.9999949 0.002621057 0.001818957 -0.9999959 -0.00266027 -0.001101978 -0.9999959 0.002660175 0.00110271 -0.9999959 0.002660659 -0.001101807 -0.9999959 -0.002660567 0.001102026 -0.9999955 -0.002630907 0.001440971 -0.9999899 0.002687925 0.003597256 -0.9999959 0.002779083 7.27782e-4 -0.9999928 -0.002543361 0.002817087 -0.9999922 -0.002740774 0.002830634 -0.9999965 0.002575417 6.79125e-4 -0.9999938 0.002575726 0.00239655 -0.9999962 -0.002746615 2.23759e-4 -0.9999959 0.002660441 0.001101972 -0.9999959 -0.002660482 -0.00110199 -0.9999959 -0.002660828 0.001101799 -0.9999959 0.002660937 -0.001101845 -0.9999959 -0.002660188 -0.001102056 -0.9999959 0.00266008 0.001102783 -0.9999959 0.002660672 -0.001101812 -0.9999959 -0.002660566 0.001102026 -0.9999911 -0.00263659 0.003304553 -0.9999813 0.002716004 0.005476523 -0.9999946 0.002837191 0.00162929 -0.9999917 -0.002552516 0.00316842 -0.9999876 -0.002799495 0.004130023 -0.9999946 0.002554395 0.002049984 -0.9999918 0.002559979 0.003146477 -0.999995 -0.002831996 0.001414485 -0.9999959 0.002660437 0.001102229 -0.9999959 -0.002660555 -0.001101508 -0.9999959 -0.002660984 0.001102009 -0.9999959 0.002661099 -0.0011018 0.9999959 0.002659972 0.001102041 0.9999959 -0.002659852 -0.001102761 0.9999959 -0.002660566 0.001101768 0.9999959 0.002660414 -0.001101961 0.9999963 0.002736607 2.32707e-6 0.9999963 -0.002736704 -1.75824e-6 0.9999959 -0.002660357 -0.001100574 0.9999959 0.0026601 0.001105587 0.9999959 0.002661009 -0.001101946 0.9999959 -0.00266107 0.001101971 0.9999959 -0.002660658 -0.001102082 0.9999959 0.00266072 0.001102107 0.9999967 0.002542109 -4.79495e-4 0.9999945 -0.00279632 0.00178825 0.9999963 -0.002724041 -1.04211e-4 0.9999943 0.002604136 0.00212768 -0.9999956 -0.002942013 4.20126e-4 -0.9999935 0.002394506 0.002694799 -0.9999962 0.002740881 -4.99111e-5 -0.9999944 -0.002590088 0.002115076 0.9999959 0.002659723 0.001104469 0.9999959 -0.0026598 -0.001102584 0.9999959 -0.002660173 0.001104311 0.9999959 0.002660609 -0.001096684 0.9999959 0.002661058 -0.001101931 0.9999959 -0.002661093 0.001101945 0.9999959 -0.002660628 -0.001102068 0.9999959 0.002660727 0.001102108 0.9999968 0.002536664 -1.56749e-4 0.9999941 -0.002789422 0.002021098 0.9999962 -0.002745737 2.68836e-4 0.9999939 0.002575095 0.002357078 0.9999959 0.002859488 2.017e-4 0.9999949 -0.002471084 -0.002033682 0.9999962 -0.002708453 5.18159e-4 0.999995 0.002615077 -0.001752387 -0.9999959 -0.002659868 -0.0011029 -0.9999959 0.002659808 0.001102559 -0.9999959 0.002660247 -0.001102738 -0.9999959 -0.002660399 0.001099797 0.9999922 0.002739971 -0.002842161 0.9999964 -0.002579059 -7.2309e-4 0.9999939 -0.002579773 -0.002347815 0.9999962 0.002745141 -2.01715e-4 -0.9999912 -0.002678224 -0.003229342 -0.999996 0.002633057 -0.001070363 -0.9999932 0.002557338 -0.002654992 -0.999996 -0.002767482 -5.00073e-4 0.9999943 0.002700887 -0.002004417 0.9999966 -0.002620734 1.20376e-4 0.9999949 -0.002613451 -0.001827207 0.9999963 0.00271072 3.15183e-4 -0.9999964 -0.002650774 3.11251e-4 -0.9999933 0.002666015 0.002506764 -0.9999963 0.002718719 -1.63691e-4 -0.9999947 -0.002601091 0.001966194 0.9999966 0.002421029 -9.86145e-4 0.999995 -0.002915588 0.001216994 0.9999957 -0.002789086 8.82645e-4 0.9999923 0.002531136 0.003002839 -0.9999934 -0.002598908 0.002541487 -0.9999853 0.002721326 0.004693566 -0.999995 0.002830048 0.001438675 -0.9999908 -0.002498119 0.003475127 0 0 0 0.7070547 -0.7070039 -0.01480694 0 0 0 -0.7080479 0.05024007 0.704375 -0.02053929 0.999578 -0.02053929 -0.4208039 0.06333058 -0.9049383 -0.9999934 -0.002578761 -0.002573146 -0.719259 -0.6946329 0.01231301 0 0 0 -0.7063471 -0.05015935 -0.7060862 0 0 0 0.7070101 0.7070101 0.01653371 -0.02017775 -0.9995928 0.02017775 -0.4211054 -0.06295579 0.9048242 -0.9999934 0.002560652 0.002562481 -0.71908 0.6948226 -0.0120655 0 0 0 0.7070257 -0.7069822 -0.01705046 0 0 0 -0.707581 0.05029557 0.70484 -0.02302967 0.9994695 -0.02302967 -0.420803 0.06333265 -0.9049386 -0.9999934 -0.002574721 -0.002569796 -0.7209057 -0.6928916 0.01400703 0 0 0 -0.7063597 -0.05015959 -0.7060736 0 0 0 0.7069884 0.7069884 0.01829978 -0.02262508 -0.999488 0.02262508 -0.421116 -0.06295411 0.9048194 -0.9999934 0.002560603 0.002562639 -0.7207055 0.6931053 -0.01373124 0 0 0 0.7070578 -0.7069936 -0.01514578 0 0 0 -0.7078096 0.05363659 0.704364 -0.02080652 0.999567 -0.02080602 -0.4188928 0.06773586 -0.9055057 -0.9999934 -0.00256414 -0.00255851 -0.7194362 -0.6944461 0.01249478 0 0 0 -0.7052568 -0.05032725 -0.7071634 0 0 0 0.7070079 0.7070079 0.01672305 -0.02032021 -0.9995857 0.02038387 -0.4190346 -0.06313779 0.9057724 -0.9999924 0.002745084 0.002752969 -0.7176195 0.6963639 -0.00998238 0 0 0 0.7069198 -0.7069431 -0.02226748 0 0 0 -0.7048594 0.05060844 0.7075394 -0.02639084 0.9993033 -0.0263917 -0.4208021 0.06334943 -0.9049378 -0.9999935 -0.00254761 -0.002550501 -0.7231071 -0.690544 0.01628118 0 0 0 -0.7058175 -0.05024641 -0.7066095 0 0 0 0.7069794 0.7069794 0.01897769 -0.02343873 -0.9994495 0.02347847 -0.4200495 -0.06305057 0.9053083 -0.9999929 0.002653206 0.002658885 -0.7204465 0.6933858 -0.01315176 0 0 0 0.7069107 -0.7069957 -0.02084001 0 0 0 -0.7025428 0.05085797 0.7098219 -0.02116524 0.999552 -0.02116399 -0.4207962 0.06336301 -0.9049396 -0.9999936 -0.002520714 -0.002535265 -0.7196736 -0.6941957 0.01273866 0 0 0 -0.7075917 -0.05486829 -0.7044881 0 0 0 0.7070049 0.7070049 0.01697686 -0.0205799 -0.999578 0.02050121 -0.4209111 -0.06914844 0.9044625 -0.9999946 0.002328731 0.00233196 -0.7212797 0.6924815 -0.0149996 0 0 0 -0.7069712 -0.7069712 0.01958317 0 0 0 -0.7070339 -0.7070334 0.01438489 0.9999926 -0.002724384 -0.002724388 0.7483164 0.04319091 -0.6619344 -0.07097982 0.0678479 0.9951676 -0.4392181 0.8981639 0.01972775 0 0 0 0.7070099 0.7070104 0.01653371 0 0 0 0.7052009 0.04728406 -0.7074291 0 0 0 0.7070984 0.0502787 -0.7053254 0 0 0 0.7060517 0.05041606 -0.7063633 -0.02020361 -0.9995929 0.02014667 -0.4229541 -0.06276059 0.9039751 -0.01717676 -0.9997041 0.01722543 -0.4208568 -0.05930217 0.9051866 0.9999927 0.002708455 0.00270965 0.7482487 -0.04333796 0.6620013 0.9999934 -0.002560675 0.002558369 0.7223063 -0.6913989 -0.01552823 0.02527404 0.999361 0.02527404 0.420669 0.06326818 0.9050054 0.01783809 0.9996826 0.01778858 0.4226696 0.0629122 0.9040976 0.02088153 0.9995628 0.02093372 0.4206163 0.05936917 0.905294 -0.9999942 0.002414351 0.002407904 -0.7204721 0.6933423 -0.01401762 0 0 0 -0.7069884 -0.7069884 0.01829939 0 0 0 -0.7069393 -0.7069403 0.02173132 0.9999926 -0.002727686 -0.002727686 0.9999936 -0.002539053 -0.002539053 -0.07305178 0.07305178 0.9946491 -0.4395576 0.8980155 0.01890024 0.0680059 0.0680059 0.9953645 0.7070176 0.7070176 0.01588435 0 0 0 0.7050433 0.05037271 -0.707373 0 0 0 0.7053633 0.04798688 -0.7072198 0 0 0 0.7060644 0.05041529 -0.7063507 -0.01929976 -0.9996285 0.01924527 -0.7071176 -0.05375057 0.70505 -0.02740707 -0.9992502 0.02734774 -0.4225451 -0.06289761 0.9041568 0.9999926 0.002714971 0.002716072 0.7482642 -0.04333702 0.6619838 0.9999934 -0.002560594 0.002558479 0.721106 -0.6926775 -0.01428302 0.0234348 0.9994507 0.0234348 0.4206822 0.063268 0.9049992 0.02832848 0.9991955 0.02838865 0.4206006 0.06024482 0.9052434 0.01801521 0.9996745 0.0180667 0.0199452 0.999601 0.02000237 0.7051686 0.05045153 0.7072425 -0.9999943 0.002380106 0.0023809 -1 -1.36988e-4 -1.37034e-4 -0.06161393 0.7056455 0.7058811 0 0 0 -0.7069871 -0.706971 0.01900669 0.9999925 -0.002732422 -0.002732355 0.7484144 0.04329489 -0.6618168 -0.0682836 0.0679039 0.9953524 -0.4400324 0.8978065 0.01774684 0 0 0 0.7070275 0.7070275 0.01497891 0 0 0 0.7060674 0.05032634 -0.7063541 0 0 0 0.7069756 0.05436452 -0.7051453 -0.01794205 -0.999678 0.01794162 -0.4210591 -0.06305028 0.9048391 0.9999999 -3.84847e-4 -3.61146e-4 0.7494267 -0.04359839 0.6606503 0.9999944 -0.002366643 0.002353131 0.7233782 -0.6902365 -0.01725073 0.02458927 0.9993971 0.02451154 0.4204828 0.06816691 0.9047361 0.01874962 0.9996484 0.01875007 0.4207303 0.06315202 0.904985 -0.9999934 0.002560318 0.002562298 -0.7175899 0.6963862 -0.01053671 0 0 0 -0.7069978 -0.7069978 0.01755631 0.9999926 -0.002712158 -0.002712097 0.7484138 0.04329441 -0.6618175 -0.06837805 0.06790343 0.995346 -0.4379368 0.8987154 0.02284678 0 0 0 0.7069789 0.7069799 0.01897932 0 0 0 0.7060167 0.05032998 -0.7064045 0 0 0 0.7079636 0.05025766 -0.7044584 -0.02346238 -0.9994494 0.02346182 -0.4210812 -0.06305043 0.9048288 0.9999933 -0.002602883 -0.002580206 0.7457494 -0.03875373 0.6650984 0.9999948 -0.002289996 0.002291121 0.7231667 -0.6904535 -0.01743126 0.02251604 0.9994957 0.02239351 0.4243594 0.06270478 0.9033201 0.02450965 0.9993991 0.0245114 0.4206775 0.06315272 0.9050095 -0.9999934 0.002560194 0.002562764 -0.7212656 0.6925111 -0.0142974 0.9999926 -0.002722267 -0.002722208 0.7484538 0.04333881 -0.6617693 -0.06850535 0.06793581 0.995335 -0.4389881 0.8982637 0.0202926 0 0 0 0.7070049 0.7070049 0.01697687 0 0 0 0.7059815 0.05038072 -0.7064361 -0.02054636 -0.9995778 0.02054438 -0.4211023 -0.06308264 0.9048168 0.9999935 -0.002561249 0.002556547 0.7199735 -0.6938767 -0.0131622 0.02178202 0.9995254 0.02178357 0.4206138 0.06321866 0.9050345 -0.9999934 0.002559904 0.002562937 -0.7193562 0.6945322 -0.01231532 -0.07122949 0.06809768 0.9951327 -0.4392181 0.8981639 0.01972775 -0.06848644 0.06804742 0.9953287 -0.4376169 0.8988513 0.0236176 -0.06109837 0.06361566 0.9961024 -0.4403405 0.8976701 0.01699033 0.9999926 -0.002724388 -0.002724388 0.748341 0.04321814 -0.6619047 0.06753204 -0.06788803 0.9954048 0.439218 -0.8981639 0.01972797 -0.9999925 0.002735323 -0.002735321 -0.7483145 -0.0431888 -0.6619366 -0.9999927 0.002708983 -0.002708983 -0.7484345 -0.04332111 -0.6617923 -0.9999926 0.002724388 -0.002724388 -0.7460692 -0.04072364 -0.6646219 -0.06788212 -0.06788212 -0.9953814 -0.4390866 -0.8982209 -0.02005479 0.9999925 -0.002731609 0.002736124 0.7180407 -0.6959201 -0.01061611 0.9999942 -0.002412015 0.002401202 0.7188221 -0.6950827 -0.01244152 0.9999703 0.005448241 0.00545019 0.7472272 -0.04312786 0.6631677 0.06400831 0.06400831 -0.9958945 0.4396477 0.8979868 -0.01815426 0 0 0 0.7063661 -0.05033756 0.7060546 0 0 0 0.7083154 -0.05013491 0.7041135 -0.9999926 -0.002730631 0.002723711 -0.7484909 0.04320373 0.6617362 -0.0706431 0.06810433 0.995174 -0.438292 0.8985638 0.02197976 -0.06845028 0.06804686 0.9953312 -0.4382914 0.8985641 0.02198026 -0.07057235 0.06793858 0.9951904 -0.4364829 0.8993263 0.02636142 0.9999926 -0.002715449 -0.002715449 0.7483406 0.04321764 -0.6619053 0.06748329 -0.06788674 0.9954082 0.438292 -0.8985638 0.02197976 -0.9999927 0.002698198 -0.002698209 -0.7465053 -0.04120139 -0.6641027 -0.9999926 0.002715453 -0.002715448 -0.7484345 -0.04332112 -0.6617924 -0.9999926 0.002715449 -0.002715449 -0.7465911 -0.04129542 -0.6640003 -0.06788268 -0.06788268 -0.9953813 -0.4381447 -0.8986266 -0.02234617 0.9999925 -0.002736521 0.002740536 0.9999687 -0.005592124 0.005590137 0.07448571 -0.415083 0.9067293 0.9999927 -0.002693219 0.00269493 0.7232428 -0.6904061 -0.01610166 0.9999768 0.00481814 0.004820094 0.7474619 -0.04318911 0.6628993 0.0648957 0.0648957 -0.9957796 0.4386738 0.8984091 -0.02064838 0 0 0 0.7063537 -0.05033818 0.706067 0 0 0 0.7049513 -0.04796439 0.7076321 -0.9999926 -0.002715933 0.002714832 -0.7485119 0.0432029 0.6617125 -0.07588854 0.07280629 0.9944547 -0.439121 0.898206 0.01996905 -0.06543222 0.06804303 0.9955344 -0.4379179 0.8987237 0.022884 0.9999926 -0.002723555 -0.00272349 0.7484255 0.04330735 -0.6618034 0.07614271 -0.07348741 0.9943852 0.439121 -0.898206 0.01996905 -0.9999926 0.002735095 -0.002711255 -0.7515124 -0.04670491 -0.6580636 -0.9999926 0.002723555 -0.00272349 -0.7485337 -0.04342657 -0.6616732 -0.06814662 -0.06814662 -0.9953452 -0.439291 -0.8981444 -0.01897273 0.9999934 -0.002561088 0.002559158 0.7179962 -0.6959586 -0.01109186 0.9999714 0.005357088 0.005335828 0.7498915 -0.04605942 0.6599555 0.06832178 0.06832178 -0.9953212 0.4395674 0.898022 -0.01836003 0 0 0 0.7084584 -0.05416804 0.7036707 -0.9999664 -0.005783344 0.00580411 -0.7504634 0.04639383 0.6592816 -0.06708489 0.06812902 0.9954185 -0.4370374 0.8990952 0.02502387 -0.05519465 0.06013712 0.996663 -0.4386838 0.8983954 0.02103142 0.9999926 -0.002712157 -0.002712093 0.7483931 0.04327172 -0.6618423 0.07174991 -0.07070621 0.9949134 0.4379376 -0.898715 0.0228447 -0.9999926 0.00271933 -0.002719273 -0.748267 -0.04313279 -0.661994 -0.9999927 0.002703574 -0.002703513 -0.7500308 -0.04507928 -0.6598648 -0.06803053 -0.06803053 -0.9953611 -0.4379202 -0.8987301 -0.0225871 0.9999934 -0.002561263 0.002558935 0.7217848 -0.6919548 -0.01501148 0.9999988 0.00110639 0.001106995 0.7488712 -0.04353089 0.6612844 0.07081877 0.07081866 -0.9949721 0.4370628 0.8990769 -0.02523397 0 0 0 0.7102159 -0.05002676 0.7022041 -0.9999814 -0.004312895 0.004310326 -0.7495429 0.04480727 0.6604376 -0.06395244 0.0681302 0.9956246 -0.4389887 0.8982634 0.0202926 0.9999926 -0.00272227 -0.002722206 0.7521737 0.04745633 -0.6572538 0.06352582 -0.06798864 0.9956616 0.4389881 -0.8982637 0.0202926 -0.9999926 0.002722267 -0.002722206 -0.753345 -0.04876138 -0.6558152 -0.07457204 -0.07457204 -0.9944235 -0.4383421 -0.8985249 -0.02256584 0.9999961 -0.001974846 -0.001976119 0.7500667 -0.04379096 0.6599109 0.07666331 0.07666331 -0.9941054 0.438688 0.8983731 -0.02187871 -0.9999989 0.001033093 -0.001020563 -0.7501323 0.04357289 0.6598507 0.9999926 0.002724 0.002724974 0.9999926 -0.002723999 -0.002724974 0.9999934 0.002560734 0.002561772 0.9999934 -0.002560667 -0.002561705 0.9999967 0.002538467 -4.18995e-4 0.9999791 -0.00271391 -0.00587099 0.9999962 0.002542723 0.001078141 0.9999865 -0.002832318 -0.004348505 -0.9999694 -0.002512601 0.007411367 -0.9999941 0.002581502 0.002265255 0.01999579 -0.9996013 -0.01993631 -0.104327 -0.9943438 -0.01990891 -0.01925125 0.9996282 -0.01930741 0.9999972 0.002376883 -4.75038e-5 0.9999552 0.007775822 0.005402932 0.999953 -0.007997121 -0.005475585 0.9999972 -0.002381859 -6.97954e-6 0.9999934 -0.002710543 0.002435842 0.9999692 0.00238375 0.007482294 0.9999992 0.001081116 -6.5089e-4 0.9999675 0.006524307 0.004745436 -0.01929292 -0.9998135 -8.32185e-4 0.06947057 -0.07272035 0.9949299 -0.9999958 -0.002790806 -8.18859e-4 0.07152678 -0.07152678 -0.9948708 -0.01930363 0.9998135 -6.56036e-4 -0.0680059 -0.0680059 -0.9953645 -0.9999964 0.002587722 -6.45394e-4 -0.06654671 -0.06398278 0.9957298 -0.9999925 0.002731742 0.00273285 -0.9999925 -0.002731743 -0.002732851 -0.9999926 0.002711398 0.002712885 -0.9999926 -0.002711161 -0.002712649 0.9999934 -0.002561061 0.002559291 0.9999934 0.002560931 -0.002559162 -0.9999967 -0.00257087 5.14258e-5 -0.9999544 -0.007872804 -0.005400962 0.9999927 -0.002708454 -0.002709649 0.9999927 0.002708455 0.00270965 -0.9999926 -0.002715454 0.00271545 -0.9999926 0.002715453 -0.002715448 0.9999993 0.001009093 -6.4864e-4 0.9999683 0.006366165 0.004784879 -0.01918621 0.9998158 -5.06689e-4 0.07301322 0.07301322 -0.9946548 -0.07155011 0.06827601 0.9950975 -0.9999965 0.002637052 6.01015e-5 -0.9999813 -0.002905683 -0.005385984 -0.9999792 0.00271029 0.00585949 -0.999996 -0.00280847 4.36331e-4 -0.9999875 0.002483006 0.004348805 -0.9999952 -0.002922808 -0.001059977 -0.9999634 0.002633678 0.00813608 -0.9999921 -0.002928977 0.002699216 0.9999555 -0.006884206 0.006453411 0.9999985 -0.001420576 0.001012108 0.08598124 0.298646 0.9504829 -0.09180437 -0.03936435 0.9949987 -0.0842246 0.001605366 0.9964455 0.09085974 -0.3800787 0.9204807 0.08572696 0.2970917 0.9509928 -0.09172939 -0.04023535 0.9949708 -0.08422335 3.86614e-5 0.9964469 0.09015648 -0.3822681 0.9196428 0.08539823 0.2949297 0.9516951 -0.09162633 -0.04144226 0.9949307 -0.08422512 -0.00212697 0.9964445 0.08921815 -0.3852703 0.9184808 0.0586778 0.6895735 0.7218347 -0.09147077 -0.0432144 0.9948696 -0.08424445 -0.005302082 0.996431 0.02961556 -0.9110605 0.4112076 0.08427842 0.02981038 0.9959962 0.09192171 0.008322096 0.9957315 -0.09130832 -0.2760558 0.9567946 -0.1009414 -0.01879603 0.9947148 0.08425997 0.0315452 0.9959444 0.0918826 0.01063598 0.995713 -0.09172331 -0.2736342 0.9574503 -0.1007155 -0.01710402 0.9947682 0.08422844 0.0340296 0.9958652 0.09184027 0.01394872 0.9956761 -0.09226557 -0.2701392 0.9583903 -0.1004256 -0.01468856 0.9948361 0.08416907 0.03790373 0.9957303 0.09179796 0.01913128 0.9955939 -0.0878573 -0.4705706 0.8779775 -0.08690338 -0.3935062 0.9152053 -0.002613912 0.1963504 0.9805303 -0.002356534 0.0139422 0.9999 -0.002484823 0.01410886 0.9998974 -0.002613876 0.1965026 0.9804998 0.002312314 0.0921086 0.9957463 0.002416817 -0.0922654 0.9957315 0.002417108 -0.09210316 0.9957465 0.002207639 0.09227151 0.9957314 -0.002613901 0.1963502 0.9805303 -0.002356557 0.01394259 0.9999 -0.00248478 0.01410924 0.9998974 -0.002613887 0.1965024 0.9804998 0.002312325 0.09210961 0.9957462 0.002417194 -0.0922656 0.9957315 0.00241723 -0.09210335 0.9957465 0.002207506 0.09227253 0.9957313 -0.002613522 0.1963509 0.9805302 -0.00235626 0.01394289 0.9999 -0.002484454 0.01410974 0.9998974 -0.002613421 0.1965033 0.9804997 0.00231235 0.09211042 0.9957461 0.002417184 -0.09226583 0.9957315 0.00241722 -0.09210359 0.9957465 0.002207668 0.09227334 0.9957313 -0.002613137 0.1963502 0.9805304 -0.002355989 0.01394318 0.9999 -0.0024841 0.01411002 0.9998974 -0.002613037 0.1965026 0.9804998 0.002312345 0.09211178 0.995746 0.002416958 -0.09226551 0.9957315 0.002417249 -0.09210329 0.9957465 0.002207714 0.0922747 0.9957311 0.9938476 -0.1042865 0.03729978 0.7690309 -0.6179969 0.1633137 -0.04754149 -0.9983091 -0.03344672 0.9999131 -0.009828185 -0.008781924 -0.002167705 -0.981604 0.1909158 -0.002167995 -0.9815547 0.1911693 -0.002176055 -0.9994398 -0.03339567 -0.002176425 -0.9994243 -0.033857 -0.9763811 -0.1954459 0.09209172 -0.9979094 0.01902617 0.06176355 -0.004389833 0.9993968 -0.0344481 -0.9997872 0.01901215 -0.008007072 0.002066808 0.9822025 0.1878137 0.002067091 0.9821532 0.1880716 0.001947036 0.999422 -0.03393987 0.001947368 0.9994065 -0.03439356 -0.9332526 0.3389117 0.1190732 -0.1588104 0.9711433 -0.1779326 -0.9810596 0.1936973 -0.001862098 -0.9999029 -0.01052438 -0.009130603 0.002067466 -0.9819636 0.1890587 0.002067677 -0.9819203 0.1892837 0.001946528 -0.9994423 -0.03333496 0.00194697 -0.9994271 -0.03379021 0.7738002 0.6287485 -0.07686737 0.997848 0.0182972 0.06296481 0.9793316 -0.2022487 -0.002270765 0.9997967 0.01833138 -0.008393612 -0.002294031 0.9827198 0.1850854 -0.002294127 0.9826702 0.1853484 -0.002024791 0.9994871 -0.03195914 -0.002025347 0.9994731 -0.03239361 0.1302738 -0.2189444 -0.9670016 -0.03935137 -0.9835005 0.1765736 -0.1143724 0.1926116 -0.9745869 -0.1168089 0.4500745 -0.8853184 -0.002478962 -0.2262152 -0.9740742 -0.002478397 -0.2248943 -0.97438 -0.002437259 0.01875369 -0.9998212 -0.002436472 0.01730788 -0.9998472 -0.1405894 0.2346018 -0.9618714 0.02905296 0.9925863 0.1180186 0.1224401 -0.1929866 -0.973532 0.10833 -0.4623625 -0.8800486 0.002274777 0.1238752 -0.9922952 0.002274247 0.1224788 -0.9924685 0.002274559 -0.123891 -0.9922932 0.002273832 -0.1224941 -0.9924666 0.9966346 -0.06089612 0.05487458 0.9903487 0.1330404 0.03885558 -0.04698451 -0.9983865 -0.03188771 0.9999229 -0.006564466 -0.01053817 -0.00216134 -0.9832717 0.1821323 -0.002161711 -0.9831978 0.1825308 -0.002174848 -0.9994875 -0.03193764 -0.002175155 -0.9994739 -0.03236123 -0.9864708 -0.1381042 0.08833186 -0.9551471 -0.2959699 0.009787341 -0.005621964 0.9994474 -0.03275997 -0.9998566 0.0138395 -0.009754398 0.002061448 0.9837671 0.1794382 0.002061774 0.9836942 0.1798375 0.001945428 0.9994774 -0.03226576 0.001945724 0.9994639 -0.03268248 -0.9845701 0.1478013 0.0936832 -0.880143 0.4738416 -0.02867869 -0.9806925 0.1955204 -0.003739735 -0.9999142 -0.007143237 -0.01097728 0.002062057 -0.9835697 0.1805169 0.002062439 -0.9835013 0.1808891 0.001945332 -0.9994932 -0.03177426 0.001945683 -0.9994798 -0.03219213 0.9747894 0.2218953 0.02341042 0.9448581 0.3048452 0.1196353 0.9787707 -0.2049153 -0.004203606 0.9998596 0.01327174 -0.01022884 -0.002289224 0.9842411 0.1768168 -0.002289561 0.9841672 0.1772277 -0.002023402 0.9995341 -0.0304549 -0.002023842 0.9995219 -0.03085228 0.1281095 -0.2161237 -0.9679248 -0.03664199 -0.9829263 0.1803143 -0.1139948 0.1956741 -0.974021 -0.1152022 0.4506072 -0.8852579 -0.002479222 -0.2262313 -0.9740705 -0.002478757 -0.2249102 -0.9743763 -0.002437492 0.01875613 -0.9998211 -0.002436648 0.0173102 -0.9998472 -0.1380978 0.2303458 -0.96326 0.0265627 0.9922371 0.1214903 0.1217337 -0.1976039 -0.972694 0.1070184 -0.463497 -0.8796122 0.002275015 0.1238654 -0.9922964 0.002274453 0.122469 -0.9924697 0.002275071 -0.1238802 -0.9922946 0.002274623 -0.1224834 -0.992468 0.9963522 -0.05675353 0.0637287 0.9902999 0.1305311 0.04762117 0.9750478 -0.2212824 -0.01777326 0.9924238 -0.1225775 -0.008346728 -0.002155673 -0.9846964 0.1742651 -0.002156162 -0.9846088 0.1747592 -0.002173915 -0.9995293 -0.03060305 -0.002174195 -0.9995172 -0.03099525 -0.985572 -0.1402464 0.09475656 -0.9531512 -0.3019432 0.01825133 -0.9736599 0.2272475 -0.01857521 -0.9927215 0.120178 -0.00782494 0.00205632 0.9851152 0.1718832 0.002056652 0.9850291 0.172376 0.001943909 0.9995238 -0.03079666 0.001944176 0.9995118 -0.03118274 -0.9833938 0.1508405 0.1009147 -0.8793537 0.4758097 -0.01849586 -0.9833836 0.1814427 -0.005941766 -0.9594563 0.2811179 -0.02040328 0.002057179 -0.9849463 0.1728481 0.002057493 -0.9848638 0.1733176 0.001943724 -0.9995365 -0.03038029 0.001944161 -0.9995247 -0.03076732 0.9751655 0.2189653 0.03326416 0.9443945 0.3042455 0.1247144 0.9831004 -0.182944 -0.006714028 0.9632131 -0.2680071 -0.01981692 -0.002284731 0.9855472 0.1693857 -0.002285 0.9854593 0.169896 -0.002022219 0.9995741 -0.0291126 -0.00202262 0.9995633 -0.02947931 0.1279714 -0.08005952 -0.9885412 0.1222022 -0.3300063 -0.9360355 -0.1145353 0.1723093 -0.9783615 -0.1218754 0.2349188 -0.9643441 -0.00247967 -0.2262422 -0.9740679 -0.002479144 -0.2249209 -0.9743739 -0.002437926 0.01875716 -0.9998211 -0.002437198 0.01731105 -0.9998472 -0.1381218 0.07903104 -0.987257 -0.1128951 0.333421 -0.9359942 0.1227547 -0.1548597 -0.9802805 0.114151 -0.2330273 -0.9657473 0.002274595 0.1238599 -0.9922971 0.002274203 0.1224636 -0.9924704 0.002274437 -0.1238718 -0.9922956 0.002273572 -0.1224751 -0.992469 0.995991 -0.05335385 0.0718001 0.9902408 0.127714 0.05578735 0.9753015 -0.2200824 -0.01872856 0.992487 -0.1219508 -0.009877041 -0.002149985 -0.9859623 0.1669543 -0.002150383 -0.9858669 0.1675169 -0.002172765 -0.9995668 -0.02935241 -0.002173131 -0.999556 -0.02971702 -0.9847837 -0.1417196 0.1005813 -0.9513675 -0.3069368 0.02626335 -0.9740423 0.2255204 -0.01955112 -0.9928328 0.1191501 -0.00928585 0.002051712 0.9863196 0.1648315 0.002052038 0.9862258 0.1653918 0.001942756 0.9995645 -0.02944634 0.001943026 0.9995538 -0.02980538 -0.9823182 0.1532796 0.1075002 -0.8787369 0.4772225 -0.008953325 -0.9831292 0.1827588 -0.007494519 -0.9587415 0.2834668 -0.021479 0.002052118 -0.9861742 0.1656989 0.002052373 -0.9860834 0.1662387 0.001942363 -0.999575 -0.02908617 0.001942687 -0.9995645 -0.02944602 0.9752822 0.2168873 0.04224273 0.9437598 0.3042171 0.129497 0.9827646 -0.1846741 -0.00831445 0.9623356 -0.2710628 -0.02085883 -0.002280311 0.9867138 0.1624519 -0.002280684 0.9866176 0.1630356 -0.002021034 0.9996096 -0.02786741 -0.002021445 0.9996001 -0.02820709 0.1270842 -0.07899111 -0.9887416 0.1225273 -0.328472 -0.9365325 -0.1143151 0.174712 -0.977961 -0.1213885 0.236019 -0.9641369 -0.00247983 -0.2262507 -0.9740659 -0.002479269 -0.2249295 -0.9743719 -0.002438117 0.01875846 -0.9998211 -0.002437375 0.01731228 -0.9998472 -0.1370932 0.07763085 -0.9875115 -0.1133098 0.3314602 -0.9366403 0.1223535 -0.1581546 -0.9798044 0.1138147 -0.234591 -0.9654083 0.002274791 0.1238553 -0.9922977 0.002274342 0.122459 -0.992471 0.002274583 -0.1238657 -0.9922964 0.002273978 -0.122469 -0.9924697 -0.06388759 0.5915345 0.8037445 0.7994606 0.1209651 0.5884133 -0.06335041 0.5907205 0.8043855 0.799465 0.1209638 0.5884075 -0.06264573 0.5895992 0.8052629 0.7994563 0.1209666 0.5884188 0 0 0 0.7994564 0.1209661 0.5884188 -0.9574093 -0.007411901 -0.2886389 -0.6929784 -0.06403735 -0.7181087 -0.9574182 -0.007411732 -0.2886094 -0.6929579 -0.06404004 -0.7181283 -0.9574281 -0.007411558 -0.2885765 -0.6929243 -0.06404378 -0.7181604 -0.9574367 -0.00741143 -0.288548 -0.6928782 -0.06404911 -0.7182044 -0.09241774 0.04630436 0.9946431 0.09138131 0.09138064 -0.9916144 -0.09243697 0.04407985 0.9947424 0.09138151 0.09138084 -0.9916143 -0.09245312 0.04099757 0.9948727 0.09138174 0.09138107 -0.9916143 0.09141177 0.04684979 -0.9947105 0.09138145 0.09138078 -0.9916143 0.07590979 0.3723294 0.9249911 -0.7994819 0.1208543 0.5884072 0.07551272 0.3736975 0.9244718 -0.7994863 0.1208531 0.5884014 0.07497816 0.3756648 0.9237176 -0.7994776 0.1208557 0.5884126 -0.03269167 0.9651676 -0.2595819 -0.7994776 0.1208553 0.5884127 0 0 0 -0.8073192 -0.05725328 -0.587331 0 0 0 -0.8073427 -0.05725093 -0.587299 0 0 0 -0.8073737 -0.05724751 -0.5872566 0 0 0 -0.8074123 -0.05724346 -0.5872041 -0.09155815 0.09155748 -0.9915817 0.0909434 0.2419875 0.966008 -0.09155835 0.09155767 -0.9915817 0.09104566 0.248648 0.9643054 -0.09155857 0.0915579 -0.9915817 0.0911859 0.25819 0.9617812 -0.09155826 0.09155759 -0.9915817 -0.05805072 0.6889244 -0.7225049 0.8640504 -0.0648289 0.4992136 -0.2419619 -0.2203089 -0.9449436 -0.8936276 0.103982 0.4365976 0.2697189 0.1202631 -0.9553996 0.8302521 0.0128712 -0.5572395 -0.2698913 0.1202733 0.9553497 -0.8638435 -0.06488041 -0.4995648 0.2927423 -0.01905655 0.9560015 0.8639897 -0.06483673 0.4993174 -0.2419296 -0.2203261 -0.9449479 -0.8936772 0.1039668 0.4364997 0.2697627 0.1202524 -0.9553886 0.8302982 0.01287142 -0.5571708 -0.269894 0.1202629 0.9553502 -0.8638089 -0.0648822 -0.4996243 0.2927418 -0.01905888 0.9560016 0.8639382 -0.06484485 0.4994056 -0.2419028 -0.2203381 -0.9449519 -0.8937134 0.1039553 0.4364283 0.2697863 0.1202464 -0.9553827 0.8303372 0.01287098 -0.5571126 -0.2699032 0.1202545 0.9553487 -0.8637882 -0.06488235 -0.4996601 0.292749 -0.01905985 0.9559994 0.8639 -0.06485054 0.4994709 -0.2418866 -0.2203472 -0.944954 -0.8937355 0.1039492 0.4363844 0.2697976 0.1202417 -0.9553801 0.8303515 0.01287134 -0.5570913 -0.2699012 0.1202487 0.95535 -0.863768 -0.0648835 -0.4996948 0.2927546 -0.01906108 0.9559976 -0.1877864 0.1923314 0.9631951 0.9999934 -0.003638593 1.10439e-4 -0.1877863 0.1923313 0.9631952 0.9999934 -0.00363993 1.25164e-4 -0.1877868 0.1923321 0.9631949 0.9999934 -0.003641941 1.47252e-4 -0.1877862 0.1923314 0.9631952 0.9999933 -0.003644621 1.76703e-4 -0.9985025 0.01435749 0.05278939 0.09155815 -0.09155748 0.9915817 -0.9985021 0.01435874 0.05279555 0.09155835 -0.09155767 0.9915817 -0.998498 0.0143735 0.05286897 0.09155857 -0.0915579 0.9915817 -0.9985047 0.01434936 0.05274827 0.09155826 -0.09155759 0.9915817 -0.002317646 0.1963494 0.9805312 -0.00231788 0.1965038 0.9805003 0.002102861 -0.09210209 0.9957473 0.002102853 -0.09226659 0.9957321 -0.002317749 0.1963493 0.9805313 -0.00231782 0.1965037 0.9805003 0.002103095 -0.09210229 0.9957473 0.002103241 -0.09226679 0.9957321 -0.002317201 0.19635 0.9805311 -0.002317516 0.1965045 0.9805002 0.002102214 -0.09210252 0.9957473 0.002102824 -0.09226702 0.9957321 -0.002316937 0.1963492 0.9805313 -0.002317093 0.1965038 0.9805003 0.002102728 -0.09210223 0.9957473 0.002103028 -0.0922667 0.9957321 0.08618839 0.2997888 0.9501043 -0.09186271 -0.03871628 0.9950187 -0.08422657 0.00275381 0.9964428 0.09140746 -0.3784525 0.9210963 0.08428813 0.02854038 0.9960326 0.09195735 0.006600012 0.9957411 -0.09097687 -0.2778239 0.9563143 -0.1011226 -0.02003797 0.9946722 -0.002614019 0.1963504 0.9805303 -0.002356611 0.01394219 0.9999 -0.002484889 0.01410885 0.9998974 -0.002613982 0.1965026 0.9804998 0.002312553 0.0921086 0.9957463 0.002417404 -0.09226539 0.9957315 0.002417441 -0.09210316 0.9957465 0.002207852 0.09227151 0.9957314 0.9955726 -0.05045798 0.07930458 0.9901589 0.1247046 0.06351471 0.9754816 -0.2192055 -0.0196132 0.992523 -0.1215305 -0.01132978 -0.002144638 -0.9871024 0.1600756 -0.002145141 -0.9870025 0.1606903 -0.002171721 -0.9996019 -0.02812975 -0.00217207 -0.9995923 -0.02846946 -0.984062 -0.1427734 0.1060085 -0.9497108 -0.3112841 0.03393515 -0.974307 0.2242875 -0.02051632 -0.9929031 0.1184489 -0.01064034 0.002047559 0.9874192 0.1581112 0.002047989 0.9873211 0.1587228 0.001941926 0.9996 -0.02821394 0.001942372 0.9995905 -0.02854829 -0.981307 0.1553186 0.1136342 -0.8782145 0.478267 1.19079e-4 -0.982926 0.1837824 -0.008969082 -0.9581735 0.2853037 -0.02247807 0.002048152 -0.9872881 0.1589274 0.002048684 -0.9871924 0.1595208 0.001941885 -0.9996098 -0.0278656 0.001942167 -0.9996004 -0.0282007 0.9752255 0.2153453 0.05061352 0.9430238 0.3045264 0.1340515 0.9825067 -0.1859672 -0.009837431 0.9616678 -0.2733478 -0.02181855 -0.002275934 0.9877735 0.1558791 -0.00227632 0.9876722 0.1565197 -0.002019786 0.9996416 -0.02669288 -0.002020119 0.9996332 -0.0270078 0.1264025 -0.07819815 -0.988892 0.1227704 -0.3273206 -0.9369038 -0.1141464 0.1765255 -0.977655 -0.1210185 0.236836 -0.963983 -0.002479932 -0.2262501 -0.9740661 -0.002479273 -0.224929 -0.974372 -0.002438173 0.01875801 -0.9998211 -0.002437572 0.01731169 -0.9998472 -0.1363035 0.07660937 -0.9877005 -0.1136221 0.3300336 -0.9371061 0.1220595 -0.1605434 -0.9794525 0.1135525 -0.2357279 -0.9651623 0.002274965 0.1238553 -0.9922977 0.002274102 0.122459 -0.992471 0.002275043 -0.1238657 -0.9922964 0.002274572 -0.122469 -0.9924697 -0.06431599 0.5921586 0.8032507 0.7994666 0.1209635 0.5884055 -0.9574097 -0.007411889 -0.2886376 -0.6929784 -0.06403735 -0.7181087 -0.0923991 0.04797939 0.9945654 0.09138131 0.09138064 -0.9916144 0.07621807 0.371345 0.9253614 -0.7994878 0.1208527 0.5883994 0 0 0 -0.8073192 -0.05725328 -0.587331 -0.09155815 0.09155748 -0.9915817 0.09086324 0.2371339 0.9672184 0.8639 -0.06485054 0.4994709 -0.2418866 -0.2203466 -0.9449541 -0.8937322 0.1039505 0.4363909 0.2697976 0.1202417 -0.9553801 0.8303503 0.01287105 -0.5570931 -0.2699012 0.1202487 0.95535 -0.863768 -0.0648835 -0.4996948 0.292753 -0.01906065 0.9559981 -0.1877891 0.1923313 0.9631946 0.9999934 -0.003638593 1.10439e-4 -0.9984934 0.01438981 0.05295099 0.09155815 -0.09155748 0.9915817 -0.00231775 0.1963494 0.9805312 -0.002317905 0.1965038 0.9805003 0.002102856 -0.09210209 0.9957473 0.002103311 -0.09226659 0.9957321 -0.021185 0.4793048 -0.8773928 0.02667918 0.002457089 -0.999641 0.02998617 0.003676004 -0.9995436 0.0170031 -0.817819 0.5752243 -0.02085868 0.4792571 -0.8774266 0.02667893 0.002447288 -0.9996411 0.02995168 0.003619319 -0.9995448 0.01748794 -0.8176195 0.5754933 -0.0204304 0.4791563 -0.8774918 0.02667885 0.002431569 -0.9996411 0.02990308 0.003557435 -0.9995465 0.01813146 -0.8173136 0.5759077 -0.0198367 0.479075 -0.8775498 0.02667843 0.002406201 -0.9996412 0.02983045 0.003437904 -0.9995491 0.01902896 -0.8169612 0.5763786 -0.0191918 0.4667987 -0.8841553 0.0265764 -0.01007962 -0.999596 0.02981177 -0.008201135 -0.9995219 0.02029941 -0.8210641 0.5704749 0.03002188 0.001184241 0.9995485 0.01927573 0.586354 0.8098256 -0.02629613 9.50594e-4 0.9996537 -0.0222534 -0.5597272 0.8283781 0.0299925 0.001193378 0.9995494 0.01893221 0.5862075 0.8099397 -0.02624515 9.53674e-4 0.9996551 -0.0226037 -0.5598873 0.8282604 0.02995055 0.001202983 0.9995507 0.01847983 0.5860075 0.8100949 -0.02618044 9.78082e-4 0.9996568 -0.02306826 -0.5600903 0.8281103 0.02988669 0.001218356 0.9995526 0.01785158 0.5857368 0.8103047 -0.0260945 9.93499e-4 0.999659 -0.02371869 -0.5603808 0.8278954 0.02968497 -0.008457929 0.9995235 0.01703018 0.5798895 0.8145171 -0.02589085 -0.008731333 0.9996266 -0.02468519 -0.5661455 0.8239356 0.4105642 -0.04524823 -0.9107083 -0.1070078 -0.1399049 -0.9843658 -0.1103368 -0.1234766 -0.9861944 -0.3360609 -0.0528918 -0.940354 -0.9970558 0.001354111 0.07666689 -0.7957316 0.6030019 0.05656826 -0.9972874 0.001522285 -0.07359039 -0.7715986 -0.633074 -0.06207126 0.7287831 -0.035563 -0.6838205 9.74294e-5 -0.02604762 -0.9996607 -0.5294303 -0.06081794 -0.8461706 0.9661834 0.07717394 -0.2460362 0.9972921 0.001205464 0.07353268 0.8175165 -0.5727723 0.059989 0.9975364 0.001236162 -0.07013948 0.7958385 0.6028566 -0.05661355 0.4105312 -0.04525098 -0.9107231 -0.1070187 -0.1399056 -0.9843645 -0.1103083 -0.1234787 -0.9861973 -0.3360549 -0.05289181 -0.9403561 -0.9970568 0.001418688 0.0766535 -0.7958341 0.6028972 0.0562416 -0.9972881 0.001602263 -0.07357853 -0.7714624 -0.6332013 -0.06246532 0.7287977 -0.03556366 -0.6838048 1.16905e-4 -0.02604956 -0.9996606 -0.5294322 -0.06081749 -0.8461695 0.9661786 0.07717284 -0.2460555 0.9972934 0.001212556 0.07351405 0.8173818 -0.572927 0.06034647 0.9975369 0.001234151 -0.07013229 0.7959563 0.6027303 -0.05630084 0.4104653 -0.04525686 -0.9107525 -0.1070864 -0.1399094 -0.9843566 -0.1103245 -0.1234765 -0.9861957 -0.336052 -0.05289122 -0.9403572 -0.9970583 0.001483956 0.07663268 -0.7959774 0.6027477 0.05581367 -0.9972887 0.001686264 -0.0735687 -0.7712747 -0.6333785 -0.06298391 0.7288278 -0.03556295 -0.6837729 1.16893e-4 -0.02604934 -0.9996607 -0.529469 -0.06081792 -0.8461464 0.9661664 0.07716944 -0.2461044 0.9972955 0.001221803 0.07348653 0.8171998 -0.5731369 0.06081587 0.9975377 0.00123144 -0.07012129 0.7961077 0.6025689 -0.05588636 0.4104311 -0.04525896 -0.9107678 -0.1070702 -0.1399082 -0.9843585 -0.1101967 -0.1234868 -0.9862087 -0.3360107 -0.05289422 -0.9403718 -0.9970601 0.001594361 0.07660634 -0.79617 0.602549 0.05520943 -0.9972899 0.001824394 -0.07354906 -0.7710174 -0.6336188 -0.06371344 0.7288641 -0.03556511 -0.683734 1.26617e-4 -0.02605031 -0.9996606 -0.5294443 -0.06081487 -0.8461621 0.9661645 0.07716797 -0.2461124 0.9972981 0.001234369 0.07345105 0.8169527 -0.5734192 0.06147086 0.9975386 0.001227415 -0.07010833 0.7963229 0.6023373 -0.05531368 0.416747 -0.04457981 -0.9079287 -0.09535909 -0.1391839 -0.9856645 -0.0983267 -0.1245462 -0.9873298 -0.3317978 -0.05330705 -0.9418432 -0.9970399 -0.007830681 0.07648606 -0.8002538 0.5971724 0.05458121 -0.9972651 -0.008275202 -0.07344253 -0.7665347 -0.6389465 -0.06458993 0.723324 -0.03500052 -0.6896212 -0.01119717 -0.02522025 -0.9996192 -0.5412995 -0.06148365 -0.8385789 0.9651903 0.07718908 -0.249899 0.9972669 -0.009129996 0.07331715 0.8127651 -0.5792548 0.06226398 0.9974975 -0.01002947 -0.06998643 0.8008332 0.5963773 -0.0547745 0.9947455 -0.06842354 0.07615495 -0.7060379 0.7060722 0.0545207 0.9947538 -0.06837282 0.07609176 -0.7060226 0.7060603 0.054872 0.9947657 -0.06829663 0.07600473 -0.706002 0.7060449 0.0553329 0.9947813 -0.06820202 0.07588588 -0.7059733 0.706023 0.05597533 0.9948045 -0.06805968 0.0757097 -0.70593 0.7059872 0.05696368 -0.5927042 0.8045149 0.03817734 0 0 0 -0.59331 0.8040908 0.03769902 0 0 0 -0.5941116 0.8035281 0.037069 0 0 0 -0.5952141 0.8027516 0.03619606 0 0 0 -0.5968851 0.8015695 0.03484935 0 0 0 0.02433234 -0.01895472 -0.9995242 0.909781 -0.4088426 -0.07173803 0.0265455 0.02609137 0.999307 0.9055764 0.4186623 0.06821569 0.02437645 -0.01906429 -0.9995211 0.9098071 -0.4087389 -0.07199639 0.02652723 0.02602911 0.9993092 0.9056025 0.4185733 0.06841496 0.02443464 -0.01920985 -0.9995168 0.9098431 -0.4085991 -0.07233538 0.02650388 0.02585914 0.9993142 0.9056379 0.418454 0.06867476 0.02451586 -0.01940742 -0.999511 0.9098908 -0.408408 -0.07281187 0.02647073 0.02576735 0.9993174 0.9056859 0.4182904 0.06903786 0.02464101 -0.01982374 -0.9994998 0.9099651 -0.4081082 -0.07356151 0.02642128 0.02548329 0.999326 0.9057598 0.4180381 0.06959446 -0.1013984 0.99478 -0.01145236 -0.01873652 0.6862143 -0.7271581 0.003277796 -0.9999893 0.003277844 -0.01531943 -0.7223313 0.6913775 -0.1007987 0.9948338 -0.0120509 -0.01826484 0.6857444 -0.7276132 0.003773472 -0.9999858 0.003773583 -0.01487012 -0.721909 0.6918282 -0.1000044 0.9949042 -0.01283908 -0.01764009 0.6851181 -0.7282184 0.004431319 -0.9999804 0.004431189 -0.0142775 -0.7213945 0.6923771 -0.09890855 0.994999 -0.0139348 -0.01676683 0.6842465 -0.729058 0.005352073 -0.9999714 0.005351916 -0.01345799 -0.7206196 0.6932 -0.09720982 0.9951412 -0.015627 -0.01540981 0.6828519 -0.7303943 0.006791621 -0.9999539 0.006791422 -0.01219347 -0.7194705 0.694416 0.0242943 0.02575771 0.999373 0.003864371 0.9999851 -0.003864428 0.02433435 0.02561611 0.9993756 0.004441061 0.9999803 -0.004441191 0.02438427 0.02603759 0.9993635 0.005203077 0.9999729 -0.005202924 0.02445699 0.02603612 0.9993618 0.006264711 0.9999608 -0.006264527 0.0245754 0.02547173 0.9993734 0.007913166 0.9999374 -0.007912933 -0.02338124 -0.3405281 0.9399436 -9.06416e-4 0.9830673 0.1832424 0.02997286 -0.006537897 0.9995293 0.01677066 -0.8657375 0.5002172 -0.02313411 -0.3404464 0.9399793 -3.67646e-4 0.9831397 0.1828559 0.02993617 -0.006503927 0.9995307 0.0172747 -0.8658201 0.5000572 -0.02280981 -0.3403462 0.9400235 3.46441e-4 0.983233 0.1823532 0.02988504 -0.006448498 0.9995325 0.01793952 -0.8659257 0.4998509 -0.02236264 -0.3401961 0.9400886 0.001346213 0.9833647 0.1816373 0.02980849 -0.006371193 0.9995353 0.01886322 -0.8660732 0.4995612 -0.0218438 -0.3304184 0.9435818 0.002962392 0.9839482 0.17843 0.02973617 -5.45657e-5 0.9995578 0.02034436 -0.8648694 0.5015846 0.03001687 -5.73473e-5 -0.9995494 -0.02440626 2.24035e-4 -0.9997021 -0.02629261 -5.73092e-5 -0.9996543 0.003964079 0.9999921 -2.77823e-4 0.02998658 -6.62472e-5 -0.9995503 -0.02446145 2.57653e-4 -0.9997007 -0.02624112 -6.61677e-5 -0.9996556 0.004552869 0.9999896 -3.18876e-4 0.02994372 -7.66389e-5 -0.9995516 -0.02453477 3.02651e-4 -0.9996989 -0.02617564 -7.68398e-5 -0.9996574 0.005329008 0.9999857 -3.72572e-4 0.02987844 -9.13915e-5 -0.9995535 -0.02463747 3.65533e-4 -0.9996964 -0.02608871 -9.17203e-5 -0.9996596 0.006407244 0.9999794 -4.4691e-4 0.02967061 0.009960738 -0.9995101 -0.02483509 0.00544701 -0.9996767 -0.02588057 0.009961472 -0.9996154 0.007936098 0.9999582 0.004531281 0.159404 0.06893126 0.984804 -0.5542375 0.0287227 0.8318628 -0.4720671 0.08123047 0.8778122 0.8443429 0.006895738 0.5357588 -0.9970571 -4.12125e-4 -0.07666178 -0.9970596 -2.57498e-4 0.07662974 -0.9972888 -4.79532e-4 0.07358575 2.23954e-4 -0.9999937 0.003535963 0.5676072 0.0201313 0.8230533 -0.1691575 -0.01328236 0.9854995 0.294691 0.003308835 0.9555869 0.8738239 0.07650986 0.4801854 0.9972932 -5.02315e-5 -0.07352714 -6.61863e-5 -0.999994 -0.003466313 0.9975377 1.30849e-5 0.07013205 0.9975357 1.72727e-5 -0.0701614 0.1594024 0.06893138 0.9848042 -0.5542383 0.02872262 0.8318623 -0.4719089 0.08125217 0.8778953 0.8443501 0.006891538 0.5357475 -0.997058 -4.74295e-4 -0.07664908 -0.9970609 -2.96283e-4 0.07661188 -0.9972896 -5.51888e-4 0.0735744 2.57815e-4 -0.9999917 0.004070872 0.5676121 0.02013143 0.82305 -0.1691465 -0.01328302 0.9855014 0.2947012 0.003309339 0.9555837 0.8738216 0.07650794 0.4801898 0.9972945 -5.82071e-5 -0.07350954 -7.63264e-5 -0.9999921 -0.003981198 0.9975381 1.44174e-5 0.07012637 0.9975357 1.96207e-5 -0.07016036 0.1593605 0.06893451 0.9848108 -0.5542403 0.0287212 0.8318611 -0.4722732 0.08119715 0.8777044 0.8443412 0.006892277 0.5357616 -0.9970597 -5.55699e-4 -0.0766273 -0.9970632 -3.47023e-4 0.07658265 -0.9972903 -6.4671e-4 0.07356387 3.02247e-4 -0.9999885 0.004780199 0.5675914 0.02012644 0.8230643 -0.1691369 -0.0132851 0.985503 0.2946947 0.00331049 0.9555857 0.8738162 0.07650557 0.4802002 0.9972966 -6.80555e-5 -0.07348125 -8.93797e-5 -0.9999891 -0.004659756 0.997539 1.67941e-5 0.07011411 0.9975362 2.3064e-5 -0.07015378 0.159397 0.06893089 0.9848051 -0.5542025 0.02872408 0.8318861 -0.4716856 0.08128057 0.8780126 0.8443551 0.006884328 0.5357397 -0.9970617 -6.70998e-4 -0.07659988 -0.9970661 -4.1977e-4 0.07654483 -0.9972917 -7.80812e-4 0.07354319 3.64112e-4 -0.9999833 0.005773226 0.5675859 0.0201247 0.8230682 -0.1691478 -0.01328468 0.9855012 0.2946985 0.003311504 0.9555846 0.8738152 0.07650282 0.4802024 0.9972993 -8.21188e-5 -0.07344469 -1.07941e-4 -0.9999843 -0.005602509 0.99754 1.9674e-5 0.07009967 0.9975366 2.78847e-5 -0.07014753 0.166965 0.06829858 0.9835944 -0.5499968 0.02924005 0.8346548 -0.393496 0.0921836 0.9146929 0.845778 0.006471383 0.5334958 -0.99703 0.009109428 -0.07647374 -0.9970567 0.004450223 0.07653826 -0.9972595 0.008973151 0.07343702 0.004531182 0.9999655 -0.00695798 0.5550423 0.01897932 0.8316056 -0.175859 -0.01276436 0.9843326 0.2857947 0.004035219 0.9582824 0.8724814 0.07646562 0.4826273 0.9972521 0.0107056 -0.07330497 -0.005391651 0.9999634 0.006650105 0.9974896 0.01083594 0.06997875 0.9975198 0.005332422 -0.07018364 0.7076153 -0.7042574 -0.05746395 0.00322356 -0.9999896 -0.003223655 0.7075989 -0.7042368 -0.05791579 0.003702509 -0.9999863 -0.003702509 0.7075771 -0.7042097 -0.05850976 0.004333528 -0.9999812 -0.004333656 0.7075491 -0.704168 -0.05934406 0.005210369 -0.9999729 -0.005210522 0.7075004 -0.7041057 -0.06064987 0.006563203 -0.9999569 -0.00656378 0.9215442 0.3831077 0.06312547 0.001414489 -0.9999932 0.00341495 0.9215591 0.383113 0.06287445 0.001628467 -0.9999909 0.00393155 0.9215775 0.3831236 0.06253916 0.001912323 -0.9999875 0.004616661 0.9216022 0.3831396 0.06207577 0.002309619 -0.9999818 0.005575797 0.921638 0.3831689 0.06136033 0.002930699 -0.9999707 0.007075187 0.6177659 0.7847111 0.0509282 0.02058014 -0.6681732 0.7437211 0.5986891 -0.7996069 -0.04690717 0.02165272 0.7067906 -0.7070914 0.6179481 0.7845335 0.0514519 0.02098619 -0.668222 0.7436659 0.5988792 -0.79944 -0.04732102 0.02206605 0.7067634 -0.7071058 0.6182125 0.7842796 0.05214306 0.02152557 -0.6682278 0.7436452 0.5991353 -0.7992158 -0.04786347 0.02261123 0.7067133 -0.7071387 0.6185625 0.7839386 0.05311059 0.02227946 -0.6682827 0.7435737 0.599483 -0.7989096 -0.04861768 0.02336807 0.7066594 -0.7071678 0.619115 0.7833984 0.05462265 0.02345681 -0.6683516 0.7434756 0.6000161 -0.7984377 -0.04977807 0.02453632 0.7065774 -0.7072103 0.9945551 -0.07754992 -0.06961488 0.02718196 0.3069606 -0.951334 0.9946441 0.07306812 0.07310352 0.02277407 -0.382696 0.9235936 0.9945626 -0.07749853 -0.06956465 0.02694504 0.3069486 -0.9513446 0.9946522 0.0730119 0.07304941 0.02250001 -0.382705 0.9235966 0.9945733 -0.07742441 -0.06949345 0.02662915 0.3069353 -0.9513578 0.9946626 0.07293817 0.07298207 0.02214006 -0.3827286 0.9235955 0.9945876 -0.07732684 -0.06939754 0.02618361 0.3069106 -0.9513781 0.9946776 0.07283389 0.07288201 0.02164274 -0.3827463 0.9235999 0.9946089 -0.07718512 -0.06924993 0.02548224 0.3068464 -0.9514179 0.9947016 0.07266119 0.07272628 0.02087895 -0.3828068 0.9235925 0.003615705 0.9999934 4.47971e-4 0.02630114 4.47844e-4 -0.999654 0.004162101 0.9999912 5.15806e-4 0.02625066 5.15716e-4 -0.9996553 -0.004886393 -0.9999879 -6.04865e-4 0.02618618 6.04494e-4 -0.9996569 -0.005899716 -0.9999823 -7.30023e-4 0.02610055 7.29538e-4 -0.9996591 0.007481635 0.9999716 9.23005e-4 0.02597679 9.22818e-4 -0.9996621</float_array>
          <technique_common>
            <accessor source="#geom-Iona_Shelving_Unit-map1-texbinormals-array" count="2556" stride="3">
              <param name="X" type="float"/>
              <param name="Y" type="float"/>
              <param name="Z" type="float"/>
            </accessor>
          </technique_common>
        </source>
        <vertices id="geom-Iona_Shelving_Unit-vertices">
          <input semantic="POSITION" source="#geom-Iona_Shelving_Unit-positions"/>
        </vertices>
        <triangles material="GREY" count="1152">
          <input semantic="VERTEX" source="#geom-Iona_Shelving_Unit-vertices" offset="0"/>
          <input semantic="NORMAL" source="#geom-Iona_Shelving_Unit-normals" offset="1"/>
          <input semantic="TEXCOORD" source="#geom-Iona_Shelving_Unit-map1" offset="2" set="0"/>
          <input semantic="TEXTANGENT" source="#geom-Iona_Shelving_Unit-map1-textangents" offset="3" set="1"/>
          <input semantic="TEXBINORMAL" source="#geom-Iona_Shelving_Unit-map1-texbinormals" offset="3" set="1"/>
          <p>3 2 3 0 29 1 21 1 23 0 15 2 23 0 15 2 2 3 2 3 3 2 3 0 7 6 7 4 31 5 23 5 0 4 1 6 0 4 1 6 6 7 6 7 7 6 7 4 3 2 3 0 2 3 2 3 17 8 9 8 17 8 9 8 52 9 52 9 3 2 3 0 38 12 32 10 44 11 41 11 42 10 38 12 42 10 38 12 40 13 35 13 38 12 32 10 36 16 29 14 46 15 44 15 50 14 50 16 50 14 50 16 48 17 47 17 36 16 29 14 50 14 50 16 46 15 44 15 55 18 55 18 55 18 55 18 18 19 10 19 50 14 50 16 39 22 33 20 22 21 14 21 4 20 4 22 4 20 4 22 12 23 40 23 39 22 33 20 45 26 42 24 28 25 20 25 26 24 18 26 26 24 18 26 11 27 37 27 45 26 42 24 41 30 36 28 25 29 17 29 1 28 0 30 1 28 0 30 9 31 31 31 41 30 36 28 37 34 30 32 21 33 13 33 5 32 5 34 5 32 5 34 13 35 43 35 37 34 30 32 51 38 51 36 35 37 27 37 32 36 24 38 32 36 24 38 14 39 46 39 51 38 51 36 49 42 48 40 33 41 25 41 20 40 12 42 20 40 12 42 8 43 28 43 49 42 48 40 16 46 8 44 34 45 26 45 15 44 49 46 15 44 49 46 54 47 54 47 16 46 8 44 53 50 53 48 24 49 16 49 10 48 34 50 10 48 34 50 19 51 11 51 53 50 53 48 7 6 7 4 52 9 2533 52 17 8 2530 53 17 8 2530 53 31 5 23 5 7 6 7 4 42 10 38 12 18 19 2531 54 55 18 2536 55 55 18 2536 55 40 13 35 13 42 10 38 12 27 52 19 56 16 46 2529 57 54 47 2535 58 54 47 2535 58 43 53 39 59 27 52 19 56 30 54 22 60 53 50 2534 61 19 51 2532 62 19 51 2532 62 47 55 45 63 30 54 22 60 0 4 372 64 21 33 13 33 20 40 12 42 1 28 0 30 23 0 362 65 22 21 14 21 2 3 2 3 25 29 364 66 24 49 363 67 3 2 3 0 27 52 19 56 26 24 18 26 4 20 4 22 29 1 366 68 28 25 365 69 5 32 361 70 31 5 23 5 30 54 367 71 6 7 373 72 33 41 25 41 32 36 375 73 7 6 7 4 35 37 27 37 34 45 26 45 8 43 28 43 37 34 30 32 36 16 376 74 9 31 31 31 39 22 33 20 38 12 368 75 10 48 34 50 41 30 36 28 40 13 35 13 11 27 37 27 43 53 39 59 42 10 38 12 12 23 40 23 45 26 370 76 44 11 369 77 13 35 43 35 47 55 45 63 46 15 44 15 14 39 377 78 49 42 48 40 48 17 378 79 15 44 49 46 51 38 51 36 50 14 50 16 23 0 362 65 29 1 366 68 4 20 4 22 4 20 4 22 22 21 14 21 23 0 362 65 29 1 21 1 3 2 3 0 26 24 18 26 26 24 18 26 28 25 20 25 29 1 21 1 2 3 2 3 23 0 15 2 1 28 360 80 1 28 360 80 25 29 364 66 2 3 2 3 0 4 1 6 31 5 23 5 5 32 361 70 5 32 361 70 21 33 374 81 0 4 1 6 7 6 7 4 6 7 6 7 32 36 24 38 32 36 24 38 35 37 27 37 7 6 7 4 6 7 373 72 0 4 372 64 20 40 12 42 20 40 12 42 33 41 25 41 6 7 373 72 3 2 3 0 52 9 52 9 16 46 2529 57 16 46 2529 57 27 52 19 56 3 2 3 0 31 5 23 5 17 8 2530 53 53 50 371 82 53 50 371 82 30 54 367 71 31 5 23 5 42 10 38 12 44 11 41 11 45 26 42 24 45 26 42 24 11 27 37 27 42 10 38 12 44 11 369 77 38 12 368 75 39 22 33 20 39 22 33 20 12 23 40 23 44 11 369 77 38 12 32 10 40 13 35 13 41 30 36 28 41 30 36 28 9 31 31 31 38 12 32 10 46 15 44 15 36 16 29 14 37 34 30 32 37 34 30 32 13 35 43 35 46 15 44 15 36 16 376 74 48 17 378 79 49 42 48 40 49 42 48 40 8 43 28 43 36 16 376 74 48 17 47 17 50 14 50 16 51 38 51 36 51 38 51 36 14 39 46 39 48 17 47 17 50 14 50 16 18 19 10 19 54 47 54 47 54 47 54 47 15 44 49 46 50 14 50 16 40 13 35 13 55 18 2536 55 19 51 11 51 19 51 11 51 10 48 34 50 40 13 35 13 22 21 14 21 39 22 33 20 9 31 31 31 9 31 31 31 1 28 0 30 22 21 14 21 12 23 40 23 4 20 4 22 28 25 365 69 28 25 365 69 45 26 370 76 12 23 40 23 11 27 37 27 26 24 18 26 27 52 19 56 27 52 19 56 43 53 39 59 11 27 37 27 25 29 17 29 41 30 36 28 10 48 34 50 10 48 34 50 24 49 16 49 25 29 17 29 21 33 13 33 37 34 30 32 8 43 28 43 8 43 28 43 20 40 12 42 21 33 13 33 13 35 43 35 5 32 5 34 30 54 22 60 30 54 22 60 47 55 45 63 13 35 43 35 35 37 27 37 51 38 51 36 15 44 49 46 15 44 49 46 34 45 26 45 35 37 27 37 14 39 377 78 32 36 375 73 33 41 25 41 33 41 25 41 49 42 48 40 14 39 377 78 52 9 2533 52 7 6 7 4 34 45 26 45 34 45 26 45 16 46 8 44 52 9 2533 52 17 8 9 8 2 3 2 3 24 49 363 67 24 49 363 67 53 50 2546 83 17 8 9 8 18 19 2531 54 42 10 38 12 43 53 39 59 43 53 39 59 54 47 2535 58 18 19 2531 54 55 18 55 18 46 15 44 15 47 55 45 63 47 55 45 63 19 51 2532 62 55 18 55 18 279 278 279 304 278 277 278 305 303 276 295 306 303 276 295 306 309 279 301 307 279 278 279 304 283 282 283 308 282 281 282 309 276 280 277 310 276 280 277 310 311 283 303 311 283 282 283 308 293 286 285 312 334 285 334 313 295 284 287 314 295 284 287 314 332 287 332 315 293 286 285 312 318 290 312 316 320 289 315 317 322 288 318 318 322 288 318 318 324 291 321 319 318 290 312 316 316 294 309 320 328 293 327 321 330 292 330 322 330 292 330 322 326 295 324 323 316 294 309 320 336 298 336 324 297 297 289 325 338 296 338 326 338 296 338 326 299 299 291 327 336 298 336 324 319 302 313 328 288 301 320 329 280 300 280 330 280 300 280 330 302 303 294 331 319 302 313 328 325 306 322 332 287 305 317 333 306 304 298 334 306 304 298 334 308 307 300 335 325 306 322 332 321 310 316 336 285 309 311 337 277 308 276 338 277 308 276 338 305 311 297 339 321 310 316 336 317 314 310 340 289 313 323 341 281 312 281 342 281 312 281 342 301 315 293 343 317 314 310 340 331 318 331 344 290 317 326 345 312 316 304 346 312 316 304 346 315 319 307 347 331 318 331 344 329 322 328 348 284 321 308 349 300 320 292 350 300 320 292 350 313 323 305 351 329 322 328 348 292 326 284 352 337 325 337 353 296 324 288 354 296 324 288 354 333 327 333 355 292 326 284 352 294 330 286 356 339 329 339 357 298 328 290 358 298 328 290 358 335 331 335 359 294 330 286 356 283 282 283 308 311 283 303 311 334 285 2542 360 334 285 2542 360 293 286 2537 361 283 282 283 308 295 284 287 314 278 277 278 305 279 278 279 304 279 278 279 304 332 287 332 315 295 284 287 314 322 288 318 318 320 289 315 317 338 296 338 326 338 296 338 326 297 297 289 325 322 288 318 318 299 299 2540 362 326 295 324 323 330 292 330 322 330 292 330 322 336 298 2543 363 299 299 2540 362 307 333 299 364 323 332 319 365 337 325 337 353 337 325 337 353 292 326 284 352 307 333 299 364 291 335 329 366 314 334 306 367 333 327 2541 368 333 327 2541 368 296 324 2539 369 291 335 329 366 310 337 302 370 327 336 325 371 339 329 2544 372 339 329 2544 372 294 330 2538 373 310 337 302 370 286 339 314 374 304 338 296 375 335 331 335 359 335 331 335 359 298 328 290 358 286 339 314 374 276 280 277 310 300 320 292 350 301 315 341 376 277 308 340 377 302 303 294 331 303 276 295 306 278 277 278 305 304 338 356 378 305 311 357 379 279 278 279 304 306 304 298 334 307 333 299 364 280 300 280 330 308 307 342 380 309 279 301 307 281 312 353 381 310 337 358 382 311 283 303 311 282 281 282 309 312 316 343 383 313 323 305 351 283 282 283 308 314 334 306 367 315 319 307 347 284 321 308 349 316 294 344 384 317 314 345 385 285 309 346 386 318 290 347 387 319 302 313 328 286 339 314 374 320 289 315 317 321 310 316 336 287 305 317 333 322 288 318 318 323 332 319 365 288 301 320 329 324 291 348 388 325 306 349 389 289 313 323 341 326 295 324 323 327 336 325 371 290 317 350 390 328 293 351 391 329 322 328 348 291 335 329 366 330 292 330 322 331 318 331 344 303 276 295 306 302 303 294 331 280 300 280 330 280 300 280 330 309 279 301 307 303 276 295 306 309 279 301 307 308 307 300 335 306 304 298 334 306 304 298 334 279 278 279 304 309 279 301 307 278 277 278 305 305 311 357 379 277 308 352 392 277 308 352 392 303 276 295 306 278 277 278 305 276 280 277 310 301 315 355 393 281 312 353 381 281 312 353 381 311 283 303 311 276 280 277 310 283 282 283 308 315 319 307 347 312 316 304 346 312 316 304 346 282 281 282 309 283 282 283 308 282 281 282 309 313 323 305 351 300 320 292 350 300 320 292 350 276 280 277 310 282 281 282 309 279 278 279 304 307 333 299 364 292 326 284 352 292 326 284 352 332 287 332 315 279 278 279 304 311 283 303 311 310 337 358 382 294 330 354 394 294 330 354 394 334 285 2542 360 311 283 303 311 322 288 318 318 287 305 317 333 325 306 322 332 325 306 322 332 324 291 321 319 322 288 318 318 324 291 348 388 288 301 320 329 319 302 313 328 319 302 313 328 318 290 347 387 324 291 348 388 318 290 312 316 285 309 311 337 321 310 316 336 321 310 316 336 320 289 315 317 318 290 312 316 326 295 324 323 289 313 323 341 317 314 310 340 317 314 310 340 316 294 309 320 326 295 324 323 316 294 344 384 284 321 308 349 329 322 328 348 329 322 328 348 328 293 351 391 316 294 344 384 328 293 327 321 290 317 326 345 331 318 331 344 331 318 331 344 330 292 330 322 328 293 327 321 330 292 330 322 291 335 329 366 296 324 2539 369 296 324 2539 369 336 298 2543 363 330 292 330 322 320 289 315 317 286 339 314 374 298 328 290 358 298 328 290 358 338 296 338 326 320 289 315 317 302 303 294 331 277 308 340 377 285 309 346 386 285 309 346 386 319 302 313 328 302 303 294 331 288 301 320 329 325 306 349 389 308 307 342 380 308 307 342 380 280 300 280 330 288 301 320 329 287 305 317 333 323 332 319 365 307 333 299 364 307 333 299 364 306 304 298 334 287 305 317 333 305 311 297 339 304 338 296 375 286 339 314 374 286 339 314 374 321 310 316 336 305 311 297 339 301 315 341 376 300 320 292 350 284 321 308 349 284 321 308 349 317 314 345 385 301 315 341 376 289 313 323 341 327 336 325 371 310 337 302 370 310 337 302 370 281 312 281 342 289 313 323 341 315 319 307 347 314 334 306 367 291 335 329 366 291 335 329 366 331 318 331 344 315 319 307 347 290 317 350 390 329 322 328 348 313 323 305 351 313 323 305 351 312 316 343 383 290 317 350 390 332 287 332 315 292 326 284 352 333 327 333 355 333 327 333 355 293 286 285 312 332 287 332 315 293 286 2537 361 333 327 2541 368 314 334 306 367 314 334 306 367 283 282 283 308 293 286 2537 361 334 285 334 313 294 330 2545 395 335 331 359 396 335 331 359 396 295 284 287 314 334 285 334 313 295 284 287 314 335 331 359 396 304 338 356 378 304 338 356 378 278 277 278 305 295 284 287 314 336 298 336 324 296 324 288 354 337 325 337 353 337 325 337 353 297 297 289 325 336 298 336 324 297 297 289 325 337 325 337 353 323 332 319 365 323 332 319 365 322 288 318 318 297 297 289 325 338 296 338 326 298 328 290 358 339 329 339 357 339 329 339 357 299 299 291 327 338 296 338 326 299 299 2540 362 339 329 2544 372 327 336 325 371 327 336 325 371 326 295 324 323 299 299 2540 362 1159 1084 1691 1716 1096 1085 1692 1717 1084 1086 1689 1718 1084 1086 1689 1718 1157 1087 1690 1719 1159 1084 1691 1716 1163 1088 1695 1720 1097 1089 1696 1721 1085 1090 1693 1722 1085 1090 1693 1722 1161 1091 1694 1723 1163 1088 1695 1720 1167 1092 1699 1724 1098 1093 1700 1725 1086 1094 1697 1726 1086 1094 1697 1726 1165 1095 1698 1727 1167 1092 1699 1724 1171 1096 1703 1728 1099 1097 1704 1729 1087 1098 1701 1730 1087 1098 1701 1730 1169 1099 1702 1731 1171 1096 1703 1728 1180 1100 1707 1732 1204 1101 1708 1733 1190 1102 1705 1734 1190 1102 1705 1734 1188 1103 1706 1735 1180 1100 1707 1732 1182 1104 1711 1736 1206 1105 1712 1737 1194 1106 1709 1738 1194 1106 1709 1738 1192 1107 1710 1739 1182 1104 1711 1736 1184 1108 1715 1740 1208 1109 1716 1741 1198 1110 1713 1742 1198 1110 1713 1742 1196 1111 1714 1743 1184 1108 1715 1740 1186 1112 1719 1744 1210 1113 1720 1745 1202 1114 1717 1746 1202 1114 1717 1746 1200 1115 1718 1747 1186 1112 1719 1744 1181 1116 1886 1748 1104 1117 1888 1749 1088 1118 1881 1750 1088 1118 1881 1750 1149 1119 1885 1751 1181 1116 1886 1748 1191 1120 1893 1752 1112 1121 1894 1753 1172 1122 1889 1754 1172 1122 1889 1754 1158 1123 1890 1755 1191 1120 1893 1752 1183 1124 1903 1756 1106 1125 1904 1757 1090 1126 1896 1758 1090 1126 1896 1758 1151 1127 1897 1759 1183 1124 1903 1756 1195 1128 1907 1760 1113 1129 1908 1761 1174 1130 1905 1762 1174 1130 1905 1762 1162 1131 1906 1763 1195 1128 1907 1760 1185 1132 1913 1764 1108 1133 1914 1765 1092 1134 1910 1766 1092 1134 1910 1766 1153 1135 1911 1767 1185 1132 1913 1764 1199 1136 1917 1768 1114 1137 1918 1769 1176 1138 1915 1770 1176 1138 1915 1770 1166 1139 1916 1771 1199 1136 1917 1768 1187 1140 1921 1772 1110 1141 1922 1773 1094 1142 1919 1774 1094 1142 1919 1774 1155 1143 1920 1775 1187 1140 1921 1772 1203 1144 1925 1776 1115 1145 1926 1777 1178 1146 1923 1778 1178 1146 1923 1778 1170 1147 1924 1779 1203 1144 1925 1776 1095 1148 1723 1780 1168 1149 1724 1781 1117 1150 1721 1782 1117 1150 1721 1782 1116 1151 1722 1783 1095 1148 1723 1780 1168 1149 1929 1784 1201 1152 1930 1785 1118 1153 1927 1786 1118 1153 1927 1786 1117 1150 1928 1787 1168 1149 1929 1784 1201 1152 1727 1788 1111 1154 1728 1789 1119 1155 1725 1790 1119 1155 1725 1790 1118 1153 1726 1791 1201 1152 1727 1788 1111 1154 1933 1792 1095 1148 1934 1793 1116 1151 1931 1794 1116 1151 1931 1794 1119 1155 1932 1795 1111 1154 1933 1792 1154 1156 1731 1796 1179 1157 1732 1797 1121 1158 1729 1798 1121 1158 1729 1798 1120 1159 1730 1799 1154 1156 1731 1796 1179 1157 1937 1800 1211 1160 1938 1801 1122 1161 1935 1802 1122 1161 1935 1802 1121 1158 1936 1803 1179 1157 1937 1800 1211 1160 1735 1804 1103 1162 1736 1805 1123 1163 1733 1806 1123 1163 1733 1806 1122 1161 1734 1807 1211 1160 1735 1804 1103 1162 1941 1808 1154 1156 1942 1809 1120 1159 1939 1810 1120 1159 1939 1810 1123 1163 1940 1811 1103 1162 1941 1808 1212 1164 1739 1812 1215 1165 1740 1813 1220 1166 1737 1814 1220 1166 1737 1814 1223 1167 1738 1815 1212 1164 1739 1812 1214 1168 1945 1816 1217 1169 1946 1817 1226 1170 1943 1818 1226 1170 1943 1818 1221 1171 1944 1819 1214 1168 1945 1816 1216 1172 1743 1820 1219 1173 1744 1821 1224 1174 1741 1822 1224 1174 1741 1822 1227 1175 1742 1823 1216 1172 1743 1820 1218 1176 1949 1824 1213 1177 1950 1825 1222 1178 1947 1826 1222 1178 1947 1826 1225 1179 1948 1827 1218 1176 1949 1824 1093 1180 1747 1828 1164 1181 1748 1829 1125 1182 1745 1830 1125 1182 1745 1830 1124 1183 1746 1831 1093 1180 1747 1828 1164 1181 1953 1832 1197 1184 1954 1833 1126 1185 1951 1834 1126 1185 1951 1834 1125 1182 1952 1835 1164 1181 1953 1832 1197 1184 1751 1836 1109 1186 1752 1837 1127 1187 1749 1838 1127 1187 1749 1838 1126 1185 1750 1839 1197 1184 1751 1836 1109 1186 1957 1840 1093 1180 1958 1841 1124 1183 1955 1842 1124 1183 1955 1842 1127 1187 1956 1843 1109 1186 1957 1840 1152 1188 1755 1844 1177 1189 1756 1845 1129 1190 1753 1846 1129 1190 1753 1846 1128 1191 1754 1847 1152 1188 1755 1844 1177 1189 1961 1848 1209 1192 1962 1849 1130 1193 1959 1850 1130 1193 1959 1850 1129 1190 1960 1851 1177 1189 1961 1848 1209 1192 1759 1852 1102 1194 1760 1853 1131 1195 1757 1854 1131 1195 1757 1854 1130 1193 1758 1855 1209 1192 1759 1852 1102 1194 1965 1856 1152 1188 1966 1857 1128 1191 1963 1858 1128 1191 1963 1858 1131 1195 1964 1859 1102 1194 1965 1856 1228 1196 1763 1860 1231 1197 1764 1861 1236 1198 1761 1862 1236 1198 1761 1862 1239 1199 1762 1863 1228 1196 1763 1860 1230 1200 1969 1864 1233 1201 1970 1865 1242 1202 1967 1866 1242 1202 1967 1866 1237 1203 1968 1867 1230 1200 1969 1864 1232 1204 1767 1868 1235 1205 1768 1869 1240 1206 1765 1870 1240 1206 1765 1870 1243 1207 1766 1871 1232 1204 1767 1868 1234 1208 1973 1872 1229 1209 1974 1873 1238 1210 1971 1874 1238 1210 1971 1874 1241 1211 1972 1875 1234 1208 1973 1872 1091 1212 1771 1876 1160 1213 1772 1877 1133 1214 1769 1878 1133 1214 1769 1878 1132 1215 1770 1879 1091 1212 1771 1876 1160 1213 1977 1880 1193 1216 1978 1881 1134 1217 1975 1882 1134 1217 1975 1882 1133 1214 1976 1883 1160 1213 1977 1880 1193 1216 1775 1884 1107 1218 1776 1885 1135 1219 1773 1886 1135 1219 1773 1886 1134 1217 1774 1887 1193 1216 1775 1884 1107 1218 1981 1888 1091 1212 1982 1889 1132 1215 1979 1890 1132 1215 1979 1890 1135 1219 1980 1891 1107 1218 1981 1888 1150 1220 1779 1892 1175 1221 1780 1893 1137 1222 1777 1894 1137 1222 1777 1894 1136 1223 1778 1895 1150 1220 1779 1892 1175 1221 1985 1896 1207 1224 1986 1897 1138 1225 1983 1898 1138 1225 1983 1898 1137 1222 1984 1899 1175 1221 1985 1896 1207 1224 1783 1900 1101 1226 1784 1901 1139 1227 1781 1902 1139 1227 1781 1902 1138 1225 1782 1903 1207 1224 1783 1900 1101 1226 1989 1904 1150 1220 1990 1905 1136 1223 1987 1906 1136 1223 1987 1906 1139 1227 1988 1907 1101 1226 1989 1904 1244 1228 1787 1908 1247 1229 1788 1909 1252 1230 1785 1910 1252 1230 1785 1910 1255 1231 1786 1911 1244 1228 1787 1908 1246 1232 1993 1912 1249 1233 1994 1913 1258 1234 1991 1914 1258 1234 1991 1914 1253 1235 1992 1915 1246 1232 1993 1912 1248 1236 1791 1916 1251 1237 1792 1917 1256 1238 1789 1918 1256 1238 1789 1918 1259 1239 1790 1919 1248 1236 1791 1916 1250 1240 1997 1920 1245 1241 1998 1921 1254 1242 1995 1922 1254 1242 1995 1922 1257 1243 1996 1923 1250 1240 1997 1920 1089 1244 1795 1924 1156 1245 1796 1925 1141 1246 1793 1926 1141 1246 1793 1926 1140 1247 1794 1927 1089 1244 1795 1924 1156 1245 2001 1928 1189 1248 2002 1929 1142 1249 1999 1930 1142 1249 1999 1930 1141 1246 2000 1931 1156 1245 2001 1928 1189 1248 1799 1932 1105 1250 1800 1933 1143 1251 1797 1934 1143 1251 1797 1934 1142 1249 1798 1935 1189 1248 1799 1932 1105 1250 2005 1936 1089 1244 2006 1937 1140 1247 2003 1938 1140 1247 2003 1938 1143 1251 2004 1939 1105 1250 2005 1936 1148 1252 1803 1940 1173 1253 1804 1941 1145 1254 1801 1942 1145 1254 1801 1942 1144 1255 1802 1943 1148 1252 1803 1940 1173 1253 2009 1944 1205 1256 2010 1945 1146 1257 2007 1946 1146 1257 2007 1946 1145 1254 2008 1947 1173 1253 2009 1944 1205 1256 1807 1948 1100 1258 1808 1949 1147 1259 1805 1950 1147 1259 1805 1950 1146 1257 1806 1951 1205 1256 1807 1948 1100 1258 2013 1952 1148 1252 2014 1953 1144 1255 2011 1954 1144 1255 2011 1954 1147 1259 2012 1955 1100 1258 2013 1952 1260 1260 1811 1956 1263 1261 1812 1957 1268 1262 1809 1958 1268 1262 1809 1958 1271 1263 1810 1959 1260 1260 1811 1956 1262 1264 2017 1960 1265 1265 2018 1961 1274 1266 2015 1962 1274 1266 2015 1962 1269 1267 2016 1963 1262 1264 2017 1960 1264 1268 1815 1964 1267 1269 1816 1965 1272 1270 1813 1966 1272 1270 1813 1966 1275 1271 1814 1967 1264 1268 1815 1964 1266 1272 2021 1968 1261 1273 2022 1969 1270 1274 2019 1970 1270 1274 2019 1970 1273 1275 2020 1971 1266 1272 2021 1968 1084 1086 2057 1972 1148 1252 1803 1940 1149 1119 1817 1973 1085 1090 2059 1974 1150 1220 1779 1892 1151 1127 1818 1975 1086 1094 2061 1976 1152 1188 1755 1844 1153 1135 1819 1977 1087 1098 2071 1978 1154 1156 1731 1796 1155 1143 1820 1979 1088 1118 1821 1980 1156 1245 1796 1925 1157 1087 1690 1719 1089 1244 1795 1924 1158 1123 1822 1981 1159 1084 1691 1716 1090 1126 1823 1982 1160 1213 1772 1877 1161 1091 1694 1723 1091 1212 1771 1876 1162 1131 1824 1983 1163 1088 1695 1720 1092 1134 1825 1984 1164 1181 1748 1829 1165 1095 1698 1727 1093 1180 1747 1828 1166 1139 1826 1985 1167 1092 1699 1724 1094 1142 1827 1986 1168 1149 1724 1781 1169 1099 1702 1731 1095 1148 1723 1780 1170 1147 1828 1987 1171 1096 1703 1728 1096 1085 2058 1988 1172 1122 1829 1989 1173 1253 1804 1941 1097 1089 2060 1990 1174 1130 1830 1991 1175 1221 1780 1893 1098 1093 2062 1992 1176 1138 1831 1993 1177 1189 1756 1845 1099 1097 2072 1994 1178 1146 1832 1995 1179 1157 1732 1797 1100 1258 1808 1949 1180 1100 2073 1996 1181 1116 1833 1997 1101 1226 1784 1901 1182 1104 2079 1998 1183 1124 1834 1999 1102 1194 1760 1853 1184 1108 2081 2000 1185 1132 1835 2001 1103 1162 1736 1805 1186 1112 2087 2002 1187 1140 1836 2003 1104 1117 1837 2004 1188 1103 1706 1735 1189 1248 1799 1932 1105 1250 1800 1933 1190 1102 1705 1734 1191 1120 1838 2005 1106 1125 1839 2006 1192 1107 1710 1739 1193 1216 1775 1884 1107 1218 1776 1885 1194 1106 1709 1738 1195 1128 1840 2007 1108 1133 1841 2008 1196 1111 1714 1743 1197 1184 1751 1836 1109 1186 1752 1837 1198 1110 1713 1742 1199 1136 1842 2009 1110 1141 1843 2010 1200 1115 1718 1747 1201 1152 1727 1788 1111 1154 1728 1789 1202 1114 1717 1746 1203 1144 1844 2011 1112 1121 1845 2012 1204 1101 2074 2013 1205 1256 1807 1948 1113 1129 1846 2014 1206 1105 2080 2015 1207 1224 1783 1900 1114 1137 1847 2016 1208 1109 2082 2017 1209 1192 1759 1852 1115 1145 1848 2018 1210 1113 2088 2019 1211 1160 1735 1804 1116 1151 1722 1783 1212 1164 1739 1812 1213 1177 1849 2020 1117 1150 1721 1782 1214 1168 1850 2021 1215 1165 1740 1813 1118 1153 1726 1791 1216 1172 1743 1820 1217 1169 1851 2022 1119 1155 1725 1790 1218 1176 1852 2023 1219 1173 1744 1821 1120 1159 1730 1799 1220 1166 1737 1814 1221 1171 1853 2024 1121 1158 1729 1798 1222 1178 1854 2025 1223 1167 1738 1815 1122 1161 1734 1807 1224 1174 1741 1822 1225 1179 1855 2026 1123 1163 1733 1806 1226 1170 1856 2027 1227 1175 1742 1823 1124 1183 1746 1831 1228 1196 1763 1860 1229 1209 1857 2028 1125 1182 1745 1830 1230 1200 1858 2029 1231 1197 1764 1861 1126 1185 1750 1839 1232 1204 1767 1868 1233 1201 1859 2030 1127 1187 1749 1838 1234 1208 1860 2031 1235 1205 1768 1869 1128 1191 1754 1847 1236 1198 1761 1862 1237 1203 1861 2032 1129 1190 1753 1846 1238 1210 1862 2033 1239 1199 1762 1863 1130 1193 1758 1855 1240 1206 1765 1870 1241 1211 1863 2034 1131 1195 1757 1854 1242 1202 1864 2035 1243 1207 1766 1871 1132 1215 1770 1879 1244 1228 1787 1908 1245 1241 1865 2036 1133 1214 1769 1878 1246 1232 1866 2037 1247 1229 1788 1909 1134 1217 1774 1887 1248 1236 1791 1916 1249 1233 1867 2038 1135 1219 1773 1886 1250 1240 1868 2039 1251 1237 1792 1917 1136 1223 1778 1895 1252 1230 1785 1910 1253 1235 1869 2040 1137 1222 1777 1894 1254 1242 1870 2041 1255 1231 1786 1911 1138 1225 1782 1903 1256 1238 1789 1918 1257 1243 1871 2042 1139 1227 1781 1902 1258 1234 1872 2043 1259 1239 1790 1919 1140 1247 1794 1927 1260 1260 1811 1956 1261 1273 1873 2044 1141 1246 1793 1926 1262 1264 1874 2045 1263 1261 1812 1957 1142 1249 1798 1935 1264 1268 1815 1964 1265 1265 1875 2046 1143 1251 1797 1934 1266 1272 1876 2047 1267 1269 1816 1965 1144 1255 1802 1943 1268 1262 1809 1958 1269 1267 1877 2048 1145 1254 1801 1942 1270 1274 1878 2049 1271 1263 1810 1959 1146 1257 1806 1951 1272 1270 1813 1966 1273 1275 1879 2050 1147 1259 1805 1950 1274 1266 1880 2051 1275 1271 1814 1967 1084 1086 1689 1718 1149 1119 2089 2052 1088 1118 1821 1980 1088 1118 1821 1980 1157 1087 1690 1719 1084 1086 1689 1718 1089 1244 1795 1924 1159 1084 1691 1716 1157 1087 1690 1719 1157 1087 1690 1719 1156 1245 1796 1925 1089 1244 1795 1924 1159 1084 1691 1716 1158 1123 1822 1981 1172 1122 2097 2053 1172 1122 2097 2053 1096 1085 1692 1717 1159 1084 1691 1716 1148 1252 1803 1940 1084 1086 2057 1972 1096 1085 2058 1988 1096 1085 2058 1988 1173 1253 1804 1941 1148 1252 1803 1940 1085 1090 1693 1722 1151 1127 2090 2054 1090 1126 1823 1982 1090 1126 1823 1982 1161 1091 1694 1723 1085 1090 1693 1722 1091 1212 1771 1876 1163 1088 1695 1720 1161 1091 1694 1723 1161 1091 1694 1723 1160 1213 1772 1877 1091 1212 1771 1876 1163 1088 1695 1720 1162 1131 1824 1983 1174 1130 2098 2055 1174 1130 2098 2055 1097 1089 1696 1721 1163 1088 1695 1720 1150 1220 1779 1892 1085 1090 2059 1974 1097 1089 2060 1990 1097 1089 2060 1990 1175 1221 1780 1893 1150 1220 1779 1892 1086 1094 1697 1726 1153 1135 2095 2056 1092 1134 1825 1984 1092 1134 1825 1984 1165 1095 1698 1727 1086 1094 1697 1726 1093 1180 1747 1828 1167 1092 1699 1724 1165 1095 1698 1727 1165 1095 1698 1727 1164 1181 1748 1829 1093 1180 1747 1828 1167 1092 1699 1724 1166 1139 1826 1985 1176 1138 2103 2057 1176 1138 2103 2057 1098 1093 1700 1725 1167 1092 1699 1724 1152 1188 1755 1844 1086 1094 2061 1976 1098 1093 2062 1992 1098 1093 2062 1992 1177 1189 1756 1845 1152 1188 1755 1844 1087 1098 1701 1730 1155 1143 2096 2058 1094 1142 1827 1986 1094 1142 1827 1986 1169 1099 1702 1731 1087 1098 1701 1730 1095 1148 1723 1780 1171 1096 1703 1728 1169 1099 1702 1731 1169 1099 1702 1731 1168 1149 1724 1781 1095 1148 1723 1780 1171 1096 1703 1728 1170 1147 1828 1987 1178 1146 2104 2059 1178 1146 2104 2059 1099 1097 1704 1729 1171 1096 1703 1728 1154 1156 1731 1796 1087 1098 2071 1978 1099 1097 2072 1994 1099 1097 2072 1994 1179 1157 1732 1797 1154 1156 1731 1796 1189 1248 1799 1932 1188 1103 1706 1735 1190 1102 1705 1734 1190 1102 1705 1734 1105 1250 1800 1933 1189 1248 1799 1932 1188 1103 1706 1735 1104 1117 1837 2004 1181 1116 2105 2060 1181 1116 2105 2060 1180 1100 1707 1732 1188 1103 1706 1735 1205 1256 1807 1948 1204 1101 2074 2013 1180 1100 2073 1996 1180 1100 2073 1996 1100 1258 1808 1949 1205 1256 1807 1948 1204 1101 1708 1733 1112 1121 2113 2061 1191 1120 1838 2005 1191 1120 1838 2005 1190 1102 1705 1734 1204 1101 1708 1733 1193 1216 1775 1884 1192 1107 1710 1739 1194 1106 1709 1738 1194 1106 1709 1738 1107 1218 1776 1885 1193 1216 1775 1884 1192 1107 1710 1739 1106 1125 1839 2006 1183 1124 2106 2062 1183 1124 2106 2062 1182 1104 1711 1736 1192 1107 1710 1739 1207 1224 1783 1900 1206 1105 2080 2015 1182 1104 2079 1998 1182 1104 2079 1998 1101 1226 1784 1901 1207 1224 1783 1900 1206 1105 1712 1737 1113 1129 2114 2063 1195 1128 1840 2007 1195 1128 1840 2007 1194 1106 1709 1738 1206 1105 1712 1737 1197 1184 1751 1836 1196 1111 1714 1743 1198 1110 1713 1742 1198 1110 1713 1742 1109 1186 1752 1837 1197 1184 1751 1836 1196 1111 1714 1743 1108 1133 1841 2008 1185 1132 2111 2064 1185 1132 2111 2064 1184 1108 1715 1740 1196 1111 1714 1743 1209 1192 1759 1852 1208 1109 2082 2017 1184 1108 2081 2000 1184 1108 2081 2000 1102 1194 1760 1853 1209 1192 1759 1852 1208 1109 1716 1741 1114 1137 2119 2065 1199 1136 1842 2009 1199 1136 1842 2009 1198 1110 1713 1742 1208 1109 1716 1741 1201 1152 1727 1788 1200 1115 1718 1747 1202 1114 1717 1746 1202 1114 1717 1746 1111 1154 1728 1789 1201 1152 1727 1788 1200 1115 1718 1747 1110 1141 1843 2010 1187 1140 2112 2066 1187 1140 2112 2066 1186 1112 1719 1744 1200 1115 1718 1747 1211 1160 1735 1804 1210 1113 2088 2019 1186 1112 2087 2002 1186 1112 2087 2002 1103 1162 1736 1805 1211 1160 1735 1804 1210 1113 1720 1745 1115 1145 2120 2067 1203 1144 1844 2011 1203 1144 1844 2011 1202 1114 1717 1746 1210 1113 1720 1745 1100 1258 2013 1952 1181 1116 2123 2068 1149 1119 2122 2069 1149 1119 2122 2069 1148 1252 2014 1953 1100 1258 2013 1952 1156 1245 2001 1928 1088 1118 1881 1750 1104 1117 1888 1749 1104 1117 1888 1749 1189 1248 2002 1929 1156 1245 2001 1928 1105 1250 2005 1936 1191 1120 1893 1752 1158 1123 1890 1755 1158 1123 1890 1755 1089 1244 2006 1937 1105 1250 2005 1936 1173 1253 2009 1944 1172 1122 2125 2070 1112 1121 2126 2071 1112 1121 2126 2071 1205 1256 2010 1945 1173 1253 2009 1944 1101 1226 1989 1904 1183 1124 2130 2072 1151 1127 2128 2073 1151 1127 2128 2073 1150 1220 1990 1905 1101 1226 1989 1904 1160 1213 1977 1880 1090 1126 1896 1758 1106 1125 1904 1757 1106 1125 1904 1757 1193 1216 1978 1881 1160 1213 1977 1880 1107 1218 1981 1888 1195 1128 1907 1760 1162 1131 1906 1763 1162 1131 1906 1763 1091 1212 1982 1889 1107 1218 1981 1888 1175 1221 1985 1896 1174 1130 2131 2074 1113 1129 2132 2075 1113 1129 2132 2075 1207 1224 1986 1897 1175 1221 1985 1896 1102 1194 1965 1856 1185 1132 2134 2076 1153 1135 2133 2077 1153 1135 2133 2077 1152 1188 1966 1857 1102 1194 1965 1856 1164 1181 1953 1832 1092 1134 1910 1766 1108 1133 1914 1765 1108 1133 1914 1765 1197 1184 1954 1833 1164 1181 1953 1832 1109 1186 1957 1840 1199 1136 1917 1768 1166 1139 1916 1771 1166 1139 1916 1771 1093 1180 1958 1841 1109 1186 1957 1840 1177 1189 1961 1848 1176 1138 2135 2078 1114 1137 2136 2079 1114 1137 2136 2079 1209 1192 1962 1849 1177 1189 1961 1848 1103 1162 1941 1808 1187 1140 2138 2080 1155 1143 2137 2081 1155 1143 2137 2081 1154 1156 1942 1809 1103 1162 1941 1808 1168 1149 1929 1784 1094 1142 1919 1774 1110 1141 1922 1773 1110 1141 1922 1773 1201 1152 1930 1785 1168 1149 1929 1784 1111 1154 1933 1792 1203 1144 1925 1776 1170 1147 1924 1779 1170 1147 1924 1779 1095 1148 1934 1793 1111 1154 1933 1792 1179 1157 1937 1800 1178 1146 2139 2082 1115 1145 2140 2083 1115 1145 2140 2083 1211 1160 1938 1801 1179 1157 1937 1800 1117 1150 1721 1782 1215 1165 1740 1813 1212 1164 1739 1812 1212 1164 1739 1812 1116 1151 1722 1783 1117 1150 1721 1782 1118 1153 1927 1786 1217 1169 1946 1817 1214 1168 1945 1816 1214 1168 1945 1816 1117 1150 1928 1787 1118 1153 1927 1786 1119 1155 1725 1790 1219 1173 1744 1821 1216 1172 1743 1820 1216 1172 1743 1820 1118 1153 1726 1791 1119 1155 1725 1790 1116 1151 1931 1794 1213 1177 1950 1825 1218 1176 1949 1824 1218 1176 1949 1824 1119 1155 1932 1795 1116 1151 1931 1794 1121 1158 1729 1798 1223 1167 1738 1815 1220 1166 1737 1814 1220 1166 1737 1814 1120 1159 1730 1799 1121 1158 1729 1798 1122 1161 1935 1802 1225 1179 1948 1827 1222 1178 1947 1826 1222 1178 1947 1826 1121 1158 1936 1803 1122 1161 1935 1802 1123 1163 1733 1806 1227 1175 1742 1823 1224 1174 1741 1822 1224 1174 1741 1822 1122 1161 1734 1807 1123 1163 1733 1806 1120 1159 1939 1810 1221 1171 1944 1819 1226 1170 1943 1818 1226 1170 1943 1818 1123 1163 1940 1811 1120 1159 1939 1810 1213 1177 1849 2020 1212 1164 1739 1812 1223 1167 1738 1815 1223 1167 1738 1815 1222 1178 1854 2025 1213 1177 1849 2020 1215 1165 1740 1813 1214 1168 1850 2021 1221 1171 1853 2024 1221 1171 1853 2024 1220 1166 1737 1814 1215 1165 1740 1813 1217 1169 1851 2022 1216 1172 1743 1820 1227 1175 1742 1823 1227 1175 1742 1823 1226 1170 1856 2027 1217 1169 1851 2022 1219 1173 1744 1821 1218 1176 1852 2023 1225 1179 1855 2026 1225 1179 1855 2026 1224 1174 1741 1822 1219 1173 1744 1821 1125 1182 1745 1830 1231 1197 1764 1861 1228 1196 1763 1860 1228 1196 1763 1860 1124 1183 1746 1831 1125 1182 1745 1830 1126 1185 1951 1834 1233 1201 1970 1865 1230 1200 1969 1864 1230 1200 1969 1864 1125 1182 1952 1835 1126 1185 1951 1834 1127 1187 1749 1838 1235 1205 1768 1869 1232 1204 1767 1868 1232 1204 1767 1868 1126 1185 1750 1839 1127 1187 1749 1838 1124 1183 1955 1842 1229 1209 1974 1873 1234 1208 1973 1872 1234 1208 1973 1872 1127 1187 1956 1843 1124 1183 1955 1842 1129 1190 1753 1846 1239 1199 1762 1863 1236 1198 1761 1862 1236 1198 1761 1862 1128 1191 1754 1847 1129 1190 1753 1846 1130 1193 1959 1850 1241 1211 1972 1875 1238 1210 1971 1874 1238 1210 1971 1874 1129 1190 1960 1851 1130 1193 1959 1850 1131 1195 1757 1854 1243 1207 1766 1871 1240 1206 1765 1870 1240 1206 1765 1870 1130 1193 1758 1855 1131 1195 1757 1854 1128 1191 1963 1858 1237 1203 1968 1867 1242 1202 1967 1866 1242 1202 1967 1866 1131 1195 1964 1859 1128 1191 1963 1858 1229 1209 1857 2028 1228 1196 1763 1860 1239 1199 1762 1863 1239 1199 1762 1863 1238 1210 1862 2033 1229 1209 1857 2028 1231 1197 1764 1861 1230 1200 1858 2029 1237 1203 1861 2032 1237 1203 1861 2032 1236 1198 1761 1862 1231 1197 1764 1861 1233 1201 1859 2030 1232 1204 1767 1868 1243 1207 1766 1871 1243 1207 1766 1871 1242 1202 1864 2035 1233 1201 1859 2030 1235 1205 1768 1869 1234 1208 1860 2031 1241 1211 1863 2034 1241 1211 1863 2034 1240 1206 1765 1870 1235 1205 1768 1869 1133 1214 1769 1878 1247 1229 1788 1909 1244 1228 1787 1908 1244 1228 1787 1908 1132 1215 1770 1879 1133 1214 1769 1878 1134 1217 1975 1882 1249 1233 1994 1913 1246 1232 1993 1912 1246 1232 1993 1912 1133 1214 1976 1883 1134 1217 1975 1882 1135 1219 1773 1886 1251 1237 1792 1917 1248 1236 1791 1916 1248 1236 1791 1916 1134 1217 1774 1887 1135 1219 1773 1886 1132 1215 1979 1890 1245 1241 1998 1921 1250 1240 1997 1920 1250 1240 1997 1920 1135 1219 1980 1891 1132 1215 1979 1890 1137 1222 1777 1894 1255 1231 1786 1911 1252 1230 1785 1910 1252 1230 1785 1910 1136 1223 1778 1895 1137 1222 1777 1894 1138 1225 1983 1898 1257 1243 1996 1923 1254 1242 1995 1922 1254 1242 1995 1922 1137 1222 1984 1899 1138 1225 1983 1898 1139 1227 1781 1902 1259 1239 1790 1919 1256 1238 1789 1918 1256 1238 1789 1918 1138 1225 1782 1903 1139 1227 1781 1902 1136 1223 1987 1906 1253 1235 1992 1915 1258 1234 1991 1914 1258 1234 1991 1914 1139 1227 1988 1907 1136 1223 1987 1906 1245 1241 1865 2036 1244 1228 1787 1908 1255 1231 1786 1911 1255 1231 1786 1911 1254 1242 1870 2041 1245 1241 1865 2036 1247 1229 1788 1909 1246 1232 1866 2037 1253 1235 1869 2040 1253 1235 1869 2040 1252 1230 1785 1910 1247 1229 1788 1909 1249 1233 1867 2038 1248 1236 1791 1916 1259 1239 1790 1919 1259 1239 1790 1919 1258 1234 1872 2043 1249 1233 1867 2038 1251 1237 1792 1917 1250 1240 1868 2039 1257 1243 1871 2042 1257 1243 1871 2042 1256 1238 1789 1918 1251 1237 1792 1917 1141 1246 1793 1926 1263 1261 1812 1957 1260 1260 1811 1956 1260 1260 1811 1956 1140 1247 1794 1927 1141 1246 1793 1926 1142 1249 1999 1930 1265 1265 2018 1961 1262 1264 2017 1960 1262 1264 2017 1960 1141 1246 2000 1931 1142 1249 1999 1930 1143 1251 1797 1934 1267 1269 1816 1965 1264 1268 1815 1964 1264 1268 1815 1964 1142 1249 1798 1935 1143 1251 1797 1934 1140 1247 2003 1938 1261 1273 2022 1969 1266 1272 2021 1968 1266 1272 2021 1968 1143 1251 2004 1939 1140 1247 2003 1938 1145 1254 1801 1942 1271 1263 1810 1959 1268 1262 1809 1958 1268 1262 1809 1958 1144 1255 1802 1943 1145 1254 1801 1942 1146 1257 2007 1946 1273 1275 2020 1971 1270 1274 2019 1970 1270 1274 2019 1970 1145 1254 2008 1947 1146 1257 2007 1946 1147 1259 1805 1950 1275 1271 1814 1967 1272 1270 1813 1966 1272 1270 1813 1966 1146 1257 1806 1951 1147 1259 1805 1950 1144 1255 2011 1954 1269 1267 2016 1963 1274 1266 2015 1962 1274 1266 2015 1962 1147 1259 2012 1955 1144 1255 2011 1954 1261 1273 1873 2044 1260 1260 1811 1956 1271 1263 1810 1959 1271 1263 1810 1959 1270 1274 1878 2049 1261 1273 1873 2044 1263 1261 1812 1957 1262 1264 1874 2045 1269 1267 1877 2048 1269 1267 1877 2048 1268 1262 1809 1958 1263 1261 1812 1957 1265 1265 1875 2046 1264 1268 1815 1964 1275 1271 1814 1967 1275 1271 1814 1967 1274 1266 1880 2051 1265 1265 1875 2046 1267 1269 1816 1965 1266 1272 1876 2047 1273 1275 1879 2050 1273 1275 1879 2050 1272 1270 1813 1966 1267 1269 1816 1965 1278 1276 1884 2084 1279 1277 1887 2085 1276 1278 1882 2086 1276 1278 1882 2086 1277 1279 1883 2087 1278 1276 1884 2084 1282 1280 1895 2088 1283 1281 1898 2089 1280 1282 1891 2090 1280 1282 1891 2090 1281 1283 1892 2091 1282 1280 1895 2088 1286 1284 2065 2092 1287 1285 2066 2093 1284 1286 2063 2094 1284 1286 2063 2094 1285 1287 2064 2095 1286 1284 2065 2092 1290 1288 2069 2096 1291 1289 2070 2097 1288 1290 2067 2098 1288 1290 2067 2098 1289 1291 2068 2099 1290 1288 2069 2096 1294 1292 1901 2100 1295 1293 1902 2101 1292 1294 1899 2102 1292 1294 1899 2102 1293 1295 1900 2103 1294 1292 1901 2100 1295 1293 2077 2104 1297 1296 2078 2105 1296 1297 2075 2106 1296 1297 2075 2106 1292 1294 2076 2107 1295 1293 2077 2104 1297 1296 2023 2108 1299 1298 2024 2109 1298 1299 1909 2110 1298 1299 1909 2110 1296 1297 1912 2111 1297 1296 2023 2108 1299 1298 2085 2112 1294 1292 2086 2113 1293 1295 2083 2114 1293 1295 2083 2114 1298 1299 2084 2115 1299 1298 2085 2112 1302 1300 2027 2116 1303 1301 2028 2117 1300 1302 2025 2118 1300 1302 2025 2118 1301 1303 2026 2119 1302 1300 2027 2116 1303 1301 2093 2120 1305 1304 2094 2121 1304 1305 2091 2122 1304 1305 2091 2122 1300 1302 2092 2123 1303 1301 2093 2120 1305 1304 2031 2124 1307 1306 2032 2125 1306 1307 2029 2126 1306 1307 2029 2126 1304 1305 2030 2127 1305 1304 2031 2124 1307 1306 2101 2128 1302 1300 2102 2129 1301 1303 2099 2130 1301 1303 2099 2130 1306 1307 2100 2131 1307 1306 2101 2128 1310 1308 2035 2132 1311 1309 2036 2133 1308 1310 2033 2134 1308 1310 2033 2134 1309 1311 2034 2135 1310 1308 2035 2132 1314 1312 2109 2136 1315 1313 2110 2137 1312 1314 2107 2138 1312 1314 2107 2138 1313 1315 2108 2139 1314 1312 2109 2136 1318 1316 2039 2140 1319 1317 2040 2141 1316 1318 2037 2142 1316 1318 2037 2142 1317 1319 2038 2143 1318 1316 2039 2140 1322 1320 2117 2144 1323 1321 2118 2145 1320 1322 2115 2146 1320 1322 2115 2146 1321 1323 2116 2147 1322 1320 2117 2144 1276 1278 2121 2148 1302 1300 2027 2116 1285 1287 2041 2149 1284 1286 2042 2150 1295 1293 1902 2101 1277 1279 1883 2087 1294 1292 1901 2100 1289 1291 2043 2151 1278 1276 1884 2084 1279 1277 2124 2152 1288 1290 2044 2153 1303 1301 2028 2117 1307 1306 2032 2125 1282 1280 2127 2154 1286 1284 2045 2155 1287 1285 2046 2156 1281 1283 1892 2091 1297 1296 2023 2108 1299 1298 2024 2109 1280 1282 1891 2090 1290 1288 2047 2157 1291 1289 2048 2158 1283 1281 2129 2159 1305 1304 2031 2124 1293 1295 1900 2103 1310 1308 2035 2132 1323 1321 2049 2160 1292 1294 1899 2102 1314 1312 2050 2161 1311 1309 2036 2133 1296 1297 1912 2111 1318 1316 2039 2140 1315 1313 2051 2162 1298 1299 1909 2110 1322 1320 2052 2163 1319 1317 2040 2141 1301 1303 2026 2119 1308 1310 2033 2134 1313 1315 2053 2164 1300 1302 2025 2118 1320 1322 2054 2165 1309 1311 2034 2135 1304 1305 2030 2127 1316 1318 2037 2142 1321 1323 2055 2166 1306 1307 2029 2126 1312 1314 2056 2167 1317 1319 2038 2143 1276 1278 1882 2086 1285 1287 2141 2168 1284 1286 2042 2150 1284 1286 2042 2150 1277 1279 1883 2087 1276 1278 1882 2086 1294 1292 1901 2100 1278 1276 1884 2084 1277 1279 1883 2087 1277 1279 1883 2087 1295 1293 1902 2101 1294 1292 1901 2100 1278 1276 1884 2084 1289 1291 2043 2151 1288 1290 2142 2169 1288 1290 2142 2169 1279 1277 1887 2085 1278 1276 1884 2084 1302 1300 2027 2116 1276 1278 2121 2148 1279 1277 2124 2152 1279 1277 2124 2152 1303 1301 2028 2117 1302 1300 2027 2116 1297 1296 2023 2108 1281 1283 1892 2091 1280 1282 1891 2090 1280 1282 1891 2090 1299 1298 2024 2109 1297 1296 2023 2108 1281 1283 1892 2091 1287 1285 2046 2156 1286 1284 2143 2170 1286 1284 2143 2170 1282 1280 1895 2088 1281 1283 1892 2091 1305 1304 2031 2124 1283 1281 2129 2159 1282 1280 2127 2154 1282 1280 2127 2154 1307 1306 2032 2125 1305 1304 2031 2124 1283 1281 1898 2089 1291 1289 2144 2171 1290 1288 2047 2157 1290 1288 2047 2157 1280 1282 1891 2090 1283 1281 1898 2089 1307 1306 2101 2128 1286 1284 2146 2172 1285 1287 2145 2173 1285 1287 2145 2173 1302 1300 2102 2129 1307 1306 2101 2128 1295 1293 2077 2104 1284 1286 2063 2094 1287 1285 2066 2093 1287 1285 2066 2093 1297 1296 2078 2105 1295 1293 2077 2104 1299 1298 2085 2112 1290 1288 2069 2096 1289 1291 2068 2099 1289 1291 2068 2099 1294 1292 2086 2113 1299 1298 2085 2112 1303 1301 2093 2120 1288 1290 2147 2174 1291 1289 2148 2175 1291 1289 2148 2175 1305 1304 2094 2121 1303 1301 2093 2120 1292 1294 1899 2102 1311 1309 2036 2133 1310 1308 2035 2132 1310 1308 2035 2132 1293 1295 1900 2103 1292 1294 1899 2102 1296 1297 2075 2106 1315 1313 2110 2137 1314 1312 2109 2136 1314 1312 2109 2136 1292 1294 2076 2107 1296 1297 2075 2106 1298 1299 1909 2110 1319 1317 2040 2141 1318 1316 2039 2140 1318 1316 2039 2140 1296 1297 1912 2111 1298 1299 1909 2110 1293 1295 2083 2114 1323 1321 2118 2145 1322 1320 2117 2144 1322 1320 2117 2144 1298 1299 2084 2115 1293 1295 2083 2114 1300 1302 2025 2118 1309 1311 2034 2135 1308 1310 2033 2134 1308 1310 2033 2134 1301 1303 2026 2119 1300 1302 2025 2118 1304 1305 2091 2122 1321 1323 2116 2147 1320 1322 2115 2146 1320 1322 2115 2146 1300 1302 2092 2123 1304 1305 2091 2122 1306 1307 2029 2126 1317 1319 2038 2143 1316 1318 2037 2142 1316 1318 2037 2142 1304 1305 2030 2127 1306 1307 2029 2126 1301 1303 2099 2130 1313 1315 2108 2139 1312 1314 2107 2138 1312 1314 2107 2138 1306 1307 2100 2131 1301 1303 2099 2130 1323 1321 2049 2160 1310 1308 2035 2132 1309 1311 2034 2135 1309 1311 2034 2135 1320 1322 2054 2165 1323 1321 2049 2160 1311 1309 2036 2133 1314 1312 2050 2161 1313 1315 2053 2164 1313 1315 2053 2164 1308 1310 2033 2134 1311 1309 2036 2133 1315 1313 2051 2162 1318 1316 2039 2140 1317 1319 2038 2143 1317 1319 2038 2143 1312 1314 2056 2167 1315 1313 2051 2162 1319 1317 2040 2141 1322 1320 2052 2163 1321 1323 2055 2166 1321 1323 2055 2166 1316 1318 2037 2142 1319 1317 2040 2141 1387 1324 2192 2176 1325 1325 2150 2177 1334 1326 2159 2178 1334 1326 2159 2178 1365 1327 2170 2179 1387 1324 2192 2176 1391 1328 2196 2180 1327 1329 2152 2181 1336 1330 2161 2182 1336 1330 2161 2182 1369 1331 2174 2183 1391 1328 2196 2180 1395 1332 2200 2184 1329 1333 2154 2185 1338 1334 2163 2186 1338 1334 2163 2186 1373 1335 2178 2187 1395 1332 2200 2184 1399 1336 2204 2188 1331 1337 2156 2189 1340 1338 2165 2190 1340 1338 2165 2190 1377 1339 2182 2191 1399 1336 2204 2188 1403 1340 2208 2192 1333 1341 2158 2193 1342 1342 2167 2194 1342 1342 2167 2194 1381 1343 2186 2195 1403 1340 2208 2192 1424 1344 2240 2196 1406 1345 2213 2197 1426 1346 2243 2198 1426 1346 2243 2198 1404 1347 2210 2199 1424 1344 2240 2196 1428 1348 2246 2200 1410 1349 2219 2201 1430 1350 2249 2202 1430 1350 2249 2202 1408 1351 2216 2203 1428 1348 2246 2200 1432 1352 2252 2204 1414 1353 2225 2205 1434 1354 2255 2206 1434 1354 2255 2206 1412 1355 2222 2207 1432 1352 2252 2204 1436 1356 2258 2208 1418 1357 2231 2209 1438 1358 2261 2210 1438 1358 2261 2210 1416 1359 2228 2211 1436 1356 2258 2208 1440 1360 2264 2212 1422 1361 2237 2213 1442 1362 2267 2214 1442 1362 2267 2214 1420 1363 2234 2215 1440 1360 2264 2212 1425 1364 2241 2216 1344 1365 2209 2217 1324 1366 2149 2218 1324 1366 2149 2218 1385 1367 2190 2219 1425 1364 2241 2216 1405 1368 2211 2220 1355 1369 2242 2221 1335 1370 2160 2222 1335 1370 2160 2222 1364 1371 2169 2223 1405 1368 2211 2220 1427 1372 2244 2224 1345 1373 2212 2225 1366 1374 2171 2226 1366 1374 2171 2226 1386 1375 2191 2227 1427 1372 2244 2224 1407 1376 2214 2228 1354 1377 2239 2229 1384 1378 2189 2230 1384 1378 2189 2230 1367 1379 2172 2231 1407 1376 2214 2228 1429 1380 2247 2232 1346 1381 2215 2233 1326 1382 2151 2234 1326 1382 2151 2234 1389 1383 2194 2235 1429 1380 2247 2232 1409 1384 2217 2236 1357 1385 2248 2237 1337 1386 2162 2238 1337 1386 2162 2238 1368 1387 2173 2239 1409 1384 2217 2236 1431 1388 2250 2240 1347 1389 2218 2241 1370 1390 2175 2242 1370 1390 2175 2242 1390 1391 2195 2243 1431 1388 2250 2240 1411 1392 2220 2244 1356 1393 2245 2245 1388 1394 2193 2246 1388 1394 2193 2246 1371 1395 2176 2247 1411 1392 2220 2244 1433 1396 2253 2248 1348 1397 2221 2249 1328 1398 2153 2250 1328 1398 2153 2250 1393 1399 2198 2251 1433 1396 2253 2248 1413 1400 2223 2252 1359 1401 2254 2253 1339 1402 2164 2254 1339 1402 2164 2254 1372 1403 2177 2255 1413 1400 2223 2252 1435 1404 2256 2256 1349 1405 2224 2257 1374 1406 2179 2258 1374 1406 2179 2258 1394 1407 2199 2259 1435 1404 2256 2256 1415 1408 2226 2260 1358 1409 2251 2261 1392 1410 2197 2262 1392 1410 2197 2262 1375 1411 2180 2263 1415 1408 2226 2260 1437 1412 2259 2264 1350 1413 2227 2265 1330 1414 2155 2266 1330 1414 2155 2266 1397 1415 2202 2267 1437 1412 2259 2264 1417 1416 2229 2268 1361 1417 2260 2269 1341 1418 2166 2270 1341 1418 2166 2270 1376 1419 2181 2271 1417 1416 2229 2268 1439 1420 2262 2272 1351 1421 2230 2273 1378 1422 2183 2274 1378 1422 2183 2274 1398 1423 2203 2275 1439 1420 2262 2272 1419 1424 2232 2276 1360 1425 2257 2277 1396 1426 2201 2278 1396 1426 2201 2278 1379 1427 2184 2279 1419 1424 2232 2276 1441 1428 2265 2280 1352 1429 2233 2281 1332 1430 2157 2282 1332 1430 2157 2282 1401 1431 2206 2283 1441 1428 2265 2280 1421 1432 2235 2284 1363 1433 2266 2285 1343 1434 2168 2286 1343 1434 2168 2286 1380 1435 2185 2287 1421 1432 2235 2284 1443 1436 2268 2288 1353 1437 2236 2289 1382 1438 2187 2290 1382 1438 2187 2290 1402 1439 2207 2291 1443 1436 2268 2288 1423 1440 2238 2292 1362 1441 2263 2293 1400 1442 2205 2294 1400 1442 2205 2294 1383 1443 2188 2295 1423 1440 2238 2292 1324 1366 2149 2218 1364 1371 2274 2296 1365 1327 2170 2179 1325 1325 2150 2177 1366 1374 2171 2226 1367 1379 2276 2297 1326 1382 2151 2234 1368 1387 2277 2298 1369 1331 2174 2183 1327 1329 2152 2181 1370 1390 2175 2242 1371 1395 2279 2299 1328 1398 2153 2250 1372 1403 2280 2300 1373 1335 2178 2187 1329 1333 2154 2185 1374 1406 2179 2258 1375 1411 2282 2301 1330 1414 2155 2266 1376 1419 2283 2302 1377 1339 2182 2191 1331 1337 2156 2189 1378 1422 2183 2274 1379 1427 2285 2303 1332 1430 2157 2282 1380 1435 2286 2304 1381 1343 2186 2195 1333 1341 2158 2193 1382 1438 2187 2290 1383 1443 2288 2305 1334 1326 2159 2178 1384 1378 2289 2306 1385 1367 2190 2219 1335 1370 2269 2307 1386 1375 2191 2227 1387 1324 2192 2176 1336 1330 2161 2182 1388 1394 2291 2308 1389 1383 2194 2235 1337 1386 2270 2309 1390 1391 2195 2243 1391 1328 2196 2180 1338 1334 2163 2186 1392 1410 2293 2310 1393 1399 2198 2251 1339 1402 2271 2311 1394 1407 2199 2259 1395 1332 2200 2184 1340 1338 2165 2190 1396 1426 2295 2312 1397 1415 2202 2267 1341 1418 2272 2313 1398 1423 2203 2275 1399 1336 2204 2188 1342 1342 2167 2194 1400 1442 2297 2314 1401 1431 2206 2283 1343 1434 2273 2315 1402 1439 2207 2291 1403 1340 2208 2192 1344 1365 2209 2217 1404 1347 2299 2316 1405 1368 2300 2317 1345 1373 2212 2225 1406 1345 2301 2318 1407 1376 2302 2319 1346 1381 2215 2233 1408 1351 2303 2320 1409 1384 2304 2321 1347 1389 2218 2241 1410 1349 2305 2322 1411 1392 2306 2323 1348 1397 2221 2249 1412 1355 2307 2324 1413 1400 2308 2325 1349 1405 2224 2257 1414 1353 2309 2326 1415 1408 2310 2327 1350 1413 2227 2265 1416 1359 2311 2328 1417 1416 2312 2329 1351 1421 2230 2273 1418 1357 2313 2330 1419 1424 2314 2331 1352 1429 2233 2281 1420 1363 2315 2332 1421 1432 2316 2333 1353 1437 2236 2289 1422 1361 2317 2334 1423 1440 2318 2335 1354 1377 2319 2336 1424 1344 2320 2337 1425 1364 2241 2216 1355 1369 2321 2338 1426 1346 2322 2339 1427 1372 2244 2224 1356 1393 2323 2340 1428 1348 2324 2341 1429 1380 2247 2232 1357 1385 2325 2342 1430 1350 2326 2343 1431 1388 2250 2240 1358 1409 2327 2344 1432 1352 2328 2345 1433 1396 2253 2248 1359 1401 2329 2346 1434 1354 2330 2347 1435 1404 2256 2256 1360 1425 2331 2348 1436 1356 2332 2349 1437 1412 2259 2264 1361 1417 2333 2350 1438 1358 2334 2351 1439 1420 2262 2272 1362 1441 2335 2352 1440 1360 2336 2353 1441 1428 2265 2280 1363 1433 2337 2354 1442 1362 2338 2355 1443 1436 2268 2288 1334 1326 2159 2178 1385 1367 2190 2219 1324 1366 2149 2218 1324 1366 2149 2218 1365 1327 2170 2179 1334 1326 2159 2178 1365 1327 2275 2356 1364 1371 2169 2223 1335 1370 2160 2222 1335 1370 2160 2222 1387 1324 2290 2357 1365 1327 2275 2356 1387 1324 2192 2176 1386 1375 2191 2227 1366 1374 2171 2226 1366 1374 2171 2226 1325 1325 2150 2177 1387 1324 2192 2176 1325 1325 2150 2177 1367 1379 2172 2231 1384 1378 2189 2230 1384 1378 2189 2230 1334 1326 2159 2178 1325 1325 2150 2177 1336 1330 2161 2182 1389 1383 2194 2235 1326 1382 2151 2234 1326 1382 2151 2234 1369 1331 2174 2183 1336 1330 2161 2182 1369 1331 2278 2358 1368 1387 2173 2239 1337 1386 2162 2238 1337 1386 2162 2238 1391 1328 2292 2359 1369 1331 2278 2358 1391 1328 2196 2180 1390 1391 2195 2243 1370 1390 2175 2242 1370 1390 2175 2242 1327 1329 2152 2181 1391 1328 2196 2180 1327 1329 2152 2181 1371 1395 2176 2247 1388 1394 2193 2246 1388 1394 2193 2246 1336 1330 2161 2182 1327 1329 2152 2181 1338 1334 2163 2186 1393 1399 2198 2251 1328 1398 2153 2250 1328 1398 2153 2250 1373 1335 2178 2187 1338 1334 2163 2186 1373 1335 2281 2360 1372 1403 2177 2255 1339 1402 2164 2254 1339 1402 2164 2254 1395 1332 2294 2361 1373 1335 2281 2360 1395 1332 2200 2184 1394 1407 2199 2259 1374 1406 2179 2258 1374 1406 2179 2258 1329 1333 2154 2185 1395 1332 2200 2184 1329 1333 2154 2185 1375 1411 2180 2263 1392 1410 2197 2262 1392 1410 2197 2262 1338 1334 2163 2186 1329 1333 2154 2185 1340 1338 2165 2190 1397 1415 2202 2267 1330 1414 2155 2266 1330 1414 2155 2266 1377 1339 2182 2191 1340 1338 2165 2190 1377 1339 2284 2362 1376 1419 2181 2271 1341 1418 2166 2270 1341 1418 2166 2270 1399 1336 2296 2363 1377 1339 2284 2362 1399 1336 2204 2188 1398 1423 2203 2275 1378 1422 2183 2274 1378 1422 2183 2274 1331 1337 2156 2189 1399 1336 2204 2188 1331 1337 2156 2189 1379 1427 2184 2279 1396 1426 2201 2278 1396 1426 2201 2278 1340 1338 2165 2190 1331 1337 2156 2189 1342 1342 2167 2194 1401 1431 2206 2283 1332 1430 2157 2282 1332 1430 2157 2282 1381 1343 2186 2195 1342 1342 2167 2194 1381 1343 2287 2364 1380 1435 2185 2287 1343 1434 2168 2286 1343 1434 2168 2286 1403 1340 2298 2365 1381 1343 2287 2364 1403 1340 2208 2192 1402 1439 2207 2291 1382 1438 2187 2290 1382 1438 2187 2290 1333 1341 2158 2193 1403 1340 2208 2192 1333 1341 2158 2193 1383 1443 2188 2295 1400 1442 2205 2294 1400 1442 2205 2294 1342 1342 2167 2194 1333 1341 2158 2193 1426 1346 2243 2198 1355 1369 2242 2221 1405 1368 2211 2220 1405 1368 2211 2220 1404 1347 2210 2199 1426 1346 2243 2198 1404 1347 2299 2316 1344 1365 2209 2217 1425 1364 2241 2216 1425 1364 2241 2216 1424 1344 2320 2337 1404 1347 2299 2316 1424 1344 2240 2196 1354 1377 2239 2229 1407 1376 2214 2228 1407 1376 2214 2228 1406 1345 2213 2197 1424 1344 2240 2196 1406 1345 2301 2318 1345 1373 2212 2225 1427 1372 2244 2224 1427 1372 2244 2224 1426 1346 2322 2339 1406 1345 2301 2318 1430 1350 2249 2202 1357 1385 2248 2237 1409 1384 2217 2236 1409 1384 2217 2236 1408 1351 2216 2203 1430 1350 2249 2202 1408 1351 2303 2320 1346 1381 2215 2233 1429 1380 2247 2232 1429 1380 2247 2232 1428 1348 2324 2341 1408 1351 2303 2320 1428 1348 2246 2200 1356 1393 2245 2245 1411 1392 2220 2244 1411 1392 2220 2244 1410 1349 2219 2201 1428 1348 2246 2200 1410 1349 2305 2322 1347 1389 2218 2241 1431 1388 2250 2240 1431 1388 2250 2240 1430 1350 2326 2343 1410 1349 2305 2322 1434 1354 2255 2206 1359 1401 2254 2253 1413 1400 2223 2252 1413 1400 2223 2252 1412 1355 2222 2207 1434 1354 2255 2206 1412 1355 2307 2324 1348 1397 2221 2249 1433 1396 2253 2248 1433 1396 2253 2248 1432 1352 2328 2345 1412 1355 2307 2324 1432 1352 2252 2204 1358 1409 2251 2261 1415 1408 2226 2260 1415 1408 2226 2260 1414 1353 2225 2205 1432 1352 2252 2204 1414 1353 2309 2326 1349 1405 2224 2257 1435 1404 2256 2256 1435 1404 2256 2256 1434 1354 2330 2347 1414 1353 2309 2326 1438 1358 2261 2210 1361 1417 2260 2269 1417 1416 2229 2268 1417 1416 2229 2268 1416 1359 2228 2211 1438 1358 2261 2210 1416 1359 2311 2328 1350 1413 2227 2265 1437 1412 2259 2264 1437 1412 2259 2264 1436 1356 2332 2349 1416 1359 2311 2328 1436 1356 2258 2208 1360 1425 2257 2277 1419 1424 2232 2276 1419 1424 2232 2276 1418 1357 2231 2209 1436 1356 2258 2208 1418 1357 2313 2330 1351 1421 2230 2273 1439 1420 2262 2272 1439 1420 2262 2272 1438 1358 2334 2351 1418 1357 2313 2330 1442 1362 2267 2214 1363 1433 2266 2285 1421 1432 2235 2284 1421 1432 2235 2284 1420 1363 2234 2215 1442 1362 2267 2214 1420 1363 2315 2332 1352 1429 2233 2281 1441 1428 2265 2280 1441 1428 2265 2280 1440 1360 2336 2353 1420 1363 2315 2332 1440 1360 2264 2212 1362 1441 2263 2293 1423 1440 2238 2292 1423 1440 2238 2292 1422 1361 2237 2213 1440 1360 2264 2212 1422 1361 2317 2334 1353 1437 2236 2289 1443 1436 2268 2288 1443 1436 2268 2288 1442 1362 2338 2355 1422 1361 2317 2334 1385 1367 2190 2219 1384 1378 2289 2306 1354 1377 2319 2336 1354 1377 2319 2336 1425 1364 2241 2216 1385 1367 2190 2219 1344 1365 2209 2217 1405 1368 2300 2317 1364 1371 2274 2296 1364 1371 2274 2296 1324 1366 2149 2218 1344 1365 2209 2217 1355 1369 2321 2338 1427 1372 2244 2224 1386 1375 2191 2227 1386 1375 2191 2227 1335 1370 2269 2307 1355 1369 2321 2338 1345 1373 2212 2225 1407 1376 2302 2319 1367 1379 2276 2297 1367 1379 2276 2297 1366 1374 2171 2226 1345 1373 2212 2225 1389 1383 2194 2235 1388 1394 2291 2308 1356 1393 2323 2340 1356 1393 2323 2340 1429 1380 2247 2232 1389 1383 2194 2235 1346 1381 2215 2233 1409 1384 2304 2321 1368 1387 2277 2298 1368 1387 2277 2298 1326 1382 2151 2234 1346 1381 2215 2233 1357 1385 2325 2342 1431 1388 2250 2240 1390 1391 2195 2243 1390 1391 2195 2243 1337 1386 2270 2309 1357 1385 2325 2342 1347 1389 2218 2241 1411 1392 2306 2323 1371 1395 2279 2299 1371 1395 2279 2299 1370 1390 2175 2242 1347 1389 2218 2241 1393 1399 2198 2251 1392 1410 2293 2310 1358 1409 2327 2344 1358 1409 2327 2344 1433 1396 2253 2248 1393 1399 2198 2251 1348 1397 2221 2249 1413 1400 2308 2325 1372 1403 2280 2300 1372 1403 2280 2300 1328 1398 2153 2250 1348 1397 2221 2249 1359 1401 2329 2346 1435 1404 2256 2256 1394 1407 2199 2259 1394 1407 2199 2259 1339 1402 2271 2311 1359 1401 2329 2346 1349 1405 2224 2257 1415 1408 2310 2327 1375 1411 2282 2301 1375 1411 2282 2301 1374 1406 2179 2258 1349 1405 2224 2257 1397 1415 2202 2267 1396 1426 2295 2312 1360 1425 2331 2348 1360 1425 2331 2348 1437 1412 2259 2264 1397 1415 2202 2267 1350 1413 2227 2265 1417 1416 2312 2329 1376 1419 2283 2302 1376 1419 2283 2302 1330 1414 2155 2266 1350 1413 2227 2265 1361 1417 2333 2350 1439 1420 2262 2272 1398 1423 2203 2275 1398 1423 2203 2275 1341 1418 2272 2313 1361 1417 2333 2350 1351 1421 2230 2273 1419 1424 2314 2331 1379 1427 2285 2303 1379 1427 2285 2303 1378 1422 2183 2274 1351 1421 2230 2273 1401 1431 2206 2283 1400 1442 2297 2314 1362 1441 2335 2352 1362 1441 2335 2352 1441 1428 2265 2280 1401 1431 2206 2283 1352 1429 2233 2281 1421 1432 2316 2333 1380 1435 2286 2304 1380 1435 2286 2304 1332 1430 2157 2282 1352 1429 2233 2281 1363 1433 2337 2354 1443 1436 2268 2288 1402 1439 2207 2291 1402 1439 2207 2291 1343 1434 2273 2315 1363 1433 2337 2354 1353 1437 2236 2289 1423 1440 2318 2335 1383 1443 2288 2305 1383 1443 2288 2305 1382 1438 2187 2290 1353 1437 2236 2289 1446 1444 2341 2366 1445 1445 2340 2367 1444 1446 2339 2368 1444 1446 2339 2368 1447 1447 2342 2369 1446 1444 2341 2366 1450 1448 2345 2370 1449 1449 2344 2371 1448 1450 2343 2372 1448 1450 2343 2372 1451 1451 2346 2373 1450 1448 2345 2370 1454 1452 2349 2374 1453 1453 2348 2375 1452 1454 2347 2376 1452 1454 2347 2376 1455 1455 2350 2377 1454 1452 2349 2374 1458 1456 2353 2378 1457 1457 2352 2379 1456 1458 2351 2380 1456 1458 2351 2380 1459 1459 2354 2381 1458 1456 2353 2378 1462 1460 2357 2382 1461 1461 2356 2383 1460 1462 2355 2384 1460 1462 2355 2384 1463 1463 2358 2385 1462 1460 2357 2382 1466 1464 2361 2386 1465 1465 2360 2387 1464 1466 2359 2388 1464 1466 2359 2388 1467 1467 2362 2389 1466 1464 2361 2386 1470 1468 2365 2390 1469 1469 2364 2391 1468 1470 2363 2392 1468 1470 2363 2392 1471 1471 2366 2393 1470 1468 2365 2390 1474 1472 2369 2394 1473 1473 2368 2395 1472 1474 2367 2396 1472 1474 2367 2396 1475 1475 2370 2397 1474 1472 2369 2394 1478 1476 2373 2398 1477 1477 2372 2399 1476 1478 2371 2400 1476 1478 2371 2400 1479 1479 2374 2401 1478 1476 2373 2398 1482 1480 2377 2402 1481 1481 2376 2403 1480 1482 2375 2404 1480 1482 2375 2404 1483 1483 2378 2405 1482 1480 2377 2402 1486 1484 2381 2406 1485 1485 2380 2407 1484 1486 2379 2408 1484 1486 2379 2408 1487 1487 2382 2409 1486 1484 2381 2406 1490 1488 2385 2410 1489 1489 2384 2411 1488 1490 2383 2412 1488 1490 2383 2412 1491 1491 2386 2413 1490 1488 2385 2410 1494 1492 2389 2414 1493 1493 2388 2415 1492 1494 2387 2416 1492 1494 2387 2416 1495 1495 2390 2417 1494 1492 2389 2414 1498 1496 2393 2418 1497 1497 2392 2419 1496 1498 2391 2420 1496 1498 2391 2420 1499 1499 2394 2421 1498 1496 2393 2418 1502 1500 2397 2422 1501 1501 2396 2423 1500 1502 2395 2424 1500 1502 2395 2424 1503 1503 2398 2425 1502 1500 2397 2422 1506 1504 2401 2426 1505 1505 2400 2427 1504 1506 2399 2428 1504 1506 2399 2428 1507 1507 2402 2429 1506 1504 2401 2426 1510 1508 2405 2430 1509 1509 2404 2431 1508 1510 2403 2432 1508 1510 2403 2432 1511 1511 2406 2433 1510 1508 2405 2430 1514 1512 2409 2434 1513 1513 2408 2435 1512 1514 2407 2436 1512 1514 2407 2436 1515 1515 2410 2437 1514 1512 2409 2434 1518 1516 2413 2438 1517 1517 2412 2439 1516 1518 2411 2440 1516 1518 2411 2440 1519 1519 2414 2441 1518 1516 2413 2438 1522 1520 2417 2442 1521 1521 2416 2443 1520 1522 2415 2444 1520 1522 2415 2444 1523 1523 2418 2445 1522 1520 2417 2442 1526 1524 2421 2446 1525 1525 2420 2447 1524 1526 2419 2448 1524 1526 2419 2448 1527 1527 2422 2449 1526 1524 2421 2446 1530 1528 2425 2450 1529 1529 2424 2451 1528 1530 2423 2452 1528 1530 2423 2452 1531 1531 2426 2453 1530 1528 2425 2450 1534 1532 2429 2454 1533 1533 2428 2455 1532 1534 2427 2456 1532 1534 2427 2456 1535 1535 2430 2457 1534 1532 2429 2454 1538 1536 2433 2458 1537 1537 2432 2459 1536 1538 2431 2460 1536 1538 2431 2460 1539 1539 2434 2461 1538 1536 2433 2458 1542 1540 2437 2462 1541 1541 2436 2463 1540 1542 2435 2464 1540 1542 2435 2464 1543 1543 2438 2465 1542 1540 2437 2462 1546 1544 2441 2466 1545 1545 2440 2467 1544 1546 2439 2468 1544 1546 2439 2468 1547 1547 2442 2469 1546 1544 2441 2466 1550 1548 2445 2470 1549 1549 2444 2471 1548 1550 2443 2472 1548 1550 2443 2472 1551 1551 2446 2473 1550 1548 2445 2470 1554 1552 2449 2474 1553 1553 2448 2475 1552 1554 2447 2476 1552 1554 2447 2476 1555 1555 2450 2477 1554 1552 2449 2474 1558 1556 2453 2478 1557 1557 2452 2479 1556 1558 2451 2480 1556 1558 2451 2480 1559 1559 2454 2481 1558 1556 2453 2478 1562 1560 2457 2482 1561 1561 2456 2483 1560 1562 2455 2484 1560 1562 2455 2484 1563 1563 2458 2485 1562 1560 2457 2482 1484 1486 2379 2408 1445 1445 2340 2367 1489 1489 2459 2486 1447 1447 2342 2369 1497 1497 2460 2487 1492 1494 2387 2416 1500 1502 2395 2424 1449 1449 2344 2371 1505 1505 2461 2488 1451 1451 2346 2373 1513 1513 2462 2489 1508 1510 2403 2432 1516 1518 2411 2440 1453 1453 2348 2375 1521 1521 2463 2490 1455 1455 2350 2377 1529 1529 2464 2491 1524 1526 2419 2448 1532 1534 2427 2456 1457 1457 2352 2379 1537 1537 2465 2492 1459 1459 2354 2381 1545 1545 2466 2493 1540 1542 2435 2464 1548 1550 2443 2472 1461 1461 2356 2383 1553 1553 2467 2494 1463 1463 2358 2385 1561 1561 2468 2495 1556 1558 2451 2480 1444 1446 2339 2368 1485 1485 2380 2407 1496 1498 2469 2496 1488 1490 2470 2497 1446 1444 2341 2366 1493 1493 2388 2415 1448 1450 2343 2372 1501 1501 2396 2423 1512 1514 2471 2498 1504 1506 2472 2499 1450 1448 2345 2370 1509 1509 2404 2431 1452 1454 2347 2376 1517 1517 2412 2439 1528 1530 2473 2500 1520 1522 2474 2501 1454 1452 2349 2374 1525 1525 2420 2447 1456 1458 2351 2380 1533 1533 2428 2455 1544 1546 2475 2502 1536 1538 2476 2503 1458 1456 2353 2378 1541 1541 2436 2463 1460 1462 2355 2384 1549 1549 2444 2471 1560 1562 2477 2504 1552 1554 2478 2505 1462 1460 2357 2382 1557 1557 2452 2479 1487 1487 2382 2409 1490 1488 2480 2506 1465 1465 2479 2507 1495 1495 2390 2417 1498 1496 2482 2508 1467 1467 2481 2509 1503 1503 2398 2425 1506 1504 2484 2510 1469 1469 2483 2511 1511 1511 2406 2433 1514 1512 2486 2512 1471 1471 2485 2513 1519 1519 2414 2441 1522 1520 2488 2514 1473 1473 2487 2515 1527 1527 2422 2449 1530 1528 2490 2516 1475 1475 2489 2517 1535 1535 2430 2457 1538 1536 2492 2518 1477 1477 2491 2519 1543 1543 2438 2465 1546 1544 2494 2520 1479 1479 2493 2521 1551 1551 2446 2473 1554 1552 2496 2522 1481 1481 2495 2523 1559 1559 2454 2481 1562 1560 2498 2524 1483 1483 2497 2525 1499 1499 2499 2526 1486 1484 2381 2406 1466 1464 2500 2527 1491 1491 2501 2528 1494 1492 2389 2414 1464 1466 2502 2529 1515 1515 2503 2530 1502 1500 2397 2422 1470 1468 2504 2531 1507 1507 2505 2532 1510 1508 2405 2430 1468 1470 2506 2533 1531 1531 2507 2534 1518 1516 2413 2438 1474 1472 2508 2535 1523 1523 2509 2536 1526 1524 2421 2446 1472 1474 2510 2537 1547 1547 2511 2538 1534 1532 2429 2454 1478 1476 2512 2539 1539 1539 2513 2540 1542 1540 2437 2462 1476 1478 2514 2541 1563 1563 2515 2542 1550 1548 2445 2470 1482 1480 2516 2543 1555 1555 2517 2544 1558 1556 2453 2478 1480 1482 2518 2545 1444 1446 2339 2368 1445 1445 2340 2367 1484 1486 2379 2408 1484 1486 2379 2408 1485 1485 2380 2407 1444 1446 2339 2368 1445 1445 2520 2546 1446 1444 2519 2547 1488 1490 2383 2412 1488 1490 2383 2412 1489 1489 2384 2411 1445 1445 2520 2546 1446 1444 2341 2366 1447 1447 2342 2369 1492 1494 2387 2416 1492 1494 2387 2416 1493 1493 2388 2415 1446 1444 2341 2366 1447 1447 2342 2369 1444 1446 2339 2368 1496 1498 2391 2420 1496 1498 2391 2420 1497 1497 2392 2419 1447 1447 2342 2369 1448 1450 2343 2372 1449 1449 2344 2371 1500 1502 2395 2424 1500 1502 2395 2424 1501 1501 2396 2423 1448 1450 2343 2372 1449 1449 2522 2548 1450 1448 2521 2549 1504 1506 2399 2428 1504 1506 2399 2428 1505 1505 2400 2427 1449 1449 2522 2548 1450 1448 2345 2370 1451 1451 2346 2373 1508 1510 2403 2432 1508 1510 2403 2432 1509 1509 2404 2431 1450 1448 2345 2370 1451 1451 2346 2373 1448 1450 2343 2372 1512 1514 2407 2436 1512 1514 2407 2436 1513 1513 2408 2435 1451 1451 2346 2373 1452 1454 2347 2376 1453 1453 2348 2375 1516 1518 2411 2440 1516 1518 2411 2440 1517 1517 2412 2439 1452 1454 2347 2376 1453 1453 2524 2550 1454 1452 2523 2551 1520 1522 2415 2444 1520 1522 2415 2444 1521 1521 2416 2443 1453 1453 2524 2550 1454 1452 2349 2374 1455 1455 2350 2377 1524 1526 2419 2448 1524 1526 2419 2448 1525 1525 2420 2447 1454 1452 2349 2374 1455 1455 2350 2377 1452 1454 2347 2376 1528 1530 2423 2452 1528 1530 2423 2452 1529 1529 2424 2451 1455 1455 2350 2377 1456 1458 2351 2380 1457 1457 2352 2379 1532 1534 2427 2456 1532 1534 2427 2456 1533 1533 2428 2455 1456 1458 2351 2380 1457 1457 2526 2552 1458 1456 2525 2553 1536 1538 2431 2460 1536 1538 2431 2460 1537 1537 2432 2459 1457 1457 2526 2552 1458 1456 2353 2378 1459 1459 2354 2381 1540 1542 2435 2464 1540 1542 2435 2464 1541 1541 2436 2463 1458 1456 2353 2378 1459 1459 2354 2381 1456 1458 2351 2380 1544 1546 2439 2468 1544 1546 2439 2468 1545 1545 2440 2467 1459 1459 2354 2381 1460 1462 2355 2384 1461 1461 2356 2383 1548 1550 2443 2472 1548 1550 2443 2472 1549 1549 2444 2471 1460 1462 2355 2384 1461 1461 2528 2554 1462 1460 2527 2555 1552 1554 2447 2476 1552 1554 2447 2476 1553 1553 2448 2475 1461 1461 2528 2554 1462 1460 2357 2382 1463 1463 2358 2385 1556 1558 2451 2480 1556 1558 2451 2480 1557 1557 2452 2479 1462 1460 2357 2382 1463 1463 2358 2385 1460 1462 2355 2384 1560 1562 2455 2484 1560 1562 2455 2484 1561 1561 2456 2483 1463 1463 2358 2385 1464 1466 2359 2388 1465 1465 2360 2387 1490 1488 2385 2410 1490 1488 2385 2410 1491 1491 2386 2413 1464 1466 2359 2388 1465 1465 2479 2507 1466 1464 2500 2527 1486 1484 2381 2406 1486 1484 2381 2406 1487 1487 2382 2409 1465 1465 2479 2507 1466 1464 2361 2386 1467 1467 2362 2389 1498 1496 2393 2418 1498 1496 2393 2418 1499 1499 2394 2421 1466 1464 2361 2386 1467 1467 2481 2509 1464 1466 2502 2529 1494 1492 2389 2414 1494 1492 2389 2414 1495 1495 2390 2417 1467 1467 2481 2509 1468 1470 2363 2392 1469 1469 2364 2391 1506 1504 2401 2426 1506 1504 2401 2426 1507 1507 2402 2429 1468 1470 2363 2392 1469 1469 2483 2511 1470 1468 2504 2531 1502 1500 2397 2422 1502 1500 2397 2422 1503 1503 2398 2425 1469 1469 2483 2511 1470 1468 2365 2390 1471 1471 2366 2393 1514 1512 2409 2434 1514 1512 2409 2434 1515 1515 2410 2437 1470 1468 2365 2390 1471 1471 2485 2513 1468 1470 2506 2533 1510 1508 2405 2430 1510 1508 2405 2430 1511 1511 2406 2433 1471 1471 2485 2513 1472 1474 2367 2396 1473 1473 2368 2395 1522 1520 2417 2442 1522 1520 2417 2442 1523 1523 2418 2445 1472 1474 2367 2396 1473 1473 2487 2515 1474 1472 2508 2535 1518 1516 2413 2438 1518 1516 2413 2438 1519 1519 2414 2441 1473 1473 2487 2515 1474 1472 2369 2394 1475 1475 2370 2397 1530 1528 2425 2450 1530 1528 2425 2450 1531 1531 2426 2453 1474 1472 2369 2394 1475 1475 2489 2517 1472 1474 2510 2537 1526 1524 2421 2446 1526 1524 2421 2446 1527 1527 2422 2449 1475 1475 2489 2517 1476 1478 2371 2400 1477 1477 2372 2399 1538 1536 2433 2458 1538 1536 2433 2458 1539 1539 2434 2461 1476 1478 2371 2400 1477 1477 2491 2519 1478 1476 2512 2539 1534 1532 2429 2454 1534 1532 2429 2454 1535 1535 2430 2457 1477 1477 2491 2519 1478 1476 2373 2398 1479 1479 2374 2401 1546 1544 2441 2466 1546 1544 2441 2466 1547 1547 2442 2469 1478 1476 2373 2398 1479 1479 2493 2521 1476 1478 2514 2541 1542 1540 2437 2462 1542 1540 2437 2462 1543 1543 2438 2465 1479 1479 2493 2521 1480 1482 2375 2404 1481 1481 2376 2403 1554 1552 2449 2474 1554 1552 2449 2474 1555 1555 2450 2477 1480 1482 2375 2404 1481 1481 2495 2523 1482 1480 2516 2543 1550 1548 2445 2470 1550 1548 2445 2470 1551 1551 2446 2473 1481 1481 2495 2523 1482 1480 2377 2402 1483 1483 2378 2405 1562 1560 2457 2482 1562 1560 2457 2482 1563 1563 2458 2485 1482 1480 2377 2402 1483 1483 2497 2525 1480 1482 2518 2545 1558 1556 2453 2478 1558 1556 2453 2478 1559 1559 2454 2481 1483 1483 2497 2525 1485 1485 2380 2407 1486 1484 2381 2406 1499 1499 2499 2526 1499 1499 2499 2526 1496 1498 2469 2496 1485 1485 2380 2407 1487 1487 2382 2409 1484 1486 2379 2408 1489 1489 2459 2486 1489 1489 2459 2486 1490 1488 2480 2506 1487 1487 2382 2409 1491 1491 2501 2528 1488 1490 2470 2497 1493 1493 2388 2415 1493 1493 2388 2415 1494 1492 2389 2414 1491 1491 2501 2528 1495 1495 2390 2417 1492 1494 2387 2416 1497 1497 2460 2487 1497 1497 2460 2487 1498 1496 2482 2508 1495 1495 2390 2417 1501 1501 2396 2423 1502 1500 2397 2422 1515 1515 2503 2530 1515 1515 2503 2530 1512 1514 2471 2498 1501 1501 2396 2423 1503 1503 2398 2425 1500 1502 2395 2424 1505 1505 2461 2488 1505 1505 2461 2488 1506 1504 2484 2510 1503 1503 2398 2425 1507 1507 2505 2532 1504 1506 2472 2499 1509 1509 2404 2431 1509 1509 2404 2431 1510 1508 2405 2430 1507 1507 2505 2532 1511 1511 2406 2433 1508 1510 2403 2432 1513 1513 2462 2489 1513 1513 2462 2489 1514 1512 2486 2512 1511 1511 2406 2433 1517 1517 2412 2439 1518 1516 2413 2438 1531 1531 2507 2534 1531 1531 2507 2534 1528 1530 2473 2500 1517 1517 2412 2439 1519 1519 2414 2441 1516 1518 2411 2440 1521 1521 2463 2490 1521 1521 2463 2490 1522 1520 2488 2514 1519 1519 2414 2441 1523 1523 2509 2536 1520 1522 2474 2501 1525 1525 2420 2447 1525 1525 2420 2447 1526 1524 2421 2446 1523 1523 2509 2536 1527 1527 2422 2449 1524 1526 2419 2448 1529 1529 2464 2491 1529 1529 2464 2491 1530 1528 2490 2516 1527 1527 2422 2449 1533 1533 2428 2455 1534 1532 2429 2454 1547 1547 2511 2538 1547 1547 2511 2538 1544 1546 2475 2502 1533 1533 2428 2455 1535 1535 2430 2457 1532 1534 2427 2456 1537 1537 2465 2492 1537 1537 2465 2492 1538 1536 2492 2518 1535 1535 2430 2457 1539 1539 2513 2540 1536 1538 2476 2503 1541 1541 2436 2463 1541 1541 2436 2463 1542 1540 2437 2462 1539 1539 2513 2540 1543 1543 2438 2465 1540 1542 2435 2464 1545 1545 2466 2493 1545 1545 2466 2493 1546 1544 2494 2520 1543 1543 2438 2465 1549 1549 2444 2471 1550 1548 2445 2470 1563 1563 2515 2542 1563 1563 2515 2542 1560 1562 2477 2504 1549 1549 2444 2471 1551 1551 2446 2473 1548 1550 2443 2472 1553 1553 2467 2494 1553 1553 2467 2494 1554 1552 2496 2522 1551 1551 2446 2473 1555 1555 2517 2544 1552 1554 2478 2505 1557 1557 2452 2479 1557 1557 2452 2479 1558 1556 2453 2478 1555 1555 2517 2544 1559 1559 2454 2481 1556 1558 2451 2480 1561 1561 2468 2495 1561 1561 2468 2495 1562 1560 2498 2524 1559 1559 2454 2481</p>
        </triangles>
        <triangles material="PLASTIC" count="360">
          <input semantic="VERTEX" source="#geom-Iona_Shelving_Unit-vertices" offset="0"/>
          <input semantic="NORMAL" source="#geom-Iona_Shelving_Unit-normals" offset="1"/>
          <input semantic="TEXCOORD" source="#geom-Iona_Shelving_Unit-map1" offset="2" set="0"/>
          <input semantic="TEXTANGENT" source="#geom-Iona_Shelving_Unit-map1-textangents" offset="3" set="1"/>
          <input semantic="TEXBINORMAL" source="#geom-Iona_Shelving_Unit-map1-texbinormals" offset="3" set="1"/>
          <p>56 58 58 84 94 57 59 85 75 56 56 86 75 56 56 86 74 59 57 87 56 58 58 84 94 57 59 85 95 61 61 88 76 60 60 89 76 60 60 89 75 56 56 86 94 57 59 85 95 61 61 88 96 63 63 90 77 62 62 91 77 62 62 91 76 60 60 89 95 61 61 88 96 63 63 90 97 65 65 92 78 64 64 93 78 64 64 93 77 62 62 91 96 63 63 90 97 65 65 92 98 67 67 94 79 66 66 95 79 66 66 95 78 64 64 93 97 65 65 92 98 67 67 94 99 69 69 96 80 68 68 97 80 68 68 97 79 66 66 95 98 67 67 94 99 69 69 96 100 71 71 98 81 70 70 99 81 70 70 99 80 68 68 97 99 69 69 96 100 71 71 98 101 73 73 100 82 72 72 101 82 72 72 101 81 70 70 99 100 71 71 98 101 73 73 100 102 75 75 102 83 74 74 103 83 74 74 103 82 72 72 101 101 73 73 100 102 75 75 102 103 77 77 104 84 76 76 105 84 76 76 105 83 74 74 103 102 75 75 102 103 77 77 104 104 79 79 106 85 78 78 107 85 78 78 107 84 76 76 105 103 77 77 104 104 79 79 106 105 81 81 108 86 80 80 109 86 80 80 109 85 78 78 107 104 79 79 106 105 81 81 108 106 83 83 110 87 82 82 111 87 82 82 111 86 80 80 109 105 81 81 108 106 83 83 110 107 85 85 112 88 84 84 113 88 84 84 113 87 82 82 111 106 83 83 110 107 85 85 112 108 87 87 114 89 86 86 115 89 86 86 115 88 84 84 113 107 85 85 112 108 87 87 114 109 89 89 116 90 88 88 117 90 88 88 117 89 86 86 115 108 87 87 114 109 89 89 116 73 91 91 118 91 90 90 119 91 90 90 119 90 88 88 117 109 89 89 116 73 91 91 118 56 58 58 84 74 59 57 87 74 59 57 87 91 90 90 119 73 91 91 118 57 92 92 120 93 94 93 121 92 93 94 122 58 95 95 123 57 92 92 120 92 93 94 122 59 96 96 124 58 95 95 123 92 93 94 122 60 97 97 125 59 96 96 124 92 93 94 122 61 98 98 126 60 97 97 125 92 93 94 122 62 99 99 127 61 98 98 126 92 93 94 122 63 100 100 128 62 99 99 127 92 93 94 122 64 101 101 129 63 100 100 128 92 93 94 122 65 102 102 130 64 101 101 129 92 93 94 122 66 103 103 131 65 102 102 130 92 93 94 122 67 104 104 132 66 103 103 131 92 93 94 122 68 105 105 133 67 104 104 132 92 93 94 122 69 106 106 134 68 105 105 133 92 93 94 122 70 107 107 135 69 106 106 134 92 93 94 122 71 108 108 136 70 107 107 135 92 93 94 122 72 109 109 137 71 108 108 136 92 93 94 122 110 110 110 138 72 109 109 137 92 93 94 122 93 94 93 121 110 110 110 138 92 93 94 122 56 58 58 84 93 94 93 121 57 92 92 120 57 92 92 120 94 57 59 85 56 58 58 84 94 57 59 85 57 92 92 120 58 95 95 123 58 95 95 123 95 61 61 88 94 57 59 85 95 61 61 88 58 95 95 123 59 96 96 124 59 96 96 124 96 63 63 90 95 61 61 88 96 63 63 90 59 96 96 124 60 97 97 125 60 97 97 125 97 65 65 92 96 63 63 90 97 65 65 92 60 97 97 125 61 98 98 126 61 98 98 126 98 67 67 94 97 65 65 92 98 67 67 94 61 98 98 126 62 99 99 127 62 99 99 127 99 69 69 96 98 67 67 94 99 69 69 96 62 99 99 127 63 100 100 128 63 100 100 128 100 71 71 98 99 69 69 96 100 71 71 98 63 100 100 128 64 101 101 129 64 101 101 129 101 73 73 100 100 71 71 98 101 73 73 100 64 101 101 129 65 102 102 130 65 102 102 130 102 75 75 102 101 73 73 100 102 75 75 102 65 102 102 130 66 103 103 131 66 103 103 131 103 77 77 104 102 75 75 102 103 77 77 104 66 103 103 131 67 104 104 132 67 104 104 132 104 79 79 106 103 77 77 104 104 79 79 106 67 104 104 132 68 105 105 133 68 105 105 133 105 81 81 108 104 79 79 106 105 81 81 108 68 105 105 133 69 106 106 134 69 106 106 134 106 83 83 110 105 81 81 108 106 83 83 110 69 106 106 134 70 107 107 135 70 107 107 135 107 85 85 112 106 83 83 110 107 85 85 112 70 107 107 135 71 108 108 136 71 108 108 136 108 87 87 114 107 85 85 112 108 87 87 114 71 108 108 136 72 109 109 137 72 109 109 137 109 89 89 116 108 87 87 114 109 89 89 116 72 109 109 137 110 110 110 138 110 110 110 138 73 91 91 118 109 89 89 116 73 91 91 118 110 110 110 138 93 94 93 121 93 94 93 121 56 58 58 84 73 91 91 118 111 113 113 139 129 112 114 140 130 111 111 141 130 111 111 141 149 114 112 142 111 113 113 139 149 114 112 142 130 111 111 141 131 115 115 143 131 115 115 143 150 116 116 144 149 114 112 142 150 116 116 144 131 115 115 143 132 117 117 145 132 117 117 145 151 118 118 146 150 116 116 144 151 118 118 146 132 117 117 145 133 119 119 147 133 119 119 147 152 120 120 148 151 118 118 146 152 120 120 148 133 119 119 147 134 121 121 149 134 121 121 149 153 122 122 150 152 120 120 148 153 122 122 150 134 121 121 149 135 123 123 151 135 123 123 151 154 124 124 152 153 122 122 150 154 124 124 152 135 123 123 151 136 125 125 153 136 125 125 153 155 126 126 154 154 124 124 152 155 126 126 154 136 125 125 153 137 127 127 155 137 127 127 155 156 128 128 156 155 126 126 154 156 128 128 156 137 127 127 155 138 129 129 157 138 129 129 157 157 130 130 158 156 128 128 156 157 130 130 158 138 129 129 157 139 131 131 159 139 131 131 159 158 132 132 160 157 130 130 158 158 132 132 160 139 131 131 159 140 133 133 161 140 133 133 161 159 134 134 162 158 132 132 160 159 134 134 162 140 133 133 161 141 135 135 163 141 135 135 163 160 136 136 164 159 134 134 162 160 136 136 164 141 135 135 163 142 137 137 165 142 137 137 165 161 138 138 166 160 136 136 164 161 138 138 166 142 137 137 165 143 139 139 167 143 139 139 167 162 140 140 168 161 138 138 166 162 140 140 168 143 139 139 167 144 141 141 169 144 141 141 169 163 142 142 170 162 140 140 168 163 142 142 170 144 141 141 169 145 143 143 171 145 143 143 171 164 144 144 172 163 142 142 170 164 144 144 172 145 143 143 171 146 145 145 173 146 145 145 173 128 146 146 174 164 144 144 172 128 146 146 174 146 145 145 173 129 112 114 140 129 112 114 140 111 113 113 139 128 146 146 174 112 147 147 175 147 149 148 176 148 148 149 177 113 150 150 178 147 149 148 176 112 147 147 175 114 151 151 179 147 149 148 176 113 150 150 178 115 152 152 180 147 149 148 176 114 151 151 179 116 153 153 181 147 149 148 176 115 152 152 180 117 154 154 182 147 149 148 176 116 153 153 181 118 155 155 183 147 149 148 176 117 154 154 182 119 156 156 184 147 149 148 176 118 155 155 183 120 157 157 185 147 149 148 176 119 156 156 184 121 158 158 186 147 149 148 176 120 157 157 185 122 159 159 187 147 149 148 176 121 158 158 186 123 160 160 188 147 149 148 176 122 159 159 187 124 161 161 189 147 149 148 176 123 160 160 188 125 162 162 190 147 149 148 176 124 161 161 189 126 163 163 191 147 149 148 176 125 162 162 190 127 164 164 192 147 149 148 176 126 163 163 191 165 165 165 193 147 149 148 176 127 164 164 192 148 148 149 177 147 149 148 176 165 165 165 193 111 113 113 139 149 114 112 142 112 147 147 175 112 147 147 175 148 148 149 177 111 113 113 139 149 114 112 142 150 116 116 144 113 150 150 178 113 150 150 178 112 147 147 175 149 114 112 142 150 116 116 144 151 118 118 146 114 151 151 179 114 151 151 179 113 150 150 178 150 116 116 144 151 118 118 146 152 120 120 148 115 152 152 180 115 152 152 180 114 151 151 179 151 118 118 146 152 120 120 148 153 122 122 150 116 153 153 181 116 153 153 181 115 152 152 180 152 120 120 148 153 122 122 150 154 124 124 152 117 154 154 182 117 154 154 182 116 153 153 181 153 122 122 150 154 124 124 152 155 126 126 154 118 155 155 183 118 155 155 183 117 154 154 182 154 124 124 152 155 126 126 154 156 128 128 156 119 156 156 184 119 156 156 184 118 155 155 183 155 126 126 154 156 128 128 156 157 130 130 158 120 157 157 185 120 157 157 185 119 156 156 184 156 128 128 156 157 130 130 158 158 132 132 160 121 158 158 186 121 158 158 186 120 157 157 185 157 130 130 158 158 132 132 160 159 134 134 162 122 159 159 187 122 159 159 187 121 158 158 186 158 132 132 160 159 134 134 162 160 136 136 164 123 160 160 188 123 160 160 188 122 159 159 187 159 134 134 162 160 136 136 164 161 138 138 166 124 161 161 189 124 161 161 189 123 160 160 188 160 136 136 164 161 138 138 166 162 140 140 168 125 162 162 190 125 162 162 190 124 161 161 189 161 138 138 166 162 140 140 168 163 142 142 170 126 163 163 191 126 163 163 191 125 162 162 190 162 140 140 168 163 142 142 170 164 144 144 172 127 164 164 192 127 164 164 192 126 163 163 191 163 142 142 170 164 144 144 172 128 146 146 174 165 165 165 193 165 165 165 193 127 164 164 192 164 144 144 172 128 146 146 174 111 113 113 139 148 148 149 177 148 148 149 177 165 165 165 193 128 146 146 174 166 168 168 194 184 167 169 195 185 166 166 196 185 166 166 196 204 169 167 197 166 168 168 194 204 169 167 197 185 166 166 196 186 170 170 198 186 170 170 198 205 171 171 199 204 169 167 197 205 171 171 199 186 170 170 198 187 172 172 200 187 172 172 200 206 173 173 201 205 171 171 199 206 173 173 201 187 172 172 200 188 174 174 202 188 174 174 202 207 175 175 203 206 173 173 201 207 175 175 203 188 174 174 202 189 176 176 204 189 176 176 204 208 177 177 205 207 175 175 203 208 177 177 205 189 176 176 204 190 178 178 206 190 178 178 206 209 179 179 207 208 177 177 205 209 179 179 207 190 178 178 206 191 180 180 208 191 180 180 208 210 181 181 209 209 179 179 207 210 181 181 209 191 180 180 208 192 182 182 210 192 182 182 210 211 183 183 211 210 181 181 209 211 183 183 211 192 182 182 210 193 184 184 212 193 184 184 212 212 185 185 213 211 183 183 211 212 185 185 213 193 184 184 212 194 186 186 214 194 186 186 214 213 187 187 215 212 185 185 213 213 187 187 215 194 186 186 214 195 188 188 216 195 188 188 216 214 189 189 217 213 187 187 215 214 189 189 217 195 188 188 216 196 190 190 218 196 190 190 218 215 191 191 219 214 189 189 217 215 191 191 219 196 190 190 218 197 192 192 220 197 192 192 220 216 193 193 221 215 191 191 219 216 193 193 221 197 192 192 220 198 194 194 222 198 194 194 222 217 195 195 223 216 193 193 221 217 195 195 223 198 194 194 222 199 196 196 224 199 196 196 224 218 197 197 225 217 195 195 223 218 197 197 225 199 196 196 224 200 198 198 226 200 198 198 226 219 199 199 227 218 197 197 225 219 199 199 227 200 198 198 226 201 200 200 228 201 200 200 228 183 201 201 229 219 199 199 227 183 201 201 229 201 200 200 228 184 167 169 195 184 167 169 195 166 168 168 194 183 201 201 229 167 202 202 230 202 204 203 231 203 203 204 232 168 205 205 233 202 204 203 231 167 202 202 230 169 206 206 234 202 204 203 231 168 205 205 233 170 207 207 235 202 204 203 231 169 206 206 234 171 208 208 236 202 204 203 231 170 207 207 235 172 209 209 237 202 204 203 231 171 208 208 236 173 210 210 238 202 204 203 231 172 209 209 237 174 211 211 239 202 204 203 231 173 210 210 238 175 212 212 240 202 204 203 231 174 211 211 239 176 213 213 241 202 204 203 231 175 212 212 240 177 214 214 242 202 204 203 231 176 213 213 241 178 215 215 243 202 204 203 231 177 214 214 242 179 216 216 244 202 204 203 231 178 215 215 243 180 217 217 245 202 204 203 231 179 216 216 244 181 218 218 246 202 204 203 231 180 217 217 245 182 219 219 247 202 204 203 231 181 218 218 246 220 220 220 248 202 204 203 231 182 219 219 247 203 203 204 232 202 204 203 231 220 220 220 248 166 168 168 194 204 169 167 197 167 202 202 230 167 202 202 230 203 203 204 232 166 168 168 194 204 169 167 197 205 171 171 199 168 205 205 233 168 205 205 233 167 202 202 230 204 169 167 197 205 171 171 199 206 173 173 201 169 206 206 234 169 206 206 234 168 205 205 233 205 171 171 199 206 173 173 201 207 175 175 203 170 207 207 235 170 207 207 235 169 206 206 234 206 173 173 201 207 175 175 203 208 177 177 205 171 208 208 236 171 208 208 236 170 207 207 235 207 175 175 203 208 177 177 205 209 179 179 207 172 209 209 237 172 209 209 237 171 208 208 236 208 177 177 205 209 179 179 207 210 181 181 209 173 210 210 238 173 210 210 238 172 209 209 237 209 179 179 207 210 181 181 209 211 183 183 211 174 211 211 239 174 211 211 239 173 210 210 238 210 181 181 209 211 183 183 211 212 185 185 213 175 212 212 240 175 212 212 240 174 211 211 239 211 183 183 211 212 185 185 213 213 187 187 215 176 213 213 241 176 213 213 241 175 212 212 240 212 185 185 213 213 187 187 215 214 189 189 217 177 214 214 242 177 214 214 242 176 213 213 241 213 187 187 215 214 189 189 217 215 191 191 219 178 215 215 243 178 215 215 243 177 214 214 242 214 189 189 217 215 191 191 219 216 193 193 221 179 216 216 244 179 216 216 244 178 215 215 243 215 191 191 219 216 193 193 221 217 195 195 223 180 217 217 245 180 217 217 245 179 216 216 244 216 193 193 221 217 195 195 223 218 197 197 225 181 218 218 246 181 218 218 246 180 217 217 245 217 195 195 223 218 197 197 225 219 199 199 227 182 219 219 247 182 219 219 247 181 218 218 246 218 197 197 225 219 199 199 227 183 201 201 229 220 220 220 248 220 220 220 248 182 219 219 247 219 199 199 227 183 201 201 229 166 168 168 194 203 203 204 232 203 203 204 232 220 220 220 248 183 201 201 229 221 223 223 249 259 222 224 250 240 221 221 251 240 221 221 251 239 224 222 252 221 223 223 249 259 222 224 250 260 226 226 253 241 225 225 254 241 225 225 254 240 221 221 251 259 222 224 250 260 226 226 253 261 228 228 255 242 227 227 256 242 227 227 256 241 225 225 254 260 226 226 253 261 228 228 255 262 230 230 257 243 229 229 258 243 229 229 258 242 227 227 256 261 228 228 255 262 230 230 257 263 232 232 259 244 231 231 260 244 231 231 260 243 229 229 258 262 230 230 257 263 232 232 259 264 234 234 261 245 233 233 262 245 233 233 262 244 231 231 260 263 232 232 259 264 234 234 261 265 236 236 263 246 235 235 264 246 235 235 264 245 233 233 262 264 234 234 261 265 236 236 263 266 238 238 265 247 237 237 266 247 237 237 266 246 235 235 264 265 236 236 263 266 238 238 265 267 240 240 267 248 239 239 268 248 239 239 268 247 237 237 266 266 238 238 265 267 240 240 267 268 242 242 269 249 241 241 270 249 241 241 270 248 239 239 268 267 240 240 267 268 242 242 269 269 244 244 271 250 243 243 272 250 243 243 272 249 241 241 270 268 242 242 269 269 244 244 271 270 246 246 273 251 245 245 274 251 245 245 274 250 243 243 272 269 244 244 271 270 246 246 273 271 248 248 275 252 247 247 276 252 247 247 276 251 245 245 274 270 246 246 273 271 248 248 275 272 250 250 277 253 249 249 278 253 249 249 278 252 247 247 276 271 248 248 275 272 250 250 277 273 252 252 279 254 251 251 280 254 251 251 280 253 249 249 278 272 250 250 277 273 252 252 279 274 254 254 281 255 253 253 282 255 253 253 282 254 251 251 280 273 252 252 279 274 254 254 281 238 256 256 283 256 255 255 284 256 255 255 284 255 253 253 282 274 254 254 281 238 256 256 283 221 223 223 249 239 224 222 252 239 224 222 252 256 255 255 284 238 256 256 283 222 257 257 285 258 259 258 286 257 258 259 287 223 260 260 288 222 257 257 285 257 258 259 287 224 261 261 289 223 260 260 288 257 258 259 287 225 262 262 290 224 261 261 289 257 258 259 287 226 263 263 291 225 262 262 290 257 258 259 287 227 264 264 292 226 263 263 291 257 258 259 287 228 265 265 293 227 264 264 292 257 258 259 287 229 266 266 294 228 265 265 293 257 258 259 287 230 267 267 295 229 266 266 294 257 258 259 287 231 268 268 296 230 267 267 295 257 258 259 287 232 269 269 297 231 268 268 296 257 258 259 287 233 270 270 298 232 269 269 297 257 258 259 287 234 271 271 299 233 270 270 298 257 258 259 287 235 272 272 300 234 271 271 299 257 258 259 287 236 273 273 301 235 272 272 300 257 258 259 287 237 274 274 302 236 273 273 301 257 258 259 287 275 275 275 303 237 274 274 302 257 258 259 287 258 259 258 286 275 275 275 303 257 258 259 287 221 223 223 249 258 259 258 286 222 257 257 285 222 257 257 285 259 222 224 250 221 223 223 249 259 222 224 250 222 257 257 285 223 260 260 288 223 260 260 288 260 226 226 253 259 222 224 250 260 226 226 253 223 260 260 288 224 261 261 289 224 261 261 289 261 228 228 255 260 226 226 253 261 228 228 255 224 261 261 289 225 262 262 290 225 262 262 290 262 230 230 257 261 228 228 255 262 230 230 257 225 262 262 290 226 263 263 291 226 263 263 291 263 232 232 259 262 230 230 257 263 232 232 259 226 263 263 291 227 264 264 292 227 264 264 292 264 234 234 261 263 232 232 259 264 234 234 261 227 264 264 292 228 265 265 293 228 265 265 293 265 236 236 263 264 234 234 261 265 236 236 263 228 265 265 293 229 266 266 294 229 266 266 294 266 238 238 265 265 236 236 263 266 238 238 265 229 266 266 294 230 267 267 295 230 267 267 295 267 240 240 267 266 238 238 265 267 240 240 267 230 267 267 295 231 268 268 296 231 268 268 296 268 242 242 269 267 240 240 267 268 242 242 269 231 268 268 296 232 269 269 297 232 269 269 297 269 244 244 271 268 242 242 269 269 244 244 271 232 269 269 297 233 270 270 298 233 270 270 298 270 246 246 273 269 244 244 271 270 246 246 273 233 270 270 298 234 271 271 299 234 271 271 299 271 248 248 275 270 246 246 273 271 248 248 275 234 271 271 299 235 272 272 300 235 272 272 300 272 250 250 277 271 248 248 275 272 250 250 277 235 272 272 300 236 273 273 301 236 273 273 301 273 252 252 279 272 250 250 277 273 252 252 279 236 273 273 301 237 274 274 302 237 274 274 302 274 254 254 281 273 252 252 279 274 254 254 281 237 274 274 302 275 275 275 303 275 275 275 303 238 256 256 283 274 254 254 281 238 256 256 283 275 275 275 303 258 259 258 286 258 259 258 286 221 223 223 249 238 256 256 283</p>
        </triangles>
        <triangles material="PINE" count="1364">
          <input semantic="VERTEX" source="#geom-Iona_Shelving_Unit-vertices" offset="0"/>
          <input semantic="NORMAL" source="#geom-Iona_Shelving_Unit-normals" offset="1"/>
          <input semantic="TEXCOORD" source="#geom-Iona_Shelving_Unit-map1" offset="2" set="0"/>
          <input semantic="TEXTANGENT" source="#geom-Iona_Shelving_Unit-map1-textangents" offset="3" set="1"/>
          <input semantic="TEXBINORMAL" source="#geom-Iona_Shelving_Unit-map1-texbinormals" offset="3" set="1"/>
          <p>342 340 469 397 340 341 539 398 423 342 404 399 423 342 404 399 451 343 443 400 342 340 469 397 345 344 555 401 343 345 569 402 429 346 384 403 429 346 384 403 453 347 407 404 345 344 555 401 348 348 417 405 346 349 421 406 435 350 388 407 435 350 388 407 455 351 415 408 348 348 417 405 351 352 460 409 349 353 461 410 441 354 428 411 441 354 428 411 457 355 458 412 351 352 460 409 354 356 436 413 352 357 464 414 447 358 396 415 447 358 396 415 459 359 431 416 354 356 436 413 361 360 479 417 461 361 484 418 465 362 401 419 465 362 401 419 375 363 405 420 361 360 479 417 364 364 488 421 467 365 495 422 471 366 409 423 471 366 409 423 376 367 413 424 364 364 488 421 367 368 455 425 473 369 497 426 477 370 451 427 477 370 451 427 377 371 452 428 367 368 455 425 370 372 514 429 479 373 589 430 483 374 509 431 483 374 509 431 378 375 511 432 370 372 514 429 373 376 520 433 485 377 606 434 489 378 437 435 489 378 437 435 379 379 515 436 373 376 520 433 462 380 381 437 491 381 382 438 505 382 379 439 505 382 379 439 381 383 380 440 462 380 381 437 355 384 402 441 422 385 403 442 501 386 399 443 501 386 399 443 383 387 400 444 355 384 402 441 490 388 541 445 464 389 542 446 509 390 486 447 509 390 486 447 382 391 525 448 490 388 541 445 424 392 763 449 450 393 1414 450 507 394 546 451 507 394 546 451 385 395 553 452 424 392 763 449 362 396 440 453 460 397 441 454 513 398 406 455 513 398 406 455 384 399 439 456 362 396 440 453 420 400 470 457 425 401 480 458 511 402 442 459 511 402 442 459 387 403 444 460 420 400 470 457 360 404 548 461 463 405 551 462 503 406 543 463 503 406 543 463 386 407 547 464 360 404 548 461 341 408 1417 465 421 409 1418 466 515 410 1415 467 515 410 1415 467 380 411 1416 468 341 408 1417 465 468 412 386 469 493 413 408 470 521 414 383 471 521 414 383 471 389 415 385 472 468 412 386 469 356 416 412 473 428 417 414 474 517 418 410 475 517 418 410 475 391 419 411 476 356 416 412 473 492 420 559 477 470 421 563 478 525 422 528 479 525 422 528 479 390 423 557 480 492 420 559 477 430 424 1613 481 452 425 1614 482 523 426 752 483 523 426 752 483 393 427 1612 484 430 424 1613 481 365 428 447 485 466 429 448 486 529 430 445 487 529 430 445 487 392 431 446 488 365 428 447 485 426 432 471 489 431 433 472 490 527 434 449 491 527 434 449 491 395 435 450 492 426 432 471 489 363 436 684 493 469 437 787 494 519 438 564 495 519 438 564 495 394 439 567 496 363 436 684 493 344 440 1626 497 427 441 1627 498 531 442 1615 499 531 442 1615 499 388 443 1625 500 344 440 1626 497 474 444 390 501 495 445 416 502 537 446 387 503 537 446 387 503 397 447 389 504 474 444 390 501 357 448 420 505 434 449 422 506 533 450 418 507 533 450 418 507 399 451 419 508 357 448 420 505 494 452 574 509 476 453 581 510 541 454 502 511 541 454 502 511 398 455 504 512 494 452 574 509 436 456 579 513 454 457 580 514 539 458 575 515 539 458 575 515 401 459 577 516 436 456 579 513 368 460 565 517 472 461 566 518 545 462 531 519 545 462 531 519 400 463 562 520 368 460 565 517 432 464 474 521 437 465 498 522 543 466 456 523 543 466 456 523 403 467 473 524 432 464 474 521 366 468 586 525 475 469 704 526 535 470 583 527 535 470 583 527 402 471 585 528 366 468 586 525 347 472 801 529 433 473 802 530 547 474 779 531 547 474 779 531 396 475 780 532 347 472 801 529 480 476 393 533 497 477 394 534 553 478 391 535 553 478 391 535 405 479 392 536 480 476 393 533 358 480 425 537 440 481 426 538 549 482 423 539 549 482 423 539 407 483 424 540 358 480 425 537 496 484 595 541 482 485 599 542 557 486 590 543 557 486 590 543 406 487 591 544 496 484 595 541 442 488 597 545 456 489 602 546 555 490 476 547 555 490 476 547 409 491 593 548 442 488 597 545 371 492 430 549 478 493 457 550 561 494 427 551 561 494 427 551 408 495 429 552 371 492 430 549 438 496 475 553 443 497 506 554 559 498 459 555 559 498 459 555 411 499 462 556 438 496 475 553 369 500 1542 557 481 501 1543 558 551 502 823 559 551 502 823 559 410 503 824 560 369 500 1542 557 350 504 843 561 439 505 844 562 563 506 785 563 563 506 785 563 404 507 786 564 350 504 843 561 486 508 398 565 499 509 432 566 569 510 395 567 569 510 395 567 413 511 397 568 486 508 398 565 359 512 435 569 446 513 438 570 565 514 433 571 565 514 433 571 415 515 434 572 359 512 435 569 498 516 1677 573 488 517 1678 574 573 518 1675 575 573 518 1675 575 414 519 1676 576 498 516 1677 573 448 520 609 577 458 521 610 578 571 522 467 579 571 522 467 579 417 523 477 580 448 520 609 577 374 524 466 581 484 525 468 582 577 526 463 583 577 526 463 583 416 527 465 584 374 524 466 581 444 528 517 585 449 529 518 586 575 530 478 587 575 530 478 587 419 531 516 588 444 528 517 585 372 532 1681 589 487 533 1682 590 567 534 1679 591 567 534 1679 591 418 535 1680 592 372 532 1681 589 353 536 835 593 445 537 836 594 579 538 613 595 579 538 613 595 412 539 618 596 353 536 835 593 508 540 717 597 512 541 718 598 502 542 653 599 502 542 653 599 504 543 654 600 508 540 717 597 514 544 1421 601 510 545 1422 602 506 546 1419 603 506 546 1419 603 500 547 1420 604 514 544 1421 601 524 548 1641 605 528 549 1642 606 518 550 788 607 518 550 788 607 520 551 1640 608 524 548 1641 605 530 552 1630 609 526 553 1631 610 522 554 1628 611 522 554 1628 611 516 555 1629 612 530 552 1630 609 540 556 887 613 544 557 888 614 534 558 809 615 534 558 809 615 536 559 810 616 540 556 887 613 546 560 931 617 542 561 938 618 538 562 889 619 538 562 889 619 532 563 890 620 546 560 931 617 556 564 1546 621 560 565 1547 622 550 566 1544 623 550 566 1544 623 552 567 1545 624 556 564 1546 621 562 568 1550 625 558 569 1551 626 554 570 1548 627 554 570 1548 627 548 571 1549 628 562 568 1550 625 572 572 1685 629 576 573 1686 630 566 574 1683 631 566 574 1683 631 568 575 1684 632 572 572 1685 629 578 576 1671 633 574 577 1672 634 570 578 1669 635 570 578 1669 635 564 579 1670 636 578 576 1671 633 340 341 481 637 420 400 470 457 421 409 482 638 341 408 483 639 422 385 403 442 423 342 485 640 342 340 487 641 424 392 524 642 425 401 480 458 343 345 489 643 426 432 471 489 427 441 490 644 344 440 491 645 428 417 414 474 429 346 492 646 345 344 493 647 430 424 494 648 431 433 472 490 346 349 499 649 432 464 474 521 433 473 500 650 347 472 501 651 434 449 422 506 435 350 503 652 348 348 505 653 436 456 532 654 437 465 498 522 349 353 507 655 438 496 475 553 439 505 508 656 350 504 510 657 440 481 426 538 441 354 512 658 351 352 513 659 442 488 533 660 443 497 506 554 352 357 519 661 444 528 517 585 445 537 521 662 353 536 522 663 446 513 438 570 447 358 523 664 354 356 536 665 448 520 537 666 449 529 518 586 355 384 402 441 450 393 526 667 451 343 540 668 356 416 412 473 452 425 496 669 453 347 527 670 357 448 420 505 454 457 572 671 455 351 576 672 358 480 425 537 456 489 534 673 457 355 535 674 359 512 435 569 458 521 538 675 459 359 603 676 360 404 544 677 460 397 441 454 461 361 545 678 361 360 549 679 462 380 381 437 463 405 550 680 362 396 440 453 464 389 552 681 465 362 554 682 363 436 529 683 466 429 448 486 467 365 530 684 364 364 556 685 468 412 386 469 469 437 558 686 365 428 447 485 470 421 560 687 471 366 561 688 366 468 571 689 472 461 566 518 473 369 573 690 367 368 453 691 474 444 390 501 475 469 454 692 368 460 565 517 476 453 705 693 477 370 708 694 369 500 587 695 478 493 457 550 479 373 588 696 370 372 592 697 480 476 393 533 481 501 594 698 371 492 430 549 482 485 596 699 483 374 598 700 372 532 604 701 484 525 468 582 485 377 605 702 373 376 607 703 486 508 398 565 487 533 608 704 374 524 466 581 488 517 611 705 489 378 612 706 375 363 619 707 490 388 620 708 491 381 382 438 376 367 568 709 492 420 570 710 493 413 408 470 377 371 578 711 494 452 582 712 495 445 416 502 378 375 600 713 496 484 601 714 497 477 394 534 379 379 614 715 498 516 615 716 499 509 432 566 380 411 621 717 500 547 622 718 501 386 399 443 381 383 380 440 502 542 623 719 503 406 624 720 382 391 625 721 504 543 626 722 505 382 379 439 383 387 400 444 506 546 627 723 507 394 628 724 384 399 439 456 508 540 629 725 509 390 630 726 385 395 631 727 510 545 632 728 511 402 442 459 386 407 633 729 512 541 634 730 513 398 406 455 387 403 444 460 514 544 635 731 515 410 636 732 388 443 655 733 516 555 656 734 517 418 410 475 389 415 385 472 518 550 657 735 519 438 658 736 390 423 659 737 520 551 660 738 521 414 383 471 391 419 411 476 522 554 661 739 523 426 662 740 392 431 446 488 524 548 663 741 525 422 664 742 393 427 665 743 526 553 666 744 527 434 449 491 394 439 667 745 528 549 668 746 529 430 445 487 395 435 450 492 530 552 669 747 531 442 670 748 396 475 694 749 532 563 695 750 533 450 418 507 397 447 389 504 534 558 584 751 535 470 691 752 398 455 692 753 536 559 693 754 537 446 387 503 399 451 419 508 538 562 702 755 539 458 703 756 400 463 562 520 540 556 709 757 541 454 712 758 401 459 706 759 542 561 707 760 543 466 456 523 402 471 719 761 544 557 1241 762 545 462 531 519 403 467 473 524 546 560 710 763 547 474 711 764 404 507 753 765 548 571 754 766 549 482 423 539 405 479 392 536 550 566 755 767 551 502 756 768 406 487 757 769 552 567 758 770 553 478 391 535 407 483 424 540 554 570 759 771 555 490 760 772 408 495 429 552 556 564 765 773 557 486 766 774 409 491 767 775 558 569 768 776 559 498 459 555 410 503 769 777 560 565 770 778 561 494 427 551 411 499 462 556 562 568 771 779 563 506 772 780 412 539 616 781 564 579 617 782 565 514 433 571 413 511 397 568 566 574 725 783 567 534 726 784 414 519 727 785 568 575 728 786 569 510 395 567 415 515 434 572 570 578 729 787 571 522 730 788 416 527 465 584 572 572 731 789 573 518 732 790 417 523 733 791 574 577 734 792 575 530 478 587 418 535 735 793 576 573 736 794 577 526 463 583 419 531 516 588 578 576 737 795 579 538 738 796 423 342 485 640 422 385 403 442 355 384 402 441 355 384 402 441 451 343 540 668 423 342 485 640 451 343 443 400 450 393 1414 450 424 392 763 449 424 392 763 449 342 340 469 397 451 343 443 400 342 340 487 641 425 401 480 458 420 400 470 457 420 400 470 457 340 341 481 637 342 340 487 641 340 341 1432 797 421 409 1418 466 341 408 1417 465 341 408 1417 465 423 342 1431 798 340 341 1432 797 429 346 492 646 428 417 414 474 356 416 412 473 356 416 412 473 453 347 527 670 429 346 492 646 453 347 407 404 452 425 1614 482 430 424 1613 481 430 424 1613 481 345 344 555 401 453 347 407 404 345 344 493 647 431 433 472 490 426 432 471 489 426 432 471 489 343 345 489 643 345 344 493 647 343 345 1646 799 427 441 1627 498 344 440 1626 497 344 440 1626 497 429 346 1643 800 343 345 1646 799 435 350 503 652 434 449 422 506 357 448 420 505 357 448 420 505 455 351 576 672 435 350 503 652 455 351 415 408 454 457 580 514 436 456 579 513 436 456 579 513 348 348 417 405 455 351 415 408 348 348 505 653 437 465 498 522 432 464 474 521 432 464 474 521 346 349 499 649 348 348 505 653 346 349 421 406 433 473 1588 801 347 472 1587 802 347 472 1587 802 435 350 388 407 346 349 421 406 441 354 512 658 440 481 426 538 358 480 425 537 358 480 425 537 457 355 535 674 441 354 512 658 457 355 458 412 456 489 602 546 442 488 597 545 442 488 597 545 351 352 460 409 457 355 458 412 351 352 513 659 443 497 506 554 438 496 475 553 438 496 475 553 349 353 507 655 351 352 513 659 349 353 461 410 439 505 1553 803 350 504 1552 804 350 504 1552 804 441 354 428 411 349 353 461 410 447 358 523 664 446 513 438 570 359 512 435 569 359 512 435 569 459 359 603 676 447 358 523 664 459 359 431 416 458 521 610 578 448 520 609 577 448 520 609 577 354 356 436 413 459 359 431 416 354 356 536 665 449 529 518 586 444 528 517 585 444 528 517 585 352 357 519 661 354 356 536 665 352 357 464 414 445 537 1674 805 353 536 1673 806 353 536 1673 806 447 358 396 415 352 357 464 414 465 362 401 419 464 389 542 446 490 388 541 445 490 388 541 445 375 363 405 420 465 362 401 419 375 363 619 707 491 381 382 438 462 380 381 437 462 380 381 437 361 360 549 679 375 363 619 707 361 360 1408 807 463 405 551 462 360 404 548 461 360 404 548 461 461 361 1409 808 361 360 1408 807 461 361 545 678 460 397 441 454 362 396 440 453 362 396 440 453 465 362 554 682 461 361 545 678 471 366 409 423 470 421 563 478 492 420 559 477 492 420 559 477 376 367 413 424 471 366 409 423 376 367 568 709 493 413 408 470 468 412 386 469 468 412 386 469 364 364 556 685 376 367 568 709 364 364 1644 809 469 437 787 494 363 436 684 493 363 436 684 493 467 365 1645 810 364 364 1644 809 467 365 530 684 466 429 448 486 365 428 447 485 365 428 447 485 471 366 561 688 467 365 530 684 477 370 451 427 476 453 1251 811 494 452 1242 812 494 452 1242 812 377 371 452 428 477 370 451 427 377 371 578 711 495 445 416 502 474 444 390 501 474 444 390 501 367 368 453 691 377 371 578 711 367 368 455 425 475 469 704 526 366 468 586 525 366 468 586 525 473 369 497 426 367 368 455 425 473 369 573 690 472 461 566 518 368 460 565 517 368 460 565 517 477 370 708 694 473 369 573 690 483 374 509 431 482 485 599 542 496 484 595 541 496 484 595 541 378 375 511 432 483 374 509 431 378 375 600 713 497 477 394 534 480 476 393 533 480 476 393 533 370 372 592 697 378 375 600 713 370 372 1616 813 481 501 1543 558 369 500 1542 557 369 500 1542 557 479 373 1617 814 370 372 1616 813 479 373 588 696 478 493 457 550 371 492 430 549 371 492 430 549 483 374 598 700 479 373 588 696 489 378 437 435 488 517 1678 574 498 516 1677 573 498 516 1677 573 379 379 515 436 489 378 437 435 379 379 614 715 499 509 432 566 486 508 398 565 486 508 398 565 373 376 607 703 379 379 614 715 373 376 520 433 487 533 1688 815 372 532 1687 816 372 532 1687 816 485 377 606 434 373 376 520 433 485 377 605 702 484 525 468 582 374 524 466 581 374 524 466 581 489 378 612 706 485 377 605 702 422 385 403 442 341 408 483 639 380 411 621 717 380 411 621 717 501 386 399 443 422 385 403 442 491 381 382 438 490 388 620 708 382 391 625 721 382 391 625 721 505 382 379 439 491 381 382 438 464 389 552 681 362 396 440 453 384 399 439 456 384 399 439 456 509 390 630 726 464 389 552 681 460 397 441 454 360 404 544 677 386 407 633 729 386 407 633 729 513 398 406 455 460 397 441 454 428 417 414 474 344 440 491 645 388 443 655 733 388 443 655 733 517 418 410 475 428 417 414 474 493 413 408 470 492 420 570 710 390 423 659 737 390 423 659 737 521 414 383 471 493 413 408 470 470 421 560 687 365 428 447 485 392 431 446 488 392 431 446 488 525 422 664 742 470 421 560 687 466 429 448 486 363 436 529 683 394 439 667 745 394 439 667 745 529 430 445 487 466 429 448 486 434 449 422 506 347 472 501 651 396 475 694 749 396 475 694 749 533 450 418 507 434 449 422 506 495 445 416 502 494 452 582 712 398 455 692 753 398 455 692 753 537 446 387 503 495 445 416 502 476 453 705 693 368 460 565 517 400 463 562 520 400 463 562 520 541 454 712 758 476 453 705 693 472 461 566 518 366 468 571 689 402 471 719 761 402 471 719 761 545 462 531 519 472 461 566 518 440 481 426 538 350 504 510 657 404 507 753 765 404 507 753 765 549 482 423 539 440 481 426 538 497 477 394 534 496 484 601 714 406 487 757 769 406 487 757 769 553 478 391 535 497 477 394 534 482 485 596 699 371 492 430 549 408 495 429 552 408 495 429 552 557 486 766 774 482 485 596 699 478 493 457 550 369 500 587 695 410 503 769 777 410 503 769 777 561 494 427 551 478 493 457 550 446 513 438 570 353 536 522 663 412 539 616 781 412 539 616 781 565 514 433 571 446 513 438 570 499 509 432 566 498 516 615 716 414 519 727 785 414 519 727 785 569 510 395 567 499 509 432 566 488 517 611 705 374 524 466 581 416 527 465 584 416 527 465 584 573 518 732 790 488 517 611 705 484 525 468 582 372 532 604 701 418 535 735 793 418 535 735 793 577 526 463 583 484 525 468 582 381 383 380 440 503 406 624 720 463 405 550 680 463 405 550 680 462 380 381 437 381 383 380 440 383 387 400 444 507 394 628 724 450 393 526 667 450 393 526 667 355 384 402 441 383 387 400 444 385 395 631 727 511 402 442 459 425 401 480 458 425 401 480 458 424 392 524 642 385 395 631 727 387 403 444 460 515 410 636 732 421 409 482 638 421 409 482 638 420 400 470 457 387 403 444 460 389 415 385 472 519 438 658 736 469 437 558 686 469 437 558 686 468 412 386 469 389 415 385 472 391 419 411 476 523 426 662 740 452 425 496 669 452 425 496 669 356 416 412 473 391 419 411 476 393 427 665 743 527 434 449 491 431 433 472 490 431 433 472 490 430 424 494 648 393 427 665 743 395 435 450 492 531 442 670 748 427 441 490 644 427 441 490 644 426 432 471 489 395 435 450 492 397 447 389 504 535 470 691 752 475 469 454 692 475 469 454 692 474 444 390 501 397 447 389 504 399 451 419 508 539 458 703 756 454 457 572 671 454 457 572 671 357 448 420 505 399 451 419 508 401 459 706 759 543 466 456 523 437 465 498 522 437 465 498 522 436 456 532 654 401 459 706 759 403 467 473 524 547 474 711 764 433 473 500 650 433 473 500 650 432 464 474 521 403 467 473 524 405 479 392 536 551 502 756 768 481 501 594 698 481 501 594 698 480 476 393 533 405 479 392 536 407 483 424 540 555 490 760 772 456 489 534 673 456 489 534 673 358 480 425 537 407 483 424 540 409 491 767 775 559 498 459 555 443 497 506 554 443 497 506 554 442 488 533 660 409 491 767 775 411 499 462 556 563 506 772 780 439 505 508 656 439 505 508 656 438 496 475 553 411 499 462 556 413 511 397 568 567 534 726 784 487 533 608 704 487 533 608 704 486 508 398 565 413 511 397 568 415 515 434 572 571 522 730 788 458 521 538 675 458 521 538 675 359 512 435 569 415 515 434 572 417 523 733 791 575 530 478 587 449 529 518 586 449 529 518 586 448 520 537 666 417 523 733 791 419 531 516 588 579 538 738 796 445 537 521 662 445 537 521 662 444 528 517 585 419 531 516 588 505 382 379 439 504 543 626 722 502 542 623 719 502 542 623 719 381 383 380 440 505 382 379 439 501 386 399 443 500 547 622 718 506 546 627 723 506 546 627 723 383 387 400 444 501 386 399 443 509 390 486 447 508 540 717 597 504 543 654 600 504 543 654 600 382 391 525 448 509 390 486 447 507 394 546 451 506 546 1419 603 510 545 1422 602 510 545 1422 602 385 395 553 452 507 394 546 451 513 398 406 455 512 541 634 730 508 540 629 725 508 540 629 725 384 399 439 456 513 398 406 455 511 402 442 459 510 545 632 728 514 544 635 731 514 544 635 731 387 403 444 460 511 402 442 459 503 406 543 463 502 542 653 599 512 541 718 598 512 541 718 598 386 407 547 464 503 406 543 463 515 410 1415 467 514 544 1421 601 500 547 1420 604 500 547 1420 604 380 411 1416 468 515 410 1415 467 521 414 383 471 520 551 660 738 518 550 657 735 518 550 657 735 389 415 385 472 521 414 383 471 517 418 410 475 516 555 656 734 522 554 661 739 522 554 661 739 391 419 411 476 517 418 410 475 525 422 528 479 524 548 1641 605 520 551 1640 608 520 551 1640 608 390 423 557 480 525 422 528 479 523 426 752 483 522 554 1628 611 526 553 1631 610 526 553 1631 610 393 427 1612 484 523 426 752 483 529 430 445 487 528 549 668 746 524 548 663 741 524 548 663 741 392 431 446 488 529 430 445 487 527 434 449 491 526 553 666 744 530 552 669 747 530 552 669 747 395 435 450 492 527 434 449 491 519 438 564 495 518 550 788 607 528 549 1642 606 528 549 1642 606 394 439 567 496 519 438 564 495 531 442 1615 499 530 552 1630 609 516 555 1629 612 516 555 1629 612 388 443 1625 500 531 442 1615 499 537 446 387 503 536 559 693 754 534 558 584 751 534 558 584 751 397 447 389 504 537 446 387 503 533 450 418 507 532 563 695 750 538 562 702 755 538 562 702 755 399 451 419 508 533 450 418 507 541 454 502 511 540 556 887 613 536 559 810 616 536 559 810 616 398 455 504 512 541 454 502 511 539 458 575 515 538 562 889 619 542 561 938 618 542 561 938 618 401 459 577 516 539 458 575 515 545 462 531 519 544 557 1241 762 540 556 709 757 540 556 709 757 400 463 562 520 545 462 531 519 543 466 456 523 542 561 707 760 546 560 710 763 546 560 710 763 403 467 473 524 543 466 456 523 535 470 583 527 534 558 809 615 544 557 888 614 544 557 888 614 402 471 585 528 535 470 583 527 547 474 779 531 546 560 931 617 532 563 890 620 532 563 890 620 396 475 780 532 547 474 779 531 553 478 391 535 552 567 758 770 550 566 755 767 550 566 755 767 405 479 392 536 553 478 391 535 549 482 423 539 548 571 754 766 554 570 759 771 554 570 759 771 407 483 424 540 549 482 423 539 557 486 590 543 556 564 1546 621 552 567 1545 624 552 567 1545 624 406 487 591 544 557 486 590 543 555 490 476 547 554 570 1548 627 558 569 1551 626 558 569 1551 626 409 491 593 548 555 490 476 547 561 494 427 551 560 565 770 778 556 564 765 773 556 564 765 773 408 495 429 552 561 494 427 551 559 498 459 555 558 569 768 776 562 568 771 779 562 568 771 779 411 499 462 556 559 498 459 555 551 502 823 559 550 566 1544 623 560 565 1547 622 560 565 1547 622 410 503 824 560 551 502 823 559 563 506 785 563 562 568 1550 625 548 571 1549 628 548 571 1549 628 404 507 786 564 563 506 785 563 569 510 395 567 568 575 728 786 566 574 725 783 566 574 725 783 413 511 397 568 569 510 395 567 565 514 433 571 564 579 617 782 570 578 729 787 570 578 729 787 415 515 434 572 565 514 433 571 573 518 1675 575 572 572 1685 629 568 575 1684 632 568 575 1684 632 414 519 1676 576 573 518 1675 575 571 522 467 579 570 578 1669 635 574 577 1672 634 574 577 1672 634 417 523 477 580 571 522 467 579 577 526 463 583 576 573 736 794 572 572 731 789 572 572 731 789 416 527 465 584 577 526 463 583 575 530 478 587 574 577 734 792 578 576 737 795 578 576 737 795 419 531 516 588 575 530 478 587 567 534 1679 591 566 574 1683 631 576 573 1686 630 576 573 1686 630 418 535 1680 592 567 534 1679 591 579 538 613 595 578 576 1671 633 564 579 1670 636 564 579 1670 636 412 539 618 596 579 538 613 595 751 580 698 817 753 581 701 818 583 582 696 819 583 582 696 819 580 583 697 820 751 580 698 817 961 584 872 821 689 585 873 822 626 586 860 823 626 586 860 823 831 587 871 824 961 584 872 821 757 588 900 825 761 589 905 826 587 590 874 827 587 590 874 827 585 591 899 828 757 588 900 825 976 592 918 829 854 593 919 830 698 594 910 831 698 594 910 831 846 595 917 832 976 592 918 829 767 596 881 833 769 597 882 834 591 598 879 835 591 598 879 835 588 599 880 836 767 596 881 833 993 600 933 837 705 601 934 838 642 602 916 839 642 602 916 839 863 603 932 840 993 600 933 837 773 604 1004 841 777 605 1005 842 595 606 935 843 595 606 935 843 593 607 1003 844 773 604 1004 841 1008 608 1008 845 886 609 1009 846 714 610 1006 847 714 610 1006 847 878 611 1007 848 1008 608 1008 845 783 612 945 849 785 613 946 850 599 614 939 851 599 614 939 851 596 615 944 852 783 612 945 849 1023 616 1019 853 720 617 1020 854 657 618 947 855 657 618 947 855 893 619 954 856 1023 616 1019 853 789 620 1023 857 793 621 1024 858 603 622 1021 859 603 622 1021 859 601 623 1022 860 789 620 1023 857 1034 624 1121 861 912 625 1123 862 914 626 1025 863 914 626 1025 863 904 627 1026 864 1034 624 1121 861 799 628 865 865 801 629 866 866 607 630 863 867 607 630 863 867 604 631 864 868 799 628 865 865 1047 632 903 869 732 633 904 870 669 634 901 871 669 634 901 871 917 635 902 872 1047 632 903 869 805 636 914 873 809 637 943 874 611 638 907 875 611 638 907 875 609 639 913 876 805 636 914 873 1058 640 973 877 936 641 974 878 938 642 950 879 938 642 950 879 928 643 951 880 1058 640 973 877 815 644 955 881 817 645 957 882 615 646 892 883 615 646 892 883 612 647 895 884 815 644 955 881 943 648 962 885 945 649 1028 886 679 650 958 887 679 650 958 887 676 651 960 888 943 648 962 885 821 652 1038 889 825 653 1039 890 619 654 1031 891 619 654 1031 891 617 655 1033 892 821 652 1038 889 950 656 1157 893 952 657 1162 894 954 658 1041 895 954 658 1041 895 948 659 1155 896 950 656 1157 893 629 660 639 897 686 661 640 898 830 662 637 899 830 662 637 899 977 663 638 900 629 660 639 897 967 664 643 901 984 665 644 902 633 666 641 903 633 666 641 903 840 667 642 904 967 664 643 901 645 668 673 905 702 669 674 906 862 670 671 907 862 670 671 907 1009 671 672 908 645 668 673 905 999 672 681 909 1016 673 682 910 649 674 675 911 649 674 675 911 872 675 676 912 999 672 681 909 907 676 722 913 717 677 723 914 892 678 720 915 892 678 720 915 909 679 721 916 907 676 722 913 1029 680 742 917 1040 681 743 918 661 682 724 919 661 682 724 919 902 683 741 920 1029 680 742 917 931 684 783 921 729 685 784 922 916 686 781 923 916 686 781 923 933 687 782 924 931 684 783 921 1053 688 815 925 1064 689 816 926 673 690 813 927 673 690 813 927 926 691 814 928 1053 688 815 925 680 692 791 929 677 693 792 930 941 694 739 931 941 694 739 931 951 695 740 932 680 692 791 929 944 696 795 933 955 697 796 934 682 698 793 935 682 698 793 935 946 699 794 936 944 696 795 933 584 700 967 937 759 701 969 938 965 702 920 939 965 702 920 939 687 703 964 940 584 700 967 937 835 704 989 941 837 705 990 942 625 706 987 943 625 706 987 943 622 707 988 944 835 704 989 941 754 708 993 945 752 709 994 946 957 710 991 947 957 710 991 947 691 711 992 948 754 708 993 945 627 712 1058 949 829 713 1061 950 959 714 1046 951 959 714 1046 951 690 715 1056 952 627 712 1058 949 581 716 1068 953 749 717 1069 954 981 718 1062 955 981 718 1062 955 695 719 1063 956 581 716 1068 953 850 720 1103 957 852 721 1106 958 697 722 1070 959 697 722 1070 959 630 723 1092 960 850 720 1103 957 762 724 1175 961 760 725 1176 962 973 726 1172 963 973 726 1172 963 699 727 1173 964 762 724 1175 961 858 728 1186 965 844 729 1187 966 974 730 1178 967 974 730 1178 967 856 731 1179 968 858 728 1186 965 592 732 1093 969 775 733 1094 970 997 734 1010 971 997 734 1010 971 703 735 1088 972 592 732 1093 969 867 736 1102 973 869 737 1120 974 641 738 1095 975 641 738 1095 975 638 739 1101 976 867 736 1102 973 770 740 1223 977 768 741 1224 978 989 742 1127 979 989 742 1127 979 707 743 1130 980 770 740 1223 977 643 744 1237 981 861 745 1238 982 991 746 1226 983 991 746 1226 983 706 747 1235 984 643 744 1237 981 589 748 1253 985 765 749 1256 986 1013 750 1249 987 1013 750 1249 987 711 751 1250 988 589 748 1253 985 882 752 1263 989 884 753 1287 990 713 754 1260 991 713 754 1260 991 646 755 1261 992 882 752 1263 989 778 756 1290 993 776 757 1300 994 1005 758 1288 995 1005 758 1288 995 715 759 1289 996 778 756 1290 993 890 760 1471 997 876 761 1472 998 1006 762 1301 999 1006 762 1301 999 888 763 1302 1000 890 760 1471 997 586 764 647 1001 756 765 648 1002 963 766 645 1003 963 766 645 1003 692 767 646 1004 586 764 647 1001 628 768 651 1005 623 769 652 1006 833 770 649 1007 833 770 649 1007 975 771 650 1008 628 768 651 1005 582 772 679 1009 750 773 680 1010 979 774 677 1011 979 774 677 1011 684 775 678 1012 582 772 679 1009 828 776 764 1013 851 777 811 1014 849 778 761 1015 849 778 761 1015 685 779 762 1016 828 776 764 1013 758 780 861 1017 763 781 862 1018 987 782 812 1019 987 782 812 1019 688 783 859 1020 758 780 861 1017 836 784 909 1021 859 785 911 1022 634 786 906 1023 634 786 906 1023 838 787 908 1024 836 784 909 1021 748 788 929 1025 755 789 930 1026 971 790 912 1027 971 790 912 1027 696 791 923 1028 748 788 929 1025 632 792 966 1029 842 793 968 1030 969 794 963 1031 969 794 963 1031 982 795 965 1032 632 792 966 1029 594 796 1275 1033 772 797 1276 1034 995 798 1273 1035 995 798 1273 1035 708 799 1274 1036 594 796 1275 1033 644 800 1112 1037 639 801 1113 1038 865 802 1110 1039 865 802 1110 1039 1007 803 1111 1040 644 800 1112 1037 590 804 686 1041 766 805 687 1042 1011 806 683 1043 1011 806 683 1043 700 807 685 1044 590 804 686 1041 860 808 690 1045 883 809 699 1046 881 810 688 1047 881 810 688 1047 701 811 689 1048 860 808 690 1045 774 812 1285 1049 779 813 1286 1050 1019 814 1277 1051 1019 814 1277 1051 704 815 1278 1052 774 812 1285 1049 868 816 1116 1053 891 817 1119 1054 650 818 1114 1055 650 818 1114 1055 870 819 1115 1056 868 816 1116 1053 764 820 714 1057 771 821 715 1058 1003 822 700 1059 1003 822 700 1059 712 823 713 1060 764 820 714 1057 648 824 746 1061 874 825 747 1062 1001 826 716 1063 1001 826 716 1063 1014 827 745 1064 648 824 746 1061 600 828 1144 1065 791 829 1151 1066 1027 830 1125 1067 1027 830 1125 1067 718 831 1133 1068 600 828 1144 1065 897 832 1280 1069 899 833 1292 1070 656 834 1154 1071 656 834 1154 1071 653 835 1271 1072 897 832 1280 1069 786 836 1299 1073 784 837 1323 1074 1021 838 1295 1075 1021 838 1295 1075 721 839 1297 1076 786 836 1299 1073 597 840 1326 1077 781 841 1336 1078 1039 842 1324 1079 1039 842 1324 1079 724 843 1325 1080 597 840 1326 1077 908 844 1498 1081 910 845 1499 1082 726 846 1337 1083 726 846 1337 1083 659 847 1338 1084 908 844 1498 1081 794 848 1502 1085 792 849 1503 1086 1033 850 1500 1087 1033 850 1500 1087 727 851 1501 1088 794 848 1502 1085 608 852 1049 1089 807 853 1050 1090 1051 854 1047 1091 1051 854 1047 1091 730 855 1048 1092 608 852 1049 1089 921 856 1053 1093 923 857 1054 1094 668 858 1051 1095 668 858 1051 1095 665 859 1052 1096 921 856 1053 1093 802 860 1071 1097 800 861 1072 1098 1045 862 1059 1099 1045 862 1059 1099 733 863 1060 1100 802 860 1071 1097 605 864 1147 1101 797 865 1149 1102 1063 866 1073 1103 1063 866 1073 1103 736 867 1074 1104 605 864 1147 1101 932 868 1197 1105 934 869 1198 1106 738 870 1184 1107 738 870 1184 1107 671 871 1185 1108 932 868 1197 1105 810 872 1216 1109 808 873 1217 1110 1057 874 1199 1111 1057 874 1199 1111 739 875 1200 1112 810 872 1216 1109 602 876 774 1113 788 877 775 1114 1025 878 744 1115 1025 878 744 1115 722 879 773 1116 602 876 774 1113 658 880 778 1117 654 881 797 1118 895 882 776 1119 895 882 776 1119 1035 883 777 1120 658 880 778 1117 598 884 800 1121 782 885 875 1122 1037 886 798 1123 1037 886 798 1123 716 887 799 1124 598 884 800 1121 790 888 878 1125 795 889 936 1126 1043 890 876 1127 1043 890 876 1127 719 891 877 1128 790 888 878 1125 898 892 953 1129 915 893 995 1130 662 894 940 1131 662 894 940 1131 900 895 949 1132 898 892 953 1129 780 896 998 1133 787 897 999 1134 1031 898 996 1135 1031 898 996 1135 725 899 997 1136 780 896 998 1133 610 900 819 1137 804 901 820 1138 1049 902 817 1139 1049 902 817 1139 734 903 818 1140 610 900 819 1137 670 904 839 1141 666 905 840 1142 919 906 821 1143 919 906 821 1143 1059 907 822 1144 670 904 839 1141 606 908 845 1145 798 909 846 1146 1061 910 841 1147 1061 910 841 1147 728 911 842 1148 606 908 845 1145 806 912 849 1149 811 913 850 1150 1067 914 847 1151 1067 914 847 1151 731 915 848 1152 806 912 849 1149 922 916 883 1153 939 917 884 1154 674 918 855 1155 674 918 855 1155 924 919 856 1156 922 916 883 1153 796 920 948 1157 803 921 952 1158 1055 922 885 1159 1055 922 885 1159 737 923 886 1160 796 920 948 1157 616 924 1165 1161 823 925 1167 1162 1073 926 1163 1163 1073 926 1163 1163 741 927 1164 1164 616 924 1165 1161 818 928 1340 1165 816 929 1341 1166 1069 930 1168 1167 1069 930 1168 1167 743 931 1169 1168 818 928 1340 1165 613 932 1346 1169 813 933 1347 1170 1081 934 1342 1171 1081 934 1342 1171 745 935 1343 1172 613 932 1346 1169 826 936 1352 1173 824 937 1353 1174 1077 938 1348 1175 1077 938 1348 1175 747 939 1349 1176 826 936 1352 1173 618 940 805 1177 820 941 806 1178 1071 942 803 1179 1071 942 803 1179 744 943 804 1180 618 940 805 1177 614 944 825 1181 814 945 826 1182 1079 946 807 1183 1079 946 807 1183 740 947 808 1184 614 944 825 1181 822 948 829 1185 827 949 830 1186 1083 950 827 1187 1083 950 827 1187 742 951 828 1188 822 948 829 1185 812 952 833 1189 819 953 834 1190 1075 954 831 1191 1075 954 831 1191 746 955 832 1192 812 952 833 1189 845 956 1192 1193 635 957 1193 1194 624 958 1189 1195 624 958 1189 1195 834 959 1190 1196 845 956 1192 1193 847 960 1204 1197 985 961 1205 1198 966 962 1201 1199 966 962 1201 1199 960 963 1202 1200 847 960 1204 1197 853 964 1212 1201 631 965 1213 1202 620 966 1208 1203 620 966 1208 1203 843 967 1209 1204 853 964 1212 1201 855 968 1246 1205 694 969 1247 1206 621 970 1215 1207 621 970 1215 1207 841 971 1245 1208 855 968 1246 1205 877 972 1475 1209 651 973 1476 1210 640 974 1473 1211 640 974 1473 1211 866 975 1474 1212 877 972 1475 1209 879 976 1479 1213 1017 977 1480 1214 998 978 1477 1215 998 978 1477 1215 992 979 1478 1216 879 976 1479 1213 885 980 1483 1217 647 981 1484 1218 636 982 1481 1219 636 982 1481 1219 875 983 1482 1220 885 980 1483 1217 887 984 1487 1221 710 985 1558 1222 637 986 1485 1223 637 986 1485 1223 873 987 1486 1224 887 984 1487 1221 905 988 1506 1225 663 989 1507 1226 655 990 1504 1227 655 990 1504 1227 896 991 1505 1228 905 988 1506 1225 906 992 1518 1229 1041 993 1519 1230 1028 994 1516 1231 1028 994 1516 1231 1022 995 1517 1232 906 992 1518 1229 911 996 1522 1233 660 997 1523 1234 652 998 1520 1235 652 998 1520 1235 903 999 1521 1236 911 996 1522 1233 894 1000 1534 1237 901 1001 1535 1238 913 1002 1524 1239 913 1002 1524 1239 723 1003 1525 1240 894 1000 1534 1237 929 1004 1333 1241 675 1005 1335 1242 667 1006 1218 1243 667 1006 1218 1243 920 1007 1316 1244 929 1004 1333 1241 930 1008 1462 1245 1065 1009 1463 1246 1052 1010 1460 1247 1052 1010 1460 1247 1046 1011 1461 1248 930 1008 1462 1245 935 1012 1510 1249 672 1013 1511 1250 664 1014 1508 1251 664 1014 1508 1251 927 1015 1509 1252 935 1012 1510 1249 918 1016 1514 1253 925 1017 1515 1254 937 1018 1512 1255 937 1018 1512 1255 735 1019 1513 1256 918 1016 1514 1253 949 1020 1360 1257 683 1021 1361 1258 678 1022 1354 1259 678 1022 1354 1259 942 1023 1359 1260 949 1020 1360 1257 953 1024 1564 1261 681 1025 1565 1262 940 1026 1532 1263 940 1026 1532 1263 947 1027 1533 1264 953 1024 1564 1261 986 1028 1254 1265 972 1029 1255 1266 962 1030 1248 1267 962 1030 1248 1267 964 1031 1252 1268 986 1028 1254 1265 857 1032 1259 1269 693 1033 1262 1270 832 1034 1257 1271 832 1034 1257 1271 839 1035 1258 1272 857 1032 1259 1269 978 1036 1266 1273 980 1037 1403 1274 970 1038 1264 1275 970 1038 1264 1275 956 1039 1265 1276 978 1036 1266 1273 848 1040 1406 1277 983 1041 1407 1278 968 1042 1404 1279 968 1042 1404 1279 958 1043 1405 1280 848 1040 1406 1277 1018 1044 1561 1281 1004 1045 1562 1282 994 1046 1559 1283 994 1046 1559 1283 996 1047 1560 1284 1018 1044 1561 1281 889 1048 1577 1285 709 1049 1578 1286 864 1050 1563 1287 864 1050 1563 1287 871 1051 1576 1288 889 1048 1577 1285 1010 1052 1581 1289 1012 1053 1583 1290 1002 1054 1579 1291 1002 1054 1579 1291 988 1055 1580 1292 1010 1052 1581 1289 880 1056 1610 1293 1015 1057 1611 1294 1000 1058 1590 1295 1000 1058 1590 1295 990 1059 1591 1296 880 1056 1610 1293 1042 1060 1538 1297 1032 1061 1539 1298 1024 1062 1536 1299 1024 1062 1536 1299 1026 1063 1537 1300 1042 1060 1538 1297 1036 1064 1585 1301 1038 1065 1586 1302 1030 1066 1582 1303 1030 1066 1582 1303 1020 1067 1584 1304 1036 1064 1585 1301 1066 1068 1528 1305 1056 1069 1529 1306 1048 1070 1526 1307 1048 1070 1526 1307 1050 1071 1527 1308 1066 1068 1528 1305 1060 1072 1540 1309 1062 1073 1541 1310 1054 1074 1530 1311 1054 1074 1530 1311 1044 1075 1531 1312 1060 1072 1540 1309 1082 1076 1657 1313 1076 1077 1658 1314 1070 1078 1566 1315 1070 1078 1566 1315 1072 1079 1567 1316 1082 1076 1657 1313 1078 1080 1661 1317 1080 1081 1662 1318 1074 1082 1659 1319 1074 1082 1659 1319 1068 1083 1660 1320 1078 1080 1661 1317 580 583 970 1321 748 788 929 1025 749 717 1043 1322 581 716 1044 1323 750 773 680 1010 751 580 1045 1324 582 772 679 1009 752 709 1055 1325 753 581 1057 1326 583 582 1064 1327 754 708 1065 1328 755 789 930 1026 584 700 1066 1329 756 765 648 1002 757 588 1067 1330 585 591 1079 1331 758 780 861 1017 759 701 1080 1332 586 764 647 1001 760 725 1081 1333 761 589 1082 1334 587 590 1083 1335 762 724 1084 1336 763 781 862 1018 588 599 748 1337 764 820 714 1057 765 749 749 1338 589 748 750 1339 766 805 687 1042 767 596 751 1340 590 804 686 1041 768 741 789 1341 769 597 790 1342 591 598 867 1343 770 740 868 1344 771 821 715 1058 592 732 1592 1345 772 797 1276 1034 773 604 1593 1346 593 607 1594 1347 774 812 1285 1049 775 733 1595 1348 594 796 1275 1033 776 757 1596 1349 777 605 1597 1350 595 606 1598 1351 778 756 1599 1352 779 813 1286 1050 596 615 1000 1353 780 896 998 1133 781 841 1001 1354 597 840 1002 1355 782 885 875 1122 783 612 1107 1356 598 884 800 1121 784 837 1108 1357 785 613 1117 1358 599 614 1118 1359 786 836 1122 1360 787 897 999 1134 600 828 1124 1361 788 877 775 1114 789 620 1126 1362 601 623 1134 1363 790 888 878 1125 791 829 1135 1364 602 876 774 1113 792 849 1136 1365 793 621 1137 1366 603 622 1138 1367 794 848 1139 1368 795 889 936 1126 604 631 971 1369 796 920 948 1157 797 865 972 1370 605 864 975 1371 798 909 846 1146 799 628 976 1372 606 908 845 1145 800 861 977 1373 801 629 978 1374 607 630 1011 1375 802 860 1012 1376 803 921 952 1158 608 852 1013 1377 804 901 820 1138 805 636 1014 1378 609 639 1015 1379 806 912 849 1149 807 853 1016 1380 610 900 819 1137 808 873 1017 1381 809 637 1018 1382 611 638 1131 1383 810 872 1132 1384 811 913 850 1150 612 647 837 1385 812 952 833 1189 813 933 838 1386 613 932 851 1387 814 945 826 1182 815 644 852 1388 614 944 825 1181 816 929 853 1389 817 645 854 1390 615 646 857 1391 818 928 858 1392 819 953 834 1190 616 924 891 1393 820 941 806 1178 821 652 893 1394 617 655 894 1395 822 948 829 1185 823 925 896 1396 618 940 805 1177 824 937 897 1397 825 653 898 1398 619 654 956 1399 826 936 959 1400 827 949 830 1186 620 966 1085 1401 828 776 764 1013 829 713 1086 1402 621 970 1091 1403 830 662 637 899 831 587 1104 1404 622 707 1105 1405 832 1034 1171 1406 833 770 649 1007 623 769 652 1006 834 959 1174 1407 835 704 1177 1408 624 958 1188 1409 836 784 909 1021 837 705 1191 1410 625 706 1194 1411 838 787 908 1024 839 1035 1203 1412 626 586 1206 1413 840 667 642 904 841 971 1207 1414 627 712 1210 1415 842 793 968 1030 843 967 1211 1416 628 768 651 1005 844 729 1214 1417 845 956 1228 1418 629 660 639 897 846 595 1229 1419 847 960 1230 1420 630 723 1231 1421 848 1040 1232 1422 849 778 761 1015 631 965 1233 1423 850 720 1243 1424 851 777 811 1014 632 792 966 1029 852 721 1244 1425 853 964 1363 1426 633 666 641 903 854 593 1364 1427 855 968 1365 1428 634 786 906 1023 856 731 1366 1429 857 1032 1367 1430 635 957 1368 1431 858 728 1369 1432 859 785 911 1022 636 982 869 1433 860 808 690 1045 861 745 870 1434 637 986 915 1435 862 670 671 907 863 603 921 1436 638 739 1395 1437 864 1050 1396 1438 865 802 1110 1039 639 801 1113 1038 866 975 1397 1439 867 736 1398 1440 640 974 1399 1441 868 816 1116 1053 869 737 1400 1442 641 738 1401 1443 870 819 1115 1056 871 1051 1402 1444 642 602 922 1445 872 675 676 912 873 987 924 1446 643 744 925 1447 874 825 747 1062 875 983 926 1448 644 800 1112 1037 876 761 1600 1449 877 972 1601 1450 645 668 673 905 878 611 927 1451 879 976 928 1452 646 755 979 1453 880 1056 980 1454 881 810 688 1047 647 981 981 1455 882 752 982 1456 883 809 699 1046 648 824 746 1061 884 753 983 1457 885 980 984 1458 649 674 675 911 886 609 985 1459 887 984 986 1460 650 818 1602 1461 888 763 1603 1462 889 1048 1111 1463 651 973 1114 1464 890 760 1604 1465 891 817 1605 1466 652 998 1140 1467 892 678 720 915 893 619 1143 1468 653 835 1152 1469 894 1000 1153 1470 895 882 776 1119 654 881 797 1118 896 991 1267 1471 897 832 1268 1472 655 990 1269 1473 898 892 953 1129 899 833 1270 1474 656 834 1272 1475 900 895 949 1132 901 1001 1279 1476 657 618 1281 1477 902 683 741 920 903 999 1282 1478 658 880 778 1117 904 627 1283 1479 905 988 1284 1480 659 847 1291 1481 906 992 1293 1482 907 676 722 913 660 997 1294 1483 908 844 1296 1484 909 679 721 916 661 682 724 919 910 845 1298 1485 911 996 1309 1486 662 894 940 1131 912 625 1310 1487 913 1002 1311 1488 663 989 1312 1489 914 626 1313 1490 915 893 995 1130 664 1014 1141 1491 916 686 781 923 917 635 1142 1492 665 859 1145 1493 918 1016 1146 1494 919 906 821 1143 666 905 840 1142 920 1007 1148 1495 921 856 1150 1496 667 1006 1180 1497 922 916 883 1153 923 857 1181 1498 668 858 1182 1499 924 919 856 1156 925 1017 1183 1500 669 634 1195 1501 926 691 814 928 927 1015 1196 1502 670 904 839 1141 928 643 1303 1503 929 1004 1304 1504 671 871 1305 1505 930 1008 1306 1506 931 684 783 921 672 1013 1307 1507 932 868 1308 1508 933 687 782 924 673 690 813 927 934 869 1315 1509 935 1012 1317 1510 674 918 855 1155 936 641 1318 1511 937 1018 1319 1512 675 1005 1320 1513 938 642 1327 1514 939 917 884 1154 676 651 961 1515 940 1026 1027 1516 941 694 739 931 677 693 792 930 942 1023 1029 1517 943 648 1030 1518 678 1022 1032 1519 944 696 795 933 945 649 1034 1520 679 650 1035 1521 946 699 794 936 947 1027 1036 1522 680 692 791 929 948 659 1037 1523 949 1020 1040 1524 681 1025 1042 1525 950 656 1156 1526 951 695 740 932 682 698 793 935 952 657 1158 1527 953 1024 1159 1528 683 1021 1160 1529 954 658 1161 1530 955 697 796 934 684 775 678 1012 956 1039 1370 1531 957 710 1371 1532 685 779 762 1016 958 1043 1372 1533 959 714 1373 1534 686 661 640 898 960 963 1374 1535 961 584 1375 1536 687 703 1376 1537 962 1030 1377 1538 963 766 645 1003 688 783 859 1020 964 1031 1378 1539 965 702 1387 1540 689 585 1388 1541 966 962 1389 1542 967 664 643 901 690 715 1390 1543 968 1042 1391 1544 969 794 963 1031 691 711 1392 1545 970 1038 1393 1546 971 790 912 1027 692 767 646 1004 972 1029 1394 1547 973 726 1410 1548 693 1033 1411 1549 974 730 1412 1550 975 771 650 1008 694 969 1413 1551 976 592 1423 1552 977 663 638 900 695 719 1424 1553 978 1036 1425 1554 979 774 677 1011 696 791 923 1028 980 1037 1426 1555 981 718 1427 1556 697 722 1428 1557 982 795 965 1032 983 1041 1429 1558 698 594 1430 1559 984 665 644 902 985 961 1439 1560 699 727 1440 1561 986 1028 1441 1562 987 782 812 1019 700 807 685 1044 988 1055 1075 1563 989 742 1076 1564 701 811 689 1048 990 1059 1077 1565 991 746 1078 1566 702 669 674 906 992 979 1087 1567 993 600 1089 1568 703 735 1632 1569 994 1046 1633 1570 995 798 1273 1035 704 815 1278 1052 996 1047 1634 1571 997 734 1635 1572 705 601 1090 1573 998 978 1096 1574 999 672 681 909 706 747 1097 1575 1000 1058 1098 1576 1001 826 716 1063 707 743 1099 1577 1002 1054 1100 1578 1003 822 700 1059 708 799 1274 1036 1004 1045 1636 1579 1005 758 1637 1580 709 1049 1606 1581 1006 762 1607 1582 1007 803 1119 1583 710 985 1219 1584 1008 608 1220 1585 1009 671 672 908 711 751 1221 1586 1010 1052 1222 1587 1011 806 683 1043 712 823 713 1060 1012 1053 1225 1588 1013 750 1227 1589 713 754 1234 1590 1014 827 745 1064 1015 1057 1236 1591 714 610 1239 1592 1016 673 682 910 1017 977 1240 1593 715 759 1638 1594 1018 1044 1639 1595 1019 814 1277 1051 716 887 799 1124 1020 1067 1314 1596 1021 838 1321 1597 717 677 723 914 1022 995 1322 1598 1023 616 1442 1599 718 831 1443 1600 1024 1062 1444 1601 1025 878 744 1115 719 891 877 1128 1026 1063 1445 1602 1027 830 1446 1603 720 617 1447 1604 1028 994 1448 1605 1029 680 742 917 721 839 1449 1606 1030 1066 1450 1607 1031 898 996 1135 722 879 773 1116 1032 1061 1451 1608 1033 850 1452 1609 723 1003 1453 1610 1034 624 1454 1611 1035 883 777 1120 724 843 1455 1612 1036 1064 1464 1613 1037 886 798 1123 725 899 997 1136 1038 1065 1465 1614 1039 842 1466 1615 726 846 1467 1616 1040 681 743 918 1041 993 1468 1617 727 851 1469 1618 1042 1060 1470 1619 1043 890 876 1127 728 911 842 1148 1044 1075 1328 1620 1045 862 1329 1621 729 685 784 922 1046 1011 1330 1622 1047 632 1331 1623 730 855 1332 1624 1048 1070 1334 1625 1049 902 817 1139 731 915 848 1152 1050 1071 1379 1626 1051 854 1380 1627 732 633 1381 1628 1052 1010 1382 1629 1053 688 815 925 733 863 1383 1630 1054 1074 1384 1631 1055 922 885 1159 734 903 818 1140 1056 1069 1385 1632 1057 874 1386 1633 735 1019 1488 1634 1058 640 1489 1635 1059 907 822 1144 736 867 1490 1636 1060 1072 1491 1637 1061 910 841 1147 737 923 886 1160 1062 1073 1492 1638 1063 866 1493 1639 738 870 1494 1640 1064 689 816 926 1065 1009 1495 1641 739 875 1496 1642 1066 1068 1497 1643 1067 914 847 1151 740 947 808 1184 1068 1083 1166 1644 1069 930 1170 1645 741 927 1339 1646 1070 1078 1344 1647 1071 942 803 1179 742 951 828 1188 1072 1079 1345 1648 1073 926 1350 1649 743 931 1351 1650 1074 1082 1355 1651 1075 954 831 1191 744 943 804 1180 1076 1077 1356 1652 1077 938 1357 1653 745 935 1358 1654 1078 1080 1362 1655 1079 946 807 1183 746 955 832 1192 1080 1081 1456 1656 1081 934 1457 1657 747 939 1458 1658 1082 1076 1459 1659 1083 950 827 1187 580 583 697 820 749 717 1069 954 581 716 1068 953 581 716 1068 953 751 580 698 817 580 583 697 820 753 581 701 818 752 709 994 946 754 708 993 945 754 708 993 945 583 582 696 819 753 581 701 818 584 700 967 937 757 588 900 825 585 591 899 828 585 591 899 828 759 701 969 938 584 700 967 937 761 589 905 826 760 725 1555 1660 762 724 1554 1661 762 724 1554 1661 587 590 874 827 761 589 905 826 588 599 880 836 765 749 1256 986 589 748 1253 985 589 748 1253 985 767 596 881 833 588 599 880 836 769 597 882 834 768 741 1224 978 770 740 1223 977 770 740 1223 977 591 598 879 835 769 597 882 834 592 732 1093 969 773 604 1004 841 593 607 1003 844 593 607 1003 844 775 733 1094 970 592 732 1093 969 777 605 1648 1662 776 757 1300 994 778 756 1290 993 778 756 1290 993 595 606 1647 1663 777 605 1648 1662 596 615 944 852 781 841 1336 1078 597 840 1326 1077 597 840 1326 1077 783 612 945 849 596 615 944 852 785 613 946 850 784 837 1323 1074 786 836 1299 1073 786 836 1299 1073 599 614 939 851 785 613 946 850 600 828 1144 1065 789 620 1023 857 601 623 1022 860 601 623 1022 860 791 829 1151 1066 600 828 1144 1065 793 621 1024 858 792 849 1624 1664 794 848 1623 1665 794 848 1623 1665 603 622 1021 859 793 621 1024 858 604 631 864 868 797 865 1149 1102 605 864 1147 1101 605 864 1147 1101 799 628 865 865 604 631 864 868 801 629 866 866 800 861 1072 1098 802 860 1071 1097 802 860 1071 1097 607 630 863 867 801 629 866 866 608 852 1049 1089 805 636 914 873 609 639 913 876 609 639 913 876 807 853 1050 1090 608 852 1049 1089 809 637 943 874 808 873 1575 1666 810 872 1574 1667 810 872 1574 1667 611 638 907 875 809 637 943 874 612 647 1663 1668 813 933 1347 1170 613 932 1346 1169 613 932 1346 1169 815 644 1664 1669 612 647 1663 1668 817 645 957 882 816 929 1341 1166 818 928 1340 1165 818 928 1340 1165 615 646 892 883 817 645 957 882 616 924 1165 1161 821 652 1038 889 617 655 1033 892 617 655 1033 892 823 925 1167 1162 616 924 1165 1161 825 653 1039 890 824 937 1353 1174 826 936 1352 1173 826 936 1352 1173 619 654 1031 891 825 653 1039 890 751 580 1045 1324 750 773 680 1010 582 772 679 1009 582 772 679 1009 753 581 1057 1326 751 580 1045 1324 583 582 1064 1327 755 789 930 1026 748 788 929 1025 748 788 929 1025 580 583 970 1321 583 582 1064 1327 752 709 1055 1325 582 772 679 1009 684 775 678 1012 684 775 678 1012 957 710 1371 1532 752 709 1055 1325 759 701 1080 1332 758 780 861 1017 688 783 859 1020 688 783 859 1020 965 702 1387 1540 759 701 1080 1332 757 588 1067 1330 756 765 648 1002 586 764 647 1001 586 764 647 1001 761 589 1082 1334 757 588 1067 1330 587 590 1083 1335 763 781 862 1018 758 780 861 1017 758 780 861 1017 585 591 1079 1331 587 590 1083 1335 760 725 1081 1333 586 764 647 1001 692 767 646 1004 692 767 646 1004 973 726 1410 1548 760 725 1081 1333 749 717 1043 1322 748 788 929 1025 696 791 923 1028 696 791 923 1028 981 718 1427 1556 749 717 1043 1322 767 596 751 1340 766 805 687 1042 590 804 686 1041 590 804 686 1041 769 597 790 1342 767 596 751 1340 591 598 867 1343 771 821 715 1058 764 820 714 1057 764 820 714 1057 588 599 748 1337 591 598 867 1343 768 741 789 1341 590 804 686 1041 700 807 685 1044 700 807 685 1044 989 742 1076 1564 768 741 789 1341 775 733 1595 1348 774 812 1285 1049 704 815 1278 1052 704 815 1278 1052 997 734 1635 1572 775 733 1595 1348 773 604 1593 1346 772 797 1276 1034 594 796 1275 1033 594 796 1275 1033 777 605 1597 1350 773 604 1593 1346 595 606 1598 1351 779 813 1286 1050 774 812 1285 1049 774 812 1285 1049 593 607 1594 1347 595 606 1598 1351 776 757 1596 1349 594 796 1275 1033 708 799 1274 1036 708 799 1274 1036 1005 758 1637 1580 776 757 1596 1349 765 749 749 1338 764 820 714 1057 712 823 713 1060 712 823 713 1060 1013 750 1227 1589 765 749 749 1338 783 612 1107 1356 782 885 875 1122 598 884 800 1121 598 884 800 1121 785 613 1117 1358 783 612 1107 1356 599 614 1118 1359 787 897 999 1134 780 896 998 1133 780 896 998 1133 596 615 1000 1353 599 614 1118 1359 784 837 1108 1357 598 884 800 1121 716 887 799 1124 716 887 799 1124 1021 838 1321 1597 784 837 1108 1357 791 829 1135 1364 790 888 878 1125 719 891 877 1128 719 891 877 1128 1027 830 1446 1603 791 829 1135 1364 789 620 1126 1362 788 877 775 1114 602 876 774 1113 602 876 774 1113 793 621 1137 1366 789 620 1126 1362 603 622 1138 1367 795 889 936 1126 790 888 878 1125 790 888 878 1125 601 623 1134 1363 603 622 1138 1367 792 849 1136 1365 602 876 774 1113 722 879 773 1116 722 879 773 1116 1033 850 1452 1609 792 849 1136 1365 781 841 1001 1354 780 896 998 1133 725 899 997 1136 725 899 997 1136 1039 842 1466 1615 781 841 1001 1354 799 628 976 1372 798 909 846 1146 606 908 845 1145 606 908 845 1145 801 629 978 1374 799 628 976 1372 607 630 1011 1375 803 921 952 1158 796 920 948 1157 796 920 948 1157 604 631 971 1369 607 630 1011 1375 800 861 977 1373 606 908 845 1145 728 911 842 1148 728 911 842 1148 1045 862 1329 1621 800 861 977 1373 807 853 1016 1380 806 912 849 1149 731 915 848 1152 731 915 848 1152 1051 854 1380 1627 807 853 1016 1380 805 636 1014 1378 804 901 820 1138 610 900 819 1137 610 900 819 1137 809 637 1018 1382 805 636 1014 1378 611 638 1131 1383 811 913 850 1150 806 912 849 1149 806 912 849 1149 609 639 1015 1379 611 638 1131 1383 808 873 1017 1381 610 900 819 1137 734 903 818 1140 734 903 818 1140 1057 874 1386 1633 808 873 1017 1381 797 865 972 1370 796 920 948 1157 737 923 886 1160 737 923 886 1160 1063 866 1493 1639 797 865 972 1370 815 644 852 1388 814 945 826 1182 614 944 825 1181 614 944 825 1181 817 645 854 1390 815 644 852 1388 615 646 857 1391 819 953 834 1190 812 952 833 1189 812 952 833 1189 612 647 837 1385 615 646 857 1391 816 929 853 1389 614 944 825 1181 740 947 808 1184 740 947 808 1184 1069 930 1170 1645 816 929 853 1389 823 925 896 1396 822 948 829 1185 742 951 828 1188 742 951 828 1188 1073 926 1350 1649 823 925 896 1396 821 652 893 1394 820 941 806 1178 618 940 805 1177 618 940 805 1177 825 653 898 1398 821 652 893 1394 619 654 956 1399 827 949 830 1186 822 948 829 1185 822 948 829 1185 617 655 894 1395 619 654 956 1399 824 937 897 1397 618 940 805 1177 744 943 804 1180 744 943 804 1180 1077 938 1357 1653 824 937 897 1397 813 933 838 1386 812 952 833 1189 746 955 832 1192 746 955 832 1192 1081 934 1457 1657 813 933 838 1386 829 713 1086 1402 828 776 764 1013 685 779 762 1016 685 779 762 1016 959 714 1373 1534 829 713 1086 1402 831 587 1104 1404 830 662 637 899 686 661 640 898 686 661 640 898 961 584 1375 1536 831 587 1104 1404 622 707 1105 1405 833 770 649 1007 623 769 652 1006 623 769 652 1006 835 704 1177 1408 622 707 1105 1405 687 703 1376 1537 963 766 645 1003 756 765 648 1002 756 765 648 1002 584 700 1066 1329 687 703 1376 1537 837 705 1191 1410 836 784 909 1021 838 787 908 1024 838 787 908 1024 625 706 1194 1411 837 705 1191 1410 689 585 1388 1541 967 664 643 901 840 667 642 904 840 667 642 904 626 586 1206 1413 689 585 1388 1541 690 715 1390 1543 969 794 963 1031 842 793 968 1030 842 793 968 1030 627 712 1210 1415 690 715 1390 1543 691 711 1392 1545 971 790 912 1027 755 789 930 1026 755 789 930 1026 754 708 1065 1328 691 711 1392 1545 844 729 1214 1417 628 768 651 1005 975 771 650 1008 975 771 650 1008 974 730 1412 1550 844 729 1214 1417 846 595 1229 1419 629 660 639 897 977 663 638 900 977 663 638 900 976 592 1423 1552 846 595 1229 1419 630 723 1231 1421 849 778 761 1015 851 777 811 1014 851 777 811 1014 850 720 1243 1424 630 723 1231 1421 695 719 1424 1553 979 774 677 1011 750 773 680 1010 750 773 680 1010 581 716 1044 1323 695 719 1424 1553 852 721 1244 1425 632 792 966 1029 982 795 965 1032 982 795 965 1032 697 722 1428 1557 852 721 1244 1425 854 593 1364 1427 633 666 641 903 984 665 644 902 984 665 644 902 698 594 1430 1559 854 593 1364 1427 856 731 1366 1429 634 786 906 1023 859 785 911 1022 859 785 911 1022 858 728 1369 1432 856 731 1366 1429 699 727 1440 1561 987 782 812 1019 763 781 862 1018 763 781 862 1018 762 724 1084 1336 699 727 1440 1561 861 745 870 1434 860 808 690 1045 701 811 689 1048 701 811 689 1048 991 746 1078 1566 861 745 870 1434 863 603 921 1436 862 670 671 907 702 669 674 906 702 669 674 906 993 600 1089 1568 863 603 921 1436 638 739 1395 1437 865 802 1110 1039 639 801 1113 1038 639 801 1113 1038 867 736 1398 1440 638 739 1395 1437 703 735 1632 1569 995 798 1273 1035 772 797 1276 1034 772 797 1276 1034 592 732 1592 1345 703 735 1632 1569 869 737 1400 1442 868 816 1116 1053 870 819 1115 1056 870 819 1115 1056 641 738 1401 1443 869 737 1400 1442 705 601 1090 1573 999 672 681 909 872 675 676 912 872 675 676 912 642 602 922 1445 705 601 1090 1573 706 747 1097 1575 1001 826 716 1063 874 825 747 1062 874 825 747 1062 643 744 925 1447 706 747 1097 1575 707 743 1099 1577 1003 822 700 1059 771 821 715 1058 771 821 715 1058 770 740 868 1344 707 743 1099 1577 876 761 1600 1449 644 800 1112 1037 1007 803 1111 1040 1007 803 1111 1040 1006 762 1603 1670 876 761 1600 1449 878 611 927 1451 645 668 673 905 1009 671 672 908 1009 671 672 908 1008 608 1220 1585 878 611 927 1451 646 755 979 1453 881 810 688 1047 883 809 699 1046 883 809 699 1046 882 752 982 1456 646 755 979 1453 711 751 1221 1586 1011 806 683 1043 766 805 687 1042 766 805 687 1042 589 748 750 1339 711 751 1221 1586 884 753 983 1457 648 824 746 1061 1014 827 745 1064 1014 827 745 1064 713 754 1234 1590 884 753 983 1457 886 609 985 1459 649 674 675 911 1016 673 682 910 1016 673 682 910 714 610 1239 1592 886 609 985 1459 888 763 1604 1671 650 818 1114 1055 891 817 1119 1054 891 817 1119 1054 890 760 1607 1672 888 763 1604 1671 715 759 1638 1594 1019 814 1277 1051 779 813 1286 1050 779 813 1286 1050 778 756 1599 1352 715 759 1638 1594 835 704 989 941 834 959 1190 1196 624 958 1189 1195 624 958 1189 1195 837 705 990 942 835 704 989 941 961 584 872 821 960 963 1202 1200 966 962 1201 1199 966 962 1201 1199 689 585 873 822 961 584 872 821 627 712 1058 949 843 967 1209 1204 620 966 1208 1203 620 966 1208 1203 829 713 1061 950 627 712 1058 949 626 586 860 823 841 971 1245 1208 621 970 1215 1207 621 970 1215 1207 831 587 871 824 626 586 860 823 850 720 1103 957 631 965 1213 1202 853 964 1212 1201 853 964 1212 1201 852 721 1106 958 850 720 1103 957 976 592 918 829 694 969 1247 1206 855 968 1246 1205 855 968 1246 1205 854 593 919 830 976 592 918 829 858 728 1556 1673 635 957 1193 1194 845 956 1192 1193 845 956 1192 1193 844 729 1557 1674 858 728 1556 1673 698 594 1433 1675 985 961 1205 1198 847 960 1204 1197 847 960 1204 1197 846 595 1434 1676 698 594 1433 1675 867 736 1102 973 866 975 1474 1212 640 974 1473 1211 640 974 1473 1211 869 737 1120 974 867 736 1102 973 993 600 933 837 992 979 1478 1216 998 978 1477 1215 998 978 1477 1215 705 601 934 838 993 600 933 837 643 744 1237 981 875 983 1482 1220 636 982 1481 1219 636 982 1481 1219 861 745 1238 982 643 744 1237 981 642 602 916 839 873 987 1486 1224 637 986 1485 1223 637 986 1485 1223 863 603 932 840 642 602 916 839 882 752 1263 989 647 981 1484 1218 885 980 1483 1217 885 980 1483 1217 884 753 1287 990 882 752 1263 989 1008 608 1008 845 710 985 1558 1222 887 984 1487 1221 887 984 1487 1221 886 609 1009 846 1008 608 1008 845 890 760 1471 997 651 973 1656 1677 877 972 1655 1678 877 972 1655 1678 876 761 1472 998 890 760 1471 997 714 610 1649 1679 1017 977 1480 1214 879 976 1479 1213 879 976 1479 1213 878 611 1650 1680 714 610 1649 1679 628 768 651 1005 845 956 1228 1418 834 959 1174 1407 834 959 1174 1407 623 769 652 1006 628 768 651 1005 629 660 639 897 847 960 1230 1420 960 963 1374 1535 960 963 1374 1535 686 661 640 898 629 660 639 897 828 776 764 1013 620 966 1085 1401 631 965 1233 1423 631 965 1233 1423 851 777 811 1014 828 776 764 1013 830 662 637 899 621 970 1091 1403 694 969 1413 1551 694 969 1413 1551 977 663 638 900 830 662 637 899 836 784 909 1021 624 958 1188 1409 635 957 1368 1431 635 957 1368 1431 859 785 911 1022 836 784 909 1021 967 664 643 901 966 962 1389 1542 985 961 1439 1560 985 961 1439 1560 984 665 644 902 967 664 643 901 632 792 966 1029 853 964 1363 1426 843 967 1211 1416 843 967 1211 1416 842 793 968 1030 632 792 966 1029 633 666 641 903 855 968 1365 1428 841 971 1207 1414 841 971 1207 1414 840 667 642 904 633 666 641 903 644 800 942 1681 877 972 1609 1682 866 975 1608 1683 866 975 1608 1683 639 801 1109 1684 644 800 942 1681 645 668 673 905 879 976 928 1452 992 979 1087 1567 992 979 1087 1567 702 669 674 906 645 668 673 905 860 808 690 1045 636 982 869 1433 647 981 981 1455 647 981 981 1455 883 809 699 1046 860 808 690 1045 862 670 671 907 637 986 915 1435 710 985 1219 1584 710 985 1219 1584 1009 671 672 908 862 670 671 907 868 816 937 1685 640 974 1129 1686 651 973 1128 1687 651 973 1128 1687 891 817 941 1688 868 816 937 1685 999 672 681 909 998 978 1096 1574 1017 977 1240 1593 1017 977 1240 1593 1016 673 682 910 999 672 681 909 648 824 746 1061 885 980 984 1458 875 983 926 1448 875 983 926 1448 874 825 747 1062 648 824 746 1061 649 674 675 911 887 984 986 1460 873 987 924 1446 873 987 924 1446 872 675 676 912 649 674 675 911 893 619 1143 1468 892 678 720 915 717 677 723 914 717 677 723 914 1023 616 1442 1599 893 619 1143 1468 653 835 1152 1469 895 882 776 1119 654 881 797 1118 654 881 797 1118 897 832 1268 1472 653 835 1152 1469 718 831 1443 1600 1025 878 744 1115 788 877 775 1114 788 877 775 1114 600 828 1124 1361 718 831 1443 1600 899 833 1270 1474 898 892 953 1129 900 895 949 1132 900 895 949 1132 656 834 1272 1475 899 833 1270 1474 720 617 1447 1604 1029 680 742 917 902 683 741 920 902 683 741 920 657 618 1281 1477 720 617 1447 1604 721 839 1449 1606 1031 898 996 1135 787 897 999 1134 787 897 999 1134 786 836 1122 1360 721 839 1449 1606 904 627 1283 1479 658 880 778 1117 1035 883 777 1120 1035 883 777 1120 1034 624 1454 1611 904 627 1283 1479 659 847 1291 1481 907 676 722 913 909 679 721 916 909 679 721 916 908 844 1296 1484 659 847 1291 1481 724 843 1455 1612 1037 886 798 1123 782 885 875 1122 782 885 875 1122 597 840 1002 1355 724 843 1455 1612 910 845 1298 1485 661 682 724 919 1040 681 743 918 1040 681 743 918 726 846 1467 1616 910 845 1298 1485 912 625 1310 1487 662 894 940 1131 915 893 995 1130 915 893 995 1130 914 626 1313 1490 912 625 1310 1487 727 851 1469 1618 1043 890 876 1127 795 889 936 1126 795 889 936 1126 794 848 1139 1368 727 851 1469 1618 917 635 1142 1492 916 686 781 923 729 685 784 922 729 685 784 922 1047 632 1331 1623 917 635 1142 1492 665 859 1145 1493 919 906 821 1143 666 905 840 1142 666 905 840 1142 921 856 1150 1496 665 859 1145 1493 730 855 1332 1624 1049 902 817 1139 804 901 820 1138 804 901 820 1138 608 852 1013 1377 730 855 1332 1624 923 857 1181 1498 922 916 883 1153 924 919 856 1156 924 919 856 1156 668 858 1182 1499 923 857 1181 1498 732 633 1381 1628 1053 688 815 925 926 691 814 928 926 691 814 928 669 634 1195 1501 732 633 1381 1628 733 863 1383 1630 1055 922 885 1159 803 921 952 1158 803 921 952 1158 802 860 1012 1376 733 863 1383 1630 928 643 1303 1503 670 904 839 1141 1059 907 822 1144 1059 907 822 1144 1058 640 1489 1635 928 643 1303 1503 671 871 1305 1505 931 684 783 921 933 687 782 924 933 687 782 924 932 868 1308 1508 671 871 1305 1505 736 867 1490 1636 1061 910 841 1147 798 909 846 1146 798 909 846 1146 605 864 975 1371 736 867 1490 1636 934 869 1315 1509 673 690 813 927 1064 689 816 926 1064 689 816 926 738 870 1494 1640 934 869 1315 1509 936 641 1318 1511 674 918 855 1155 939 917 884 1154 939 917 884 1154 938 642 1327 1514 936 641 1318 1511 739 875 1496 1642 1067 914 847 1151 811 913 850 1150 811 913 850 1150 810 872 1132 1384 739 875 1496 1642 897 832 1280 1069 896 991 1505 1228 655 990 1504 1227 655 990 1504 1227 899 833 1292 1070 897 832 1280 1069 1023 616 1019 853 1022 995 1517 1232 1028 994 1516 1231 1028 994 1516 1231 720 617 1020 854 1023 616 1019 853 657 618 947 855 903 999 1521 1236 652 998 1520 1235 652 998 1520 1235 893 619 954 856 657 618 947 855 908 844 1498 1081 660 997 1523 1234 911 996 1522 1233 911 996 1522 1233 910 845 1499 1082 908 844 1498 1081 1034 624 1121 861 723 1003 1525 1240 913 1002 1524 1239 913 1002 1524 1239 912 625 1123 862 1034 624 1121 861 914 626 1589 1689 663 989 1507 1226 905 988 1506 1225 905 988 1506 1225 904 627 1618 1690 914 626 1589 1689 921 856 1053 1093 920 1007 1316 1244 667 1006 1218 1243 667 1006 1218 1243 923 857 1054 1094 921 856 1053 1093 1047 632 903 869 1046 1011 1461 1248 1052 1010 1460 1247 1052 1010 1460 1247 732 633 904 870 1047 632 903 869 669 634 901 871 927 1015 1509 1252 664 1014 1508 1251 664 1014 1508 1251 917 635 902 872 669 634 901 871 932 868 1197 1105 672 1013 1511 1250 935 1012 1510 1249 935 1012 1510 1249 934 869 1198 1106 932 868 1197 1105 1058 640 973 877 735 1019 1513 1256 937 1018 1512 1255 937 1018 1512 1255 936 641 974 878 1058 640 973 877 938 642 1568 1691 675 1005 1335 1242 929 1004 1333 1241 929 1004 1333 1241 928 643 1569 1692 938 642 1568 1691 658 880 778 1117 905 988 1284 1480 896 991 1267 1471 896 991 1267 1471 654 881 797 1118 658 880 778 1117 907 676 722 913 906 992 1293 1482 1022 995 1322 1598 1022 995 1322 1598 717 677 723 914 907 676 722 913 892 678 720 915 652 998 1140 1467 660 997 1294 1483 660 997 1294 1483 909 679 721 916 892 678 720 915 898 892 953 1129 655 990 1269 1473 663 989 1312 1489 663 989 1312 1489 915 893 995 1130 898 892 953 1129 1029 680 742 917 1028 994 1448 1605 1041 993 1468 1617 1041 993 1468 1617 1040 681 743 918 1029 680 742 917 661 682 724 919 911 996 1309 1486 903 999 1282 1478 903 999 1282 1478 902 683 741 920 661 682 724 919 670 904 839 1141 929 1004 1304 1504 920 1007 1148 1495 920 1007 1148 1495 666 905 840 1142 670 904 839 1141 931 684 783 921 930 1008 1306 1506 1046 1011 1330 1622 1046 1011 1330 1622 729 685 784 922 931 684 783 921 916 686 781 923 664 1014 1141 1491 672 1013 1307 1507 672 1013 1307 1507 933 687 782 924 916 686 781 923 922 916 883 1153 667 1006 1180 1497 675 1005 1320 1513 675 1005 1320 1513 939 917 884 1154 922 916 883 1153 1053 688 815 925 1052 1010 1382 1629 1065 1009 1495 1641 1065 1009 1495 1641 1064 689 816 926 1053 688 815 925 673 690 813 927 935 1012 1317 1510 927 1015 1196 1502 927 1015 1196 1502 926 691 814 928 673 690 813 927 676 651 961 1515 941 694 739 931 677 693 792 930 677 693 792 930 943 648 1030 1518 676 651 961 1515 741 927 1339 1646 1071 942 803 1179 820 941 806 1178 820 941 806 1178 616 924 891 1393 741 927 1339 1646 945 649 1034 1520 944 696 795 933 946 699 794 936 946 699 794 936 679 650 1035 1521 945 649 1034 1520 743 931 1351 1650 1075 954 831 1191 819 953 834 1190 819 953 834 1190 818 928 858 1392 743 931 1351 1650 948 659 1037 1523 680 692 791 929 951 695 740 932 951 695 740 932 950 656 1156 1526 948 659 1037 1523 745 935 1358 1654 1079 946 807 1183 814 945 826 1182 814 945 826 1182 613 932 851 1387 745 935 1358 1654 952 657 1158 1527 682 698 793 935 955 697 796 934 955 697 796 934 954 658 1161 1530 952 657 1158 1527 747 939 1458 1658 1083 950 827 1187 827 949 830 1186 827 949 830 1186 826 936 959 1400 747 939 1458 1658 943 648 962 885 942 1023 1359 1260 678 1022 1354 1259 678 1022 1354 1259 945 649 1028 886 943 648 962 885 679 650 958 887 947 1027 1533 1264 940 1026 1532 1263 940 1026 1532 1263 676 651 960 888 679 650 958 887 950 656 1157 893 681 1025 1668 1693 953 1024 1667 1694 953 1024 1667 1694 952 657 1162 894 950 656 1157 893 954 658 1041 895 683 1021 1361 1258 949 1020 1360 1257 949 1020 1360 1257 948 659 1155 896 954 658 1041 895 680 692 791 929 949 1020 1040 1524 942 1023 1029 1517 942 1023 1029 1517 677 693 792 930 680 692 791 929 941 694 739 931 940 1026 1027 1516 681 1025 1042 1525 681 1025 1042 1525 951 695 740 932 941 694 739 931 944 696 795 933 678 1022 1032 1519 683 1021 1160 1529 683 1021 1160 1529 955 697 796 934 944 696 795 933 682 698 793 935 953 1024 1159 1528 947 1027 1036 1522 947 1027 1036 1522 946 699 794 936 682 698 793 935 965 702 920 939 964 1031 1252 1268 962 1030 1248 1267 962 1030 1248 1267 687 703 964 940 965 702 920 939 625 706 987 943 839 1035 1258 1272 832 1034 1257 1271 832 1034 1257 1271 622 707 988 944 625 706 987 943 957 710 991 947 956 1039 1265 1276 970 1038 1264 1275 970 1038 1264 1275 691 711 992 948 957 710 991 947 959 714 1046 951 958 1043 1405 1280 968 1042 1404 1279 968 1042 1404 1279 690 715 1056 952 959 714 1046 951 981 718 1435 1695 980 1037 1403 1274 978 1036 1266 1273 978 1036 1266 1273 695 719 1436 1696 981 718 1435 1695 697 722 1437 1697 983 1041 1407 1278 848 1040 1406 1277 848 1040 1406 1277 630 723 1438 1698 697 722 1437 1697 973 726 1172 963 972 1029 1255 1266 986 1028 1254 1265 986 1028 1254 1265 699 727 1173 964 973 726 1172 963 974 730 1178 967 693 1033 1262 1270 857 1032 1259 1269 857 1032 1259 1269 856 731 1179 968 974 730 1178 967 997 734 1010 971 996 1047 1560 1284 994 1046 1559 1283 994 1046 1559 1283 703 735 1088 972 997 734 1010 971 641 738 1095 975 871 1051 1576 1288 864 1050 1563 1287 864 1050 1563 1287 638 739 1101 976 641 738 1095 975 989 742 1127 979 988 1055 1580 1292 1002 1054 1579 1291 1002 1054 1579 1291 707 743 1130 980 989 742 1127 979 991 746 1651 1699 990 1059 1591 1296 1000 1058 1590 1295 1000 1058 1590 1295 706 747 1652 1700 991 746 1651 1699 1013 750 1653 1701 1012 1053 1583 1290 1010 1052 1581 1289 1010 1052 1581 1289 711 751 1654 1702 1013 750 1653 1701 713 754 1260 991 1015 1057 1611 1294 880 1056 1610 1293 880 1056 1610 1293 646 755 1261 992 713 754 1260 991 1005 758 1288 995 1004 1045 1562 1282 1018 1044 1561 1281 1018 1044 1561 1281 715 759 1289 996 1005 758 1288 995 1006 762 1301 999 709 1049 1578 1286 889 1048 1577 1285 889 1048 1577 1285 888 763 1302 1000 1006 762 1301 999 963 766 645 1003 962 1030 1377 1538 972 1029 1394 1547 972 1029 1394 1547 692 767 646 1004 963 766 645 1003 833 770 649 1007 832 1034 1171 1406 693 1033 1411 1549 693 1033 1411 1549 975 771 650 1008 833 770 649 1007 979 774 677 1011 978 1036 1425 1554 956 1039 1370 1531 956 1039 1370 1531 684 775 678 1012 979 774 677 1011 849 778 761 1015 848 1040 1232 1422 958 1043 1372 1533 958 1043 1372 1533 685 779 762 1016 849 778 761 1015 987 782 812 1019 986 1028 1441 1562 964 1031 1378 1539 964 1031 1378 1539 688 783 859 1020 987 782 812 1019 634 786 906 1023 857 1032 1367 1430 839 1035 1203 1412 839 1035 1203 1412 838 787 908 1024 634 786 906 1023 971 790 912 1027 970 1038 1393 1546 980 1037 1426 1555 980 1037 1426 1555 696 791 923 1028 971 790 912 1027 969 794 963 1031 968 1042 1391 1544 983 1041 1429 1558 983 1041 1429 1558 982 795 965 1032 969 794 963 1031 995 798 1273 1035 994 1046 1633 1570 1004 1045 1636 1579 1004 1045 1636 1579 708 799 1274 1036 995 798 1273 1035 865 802 1116 1703 864 1050 1399 1704 709 1049 1606 1581 709 1049 1606 1581 1007 803 1119 1583 865 802 1116 1703 1011 806 683 1043 1010 1052 1222 1587 988 1055 1075 1563 988 1055 1075 1563 700 807 685 1044 1011 806 683 1043 881 810 688 1047 880 1056 980 1454 990 1059 1077 1565 990 1059 1077 1565 701 811 689 1048 881 810 688 1047 1019 814 1277 1051 1018 1044 1639 1595 996 1047 1634 1571 996 1047 1634 1571 704 815 1278 1052 1019 814 1277 1051 650 818 1114 1055 889 1048 1605 1705 871 1051 1402 1444 871 1051 1402 1444 870 819 1115 1056 650 818 1114 1055 1003 822 700 1059 1002 1054 1100 1578 1012 1053 1225 1588 1012 1053 1225 1588 712 823 713 1060 1003 822 700 1059 1001 826 716 1063 1000 1058 1098 1576 1015 1057 1236 1591 1015 1057 1236 1591 1014 827 745 1064 1001 826 716 1063 1027 830 1125 1067 1026 1063 1537 1300 1024 1062 1536 1299 1024 1062 1536 1299 718 831 1133 1068 1027 830 1125 1067 656 834 1154 1071 901 1001 1535 1238 894 1000 1534 1237 894 1000 1534 1237 653 835 1271 1072 656 834 1154 1071 1021 838 1295 1075 1020 1067 1584 1304 1030 1066 1582 1303 1030 1066 1582 1303 721 839 1297 1076 1021 838 1295 1075 1039 842 1619 1706 1038 1065 1586 1302 1036 1064 1585 1301 1036 1064 1585 1301 724 843 1620 1707 1039 842 1619 1706 726 846 1621 1708 1041 993 1519 1230 906 992 1518 1229 906 992 1518 1229 659 847 1622 1709 726 846 1621 1708 1033 850 1500 1087 1032 1061 1539 1298 1042 1060 1538 1297 1042 1060 1538 1297 727 851 1501 1088 1033 850 1500 1087 1051 854 1047 1091 1050 1071 1527 1308 1048 1070 1526 1307 1048 1070 1526 1307 730 855 1048 1092 1051 854 1047 1091 668 858 1051 1095 925 1017 1515 1254 918 1016 1514 1253 918 1016 1514 1253 665 859 1052 1096 668 858 1051 1095 1045 862 1059 1099 1044 1075 1531 1312 1054 1074 1530 1311 1054 1074 1530 1311 733 863 1060 1100 1045 862 1059 1099 1063 866 1570 1710 1062 1073 1541 1310 1060 1072 1540 1309 1060 1072 1540 1309 736 867 1571 1711 1063 866 1570 1710 738 870 1572 1712 1065 1009 1463 1246 930 1008 1462 1245 930 1008 1462 1245 671 871 1573 1713 738 870 1572 1712 1057 874 1199 1111 1056 1069 1529 1306 1066 1068 1528 1305 1066 1068 1528 1305 739 875 1200 1112 1057 874 1199 1111 1025 878 744 1115 1024 1062 1444 1601 1032 1061 1451 1608 1032 1061 1451 1608 722 879 773 1116 1025 878 744 1115 895 882 776 1119 894 1000 1153 1470 723 1003 1453 1610 723 1003 1453 1610 1035 883 777 1120 895 882 776 1119 1037 886 798 1123 1036 1064 1464 1613 1020 1067 1314 1596 1020 1067 1314 1596 716 887 799 1124 1037 886 798 1123 1043 890 876 1127 1042 1060 1470 1619 1026 1063 1445 1602 1026 1063 1445 1602 719 891 877 1128 1043 890 876 1127 662 894 940 1131 913 1002 1311 1488 901 1001 1279 1476 901 1001 1279 1476 900 895 949 1132 662 894 940 1131 1031 898 996 1135 1030 1066 1450 1607 1038 1065 1465 1614 1038 1065 1465 1614 725 899 997 1136 1031 898 996 1135 1049 902 817 1139 1048 1070 1334 1625 1056 1069 1385 1632 1056 1069 1385 1632 734 903 818 1140 1049 902 817 1139 919 906 821 1143 918 1016 1146 1494 735 1019 1488 1634 735 1019 1488 1634 1059 907 822 1144 919 906 821 1143 1061 910 841 1147 1060 1072 1491 1637 1044 1075 1328 1620 1044 1075 1328 1620 728 911 842 1148 1061 910 841 1147 1067 914 847 1151 1066 1068 1497 1643 1050 1071 1379 1626 1050 1071 1379 1626 731 915 848 1152 1067 914 847 1151 674 918 855 1155 937 1018 1319 1512 925 1017 1183 1500 925 1017 1183 1500 924 919 856 1156 674 918 855 1155 1055 922 885 1159 1054 1074 1384 1631 1062 1073 1492 1638 1062 1073 1492 1638 737 923 886 1160 1055 922 885 1159 1073 926 1163 1163 1072 1079 1567 1316 1070 1078 1566 1315 1070 1078 1566 1315 741 927 1164 1164 1073 926 1163 1163 1069 930 1168 1167 1068 1083 1660 1320 1074 1082 1659 1319 1074 1082 1659 1319 743 931 1169 1168 1069 930 1168 1167 1081 934 1342 1171 1080 1081 1662 1318 1078 1080 1661 1317 1078 1080 1661 1317 745 935 1343 1172 1081 934 1342 1171 1077 938 1665 1714 1076 1077 1658 1314 1082 1076 1657 1313 1082 1076 1657 1313 747 939 1666 1715 1077 938 1665 1714 1071 942 803 1179 1070 1078 1344 1647 1076 1077 1356 1652 1076 1077 1356 1652 744 943 804 1180 1071 942 803 1179 1079 946 807 1183 1078 1080 1362 1655 1068 1083 1166 1644 1068 1083 1166 1644 740 947 808 1184 1079 946 807 1183 1083 950 827 1187 1082 1076 1459 1659 1072 1079 1345 1648 1072 1079 1345 1648 742 951 828 1188 1083 950 827 1187 1075 954 831 1191 1074 1082 1355 1651 1080 1081 1456 1656 1080 1081 1456 1656 746 955 832 1192 1075 954 831 1191</p>
        </triangles>
      </mesh>
    </geometry>
    <geometry id="geom-Plane001" name="Plane001">
      <mesh>
        <source id="geom-Plane001-positions">
          <float_array id="geom-Plane001-positions-array" count="12">-167.0289 -167.0289 0 167.0289 -167.0289 0 -167.0289 167.0289 0 167.0289 167.0289 0</float_array>
          <technique_common>
            <accessor source="#geom-Plane001-positions-array" count="4" stride="3">
              <param name="X" type="float"/>
              <param name="Y" type="float"/>
              <param name="Z" type="float"/>
            </accessor>
          </technique_common>
        </source>
        <source id="geom-Plane001-normals">
          <float_array id="geom-Plane001-normals-array" count="12">0 0 0.9999999 0 0 1 0 0 0.9999999 0 0 1</float_array>
          <technique_common>
            <accessor source="#geom-Plane001-normals-array" count="4" stride="3">
              <param name="X" type="float"/>
              <param name="Y" type="float"/>
              <param name="Z" type="float"/>
            </accessor>
          </technique_common>
        </source>
        <source id="geom-Plane001-map1">
          <float_array id="geom-Plane001-map1-array" count="12">2.98023e-8 2.68221e-7 0.5 0.9999998 2.98023e-8 0.5 2.68221e-7 1 0.5 1 0.9999998 0.5</float_array>
          <technique_common>
            <accessor source="#geom-Plane001-map1-array" count="4" stride="3">
              <param name="S" type="float"/>
              <param name="T" type="float"/>
              <param name="P" type="float"/>
            </accessor>
          </technique_common>
        </source>
        <source id="geom-Plane001-map1-textangents">
          <float_array id="geom-Plane001-map1-textangents-array" count="12">1 2.38419e-7 0 1 2.38419e-7 0 1 2.38419e-7 0 1 2.38419e-7 0</float_array>
          <technique_common>
            <accessor source="#geom-Plane001-map1-textangents-array" count="4" stride="3">
              <param name="X" type="float"/>
              <param name="Y" type="float"/>
              <param name="Z" type="float"/>
            </accessor>
          </technique_common>
        </source>
        <source id="geom-Plane001-map1-texbinormals">
          <float_array id="geom-Plane001-map1-texbinormals-array" count="12">2.38419e-7 -1 0 2.38419e-7 -1 0 2.38419e-7 -1 0 2.38419e-7 -1 0</float_array>
          <technique_common>
            <accessor source="#geom-Plane001-map1-texbinormals-array" count="4" stride="3">
              <param name="X" type="float"/>
              <param name="Y" type="float"/>
              <param name="Z" type="float"/>
            </accessor>
          </technique_common>
        </source>
        <vertices id="geom-Plane001-vertices">
          <input semantic="POSITION" source="#geom-Plane001-positions"/>
        </vertices>
        <triangles material="FLOOR" count="2">
          <input semantic="VERTEX" source="#geom-Plane001-vertices" offset="0"/>
          <input semantic="NORMAL" source="#geom-Plane001-normals" offset="1"/>
          <input semantic="TEXCOORD" source="#geom-Plane001-map1" offset="2" set="0"/>
          <input semantic="TEXTANGENT" source="#geom-Plane001-map1-textangents" offset="3" set="1"/>
          <input semantic="TEXBINORMAL" source="#geom-Plane001-map1-texbinormals" offset="3" set="1"/>
          <p>0 0 0 0 1 1 1 1 3 2 3 2 3 2 3 2 2 3 2 3 0 0 0 0</p>
        </triangles>
      </mesh>
    </geometry>
  </library_geometries>
  <library_lights>
    <light id="EnvironmentAmbientLight" name="EnvironmentAmbientLight">
      <technique_common>
        <ambient>
          <color>0 0 0</color>
        </ambient>
      </technique_common>
    </light>
  </library_lights>
  <library_images>
    <image id="Iona_Shelving_Unit_Pine_bump_jpg">
      <init_from>file:///C:/Users/Dell/Documents/3dsMax/scenes/Iona%20Shelving%20Unit/MAPS/Iona_Shelving_Unit_Pine_bump.jpg</init_from>
    </image>
    <image id="Iona_Shelving_Unit_Pine_diffuse_jpg">
      <init_from>file:///C:/Users/Dell/Documents/3dsMax/scenes/Iona%20Shelving%20Unit/MAPS/Iona_Shelving_Unit_Pine_diffuse.jpg</init_from>
    </image>
  </library_images>
  <library_visual_scenes>
    <visual_scene id="MaxScene">
      <node name="EnvironmentAmbientLight">
        <instance_light url="#EnvironmentAmbientLight"/>
      </node>
      <node id="node-Iona_Shelving_Unit" name="Iona_Shelving_Unit">
        <translate>0 -0.1648147 2.41399e-6</translate>
        <node>
          <matrix>1 0 0 0 0 1 0 0.1648147 0 0 1 -2.41399e-6 0 0 0 1</matrix>
          <instance_geometry url="#geom-Iona_Shelving_Unit">
            <bind_material>
              <technique_common>
                <instance_material symbol="GREY" target="#GREY-material"/>
                <instance_material symbol="PINE" target="#PINE-material">
                  <bind_vertex_input semantic="CHANNEL1" input_semantic="TEXCOORD" input_set="0"/>
                  <bind_vertex_input semantic="CHANNEL1" input_semantic="TEXCOORD" input_set="0"/>
                </instance_material>
                <instance_material symbol="PLASTIC" target="#PLASTIC-material"/>
              </technique_common>
            </bind_material>
          </instance_geometry>
        </node>
        <extra>
          <technique profile="OpenCOLLADA">
            <cast_shadows sid="cast_shadows" type="bool">1</cast_shadows>
            <receive_shadows sid="receive_shadows" type="bool">1</receive_shadows>
            <primary_visibility sid="primary_visibility" type="bool">1</primary_visibility>
            <secondary_visibility sid="secondary_visibility" type="bool">1</secondary_visibility>
          </technique>
        </extra>
      </node>
      <node id="node-Plane001" name="Plane001">
        <instance_geometry url="#geom-Plane001">
          <bind_material>
            <technique_common>
              <instance_material symbol="FLOOR" target="#FLOOR-material"/>
            </technique_common>
          </bind_material>
        </instance_geometry>
        <extra>
          <technique profile="OpenCOLLADA">
            <cast_shadows sid="cast_shadows" type="bool">1</cast_shadows>
            <receive_shadows sid="receive_shadows" type="bool">1</receive_shadows>
            <primary_visibility sid="primary_visibility" type="bool">1</primary_visibility>
            <secondary_visibility sid="secondary_visibility" type="bool">1</secondary_visibility>
          </technique>
        </extra>
      </node>
    </visual_scene>
  </library_visual_scenes>
  <scene>
    <instance_visual_scene url="#MaxScene"/>
  </scene>
</COLLADA>